# English for the MP mod's Russian text (deobf/MP_ENGLISH_SPEC.md): id<TAB>English, id = sha1(trimmed Russian cell)[:10].
000439d6f8	Most likely our world became his home over all the years he lived here. So what do we do now?
000f309aa2	I humbly and obediently accept this reward.
0023ea3ec2	Next is Novice Chestnut. He's no good with a blade, but you'd hardly find a more accurate archer in the whole kingdom.
002617bcc6	Well, then I'll join you too, to help with this difficult task!
002d23499c	Once I was young and green too, just like you. And back in those days, like a fool, I landed in a prison famous all over Varsilia for its harshness. And there the old-timers meet me and offer me a choice: a shiv in the eye, or once up a certain place...
0042686c7b	No! She may know where we are and help us get out of here.
004c941f3e	[BLUE](A young-looking wizard)[] Oh, hi. You're without Neville. I hope he's all right?
0050a691a4	([BLUE]A knight in unusual armour fighting goblins[]) Hit them, buddy!
005160a19d	[BLUE](the man looked at her for a long time, then sighed heavily)[] All right, as you wish, Havis. Send a message to Magister Kaledor. Havis or I would be recognised at once in Istril and reported to Bernadette, so you'll have to collect the cloaks from him. If you have trouble finding him, go to Titus, the captain of the guard; he'll help.
0058a61880	What's the matter?
005cbe368f	Hey, who are you?!
0068ea9cca	What nonsense! How can you kill someone who is already dead?!
0081bf9721	Strange that nobody knows about any temple in those mountains or the sorcerers living there.
008478c0c7	I need a little time. This isn't magicking off a wart!
008cae8c22	Well, all charges against you and your friends will be dropped. You've done excellent work for me...
0090142bd9	I helped Hermes reach the settlement, but he turned out to be an impostor! Captain Bloodsilver still hopes I'll rescue the real Hermes.
0090d9ddfe	I found one of the warrior-priest's surviving comrades; I must help him fight off the attacking undead.
0099feb328	Well, I was warned you'd try to fill my head with your inventions.
009aacd3e8	Thanks, it'll come in handy.
00a0f6f105	Hi, Mika, I'm glad to see you too. How are you?
00a59e52ad	Oh, right! I forgot exactly where I am! So, how can I thank my saviour?
00b4d5137c	Enchant this Bluesteel Shortsword.
00b9c38dd4	Break through!
00bd9bad5c	"This is the lever for the mountain lift, which can take you up or down the heights, but it seems someone has jammed it on purpose, and it doesn't work."
00c469e2fb	An whoo'r you? Don' geddit?! You lookin' fer trouble?!
00ca24cde5	All right, take me to this Astutus.
00f7f15265	Well, excuse me, but today is a day off in hell! Those big guys work around the clock as it is, running through all the worlds answering every call. They need a rest sometime, and I volunteered to fill in!
012a953931	All right, let's do it.
0144e06f40	The best? Are you serious? You just rattle off some nonsense fast while your buddy monotonously beats a drum.
01501510b9	The job isn't very pleasant, and we won't mention it more than necessary, not to each other, and certainly not to outsiders. More than a month ago I made a deal with some lads about deliveries of iron ore. But those lads turned out to be not very good, and because of them I've had some problems with our queen.
016144d0b5	The baron?
016d5b1453	[BLUE](the woman examined the message you handed her)[] Hm, this is meant for Alarion rather than me. [BLUE](she called one of the guards)[]
017663387b	I have a minor mana potion, let's keep it simple.
0185903b6b	"The entrance to the ancient tower Damian told you about."
01956019d3	There was one little detail in that family: my stepfather liked to abuse little boys and girls. Mostly boys. And it went on until one day I found my little brother hanging from a noose in our shed...
01a90593f8	I got the snow flowers; now I need to deliver them to Neville in Freetown.
01b5a8a1f2	If your head is that big, your brain must be huge too, which means you're very clever?
01c0993cc4	All right, we'll set off as soon as you're ready.
01c54aac77	That damned alchemist has vanished somewhere. We need to find him!
01ca02f6ac	I just wasn't ready for a fight then; I thought you'd manage on your own. And anyway, there's no need to bring it up. What is this hero doing here?
01cd48b8f1	Boss, those bitches never meant to talk. They jumped us the moment we showed up! We had to put them all down!
01d807aabb	Yes, thanks for showing me the way!
01d8e22b9a	Dangerous Curiosity
01dac5a909	Right, so we'll have to explore this place to work out how to get out. Um, Evelina, why are you without clothes again?
01e2bfe99c	How much will the reforging cost?
01ec03b9b5	And if the guards arrest you, remember: a step to the left and a step to the right is two steps.
01edfb5c12	I keep getting beaten up badly! Give me more healing potions!
01ef93e630	Right, this holy woman can go for a walk and pick some flowers for now, and you'll prove to me how much of a man you are. And don't worry, there's no disease in the world yet that could survive in my body.
02039b9a9d	Yes, my lady!
02055310bb	Looks like now you're threatening me. Well, you leave me no choice.
0207606d1f	Well, one group has settled in Solliga. It's led by a certain mage, Lexus the Defender. The second group was once in Solliga too, but after the feud between them started, they moved here, to Icemist. Their leader calls himself Magister Astutus. I only deal with Astutus's group, since he strikes people off his trust list for any ties with the other group.
020f0eeffd	[BLUE](The key unlocks the lock without trouble, opening the magic door)[]
0214e1ca05	Coordinates that will let us find and neutralise the leader of the assassins who are hunting you.
021992168c	Let's fight them!
0225d2ea81	[BLUE](Use the magic eggs to activate the spell that destroys the seal)[]
022d4e1aaf	Of course, why not? Maybe I'll find a new partner to hunt with there?
023ab6f117	That's where you guessed wrong about who's going to feed the fish.
0240dd3afe	Maurice agreed to join the crew if I rescue Catherine, a merchant's daughter kidnapped by pirates; Captain Dors can take me there.
02446a7923	Is that all, or is there something else you wanted to share with me?
0252b873e9	All right, then let's not waste time. Let's be on our way.
0253b2a940	All right, we'll take you home, Cat.
0255da4526	I met the dragon Shenron; he wants me to help him get the Dragonlord's Circlet. I must meet his helpers at the tower in Thyr Pass.
025945c8c0	Hm, all right, at least Alarion is a little sincere with one of his people. But still, I'd call Prince Elion, the son of the king's firstborn, the main heir to the throne, though the lad is still young and in poor health. Well, Havis, we agreed to speak plainly, so let's get straight to the point. Does Alarion need my fleet? Considering that Istril's fleet suffered badly during the Heavenly Knights' raids, my ships would be very useful to the prince.
0262f28589	And send a message to Magister Kaledor. Havis or I would be recognised at once in Istril and reported to Bernadette, so you'll have to collect the cloaks from him. If you have trouble finding him, go to Titus, the captain of the guard; he'll help.
0268493ce1	An interesting specimen. I'll pay you 135 coins for it. Got any more?
02716fda82	[BLUE](A broken cart lies by the road. Next to it stand Dominic the coachman, whom you know, and another man. At their feet lies someone's motionless body)[] These bastards killed Jes, I won't let this go!
028010401d	Yes, I decided to join you and help in case serious trouble came up here. Well, who's your employer? Talk, if you want to live.
0298ab094e	It looks like he's in serious trouble! But I'm afraid the threat of the witch queen is far worse; we have to deal with her first.
02a09fc64f	Hm, maybe so. [BLUE](The girl lowers her leg and looks at you intently)[] It was frightening, but exciting too, when those wild men ripped and tore the clothes off me and pawed my body everywhere with their big hands. [BLUE](Evelina's hand slides down between her thighs)[] And there I was, naked and defenceless, surrounded by a crowd of furious savages who wanted me...
02a3e6166d	Count me out. I have no wish to sail who knows where, and if anyone objects, I'll fry them with lightning!
02aa20f201	[BLUE](From the third, big box you take out a beautifully decorated shield with a note: keep being a hero and saving the world, I'm always ready to help you!)[]
02b095837f	I need to know where to start looking. Roughly where was your courier attacked?
02b5263f8f	Yes, it is. Though the relic has returned to us, that's small comfort next to the loss of all those brave and righteous people in that cursed burial mound. Thank you for the hard labours you had to endure helping us. Accept this ring from me as a reward.
02c9632bee	I have a mana potion, let's keep it simple.
02d96d6c41	Naturally, only find me the right tools, because I don't have any with me.
02f14b6086	Let's not drag this out.
02f65e5121	And what makes you think I'll reveal his name to you?
0300ec062b	And can you come up with anything better?
030279f90a	I hope we're lucky and find the entrance to this temple of knowledge!
0321963381	Right, we'll head there. But first we need to find some clothes for Evelina. [BLUE](searching the village houses, you found someone's cloak and handed it to the girl, who deigned to get up from her bed)[]
03313a4203	What a gorgeous lake! I wouldn't mind a naked swim in it. Those holy men won't peek at me, will they?
033669acf7	Thank you, I'll keep your advice in mind. See you, Magister.
03491793a4	Now life will be easier for the people of the settlement, rid of this problem!..
034c6fbc31	That's all great, but I can't sing or play any instrument.
0358ab5423	But anyway, if any of them start trouble, Mighty Rock's presence will cool their ardour and any thoughts of violence.
0364763561	No problem, the old man won't wriggle out of it, I know him well. And don't worry about my safety; sailor Bo and I are great friends, so I'll get to the city by water without any trouble.
0373f8813d	[BLUE](The strange creature turns into a pillar of snow, which the wind at once scatters through the forest. Without delay, before anyone else shows up, you cut down the fir)[]
03897bb17f	Hey, Gwen, are you home?
03a9788089	Yes. Who is my target, and where will I find him?
03d5759429	Can I receive a blessing?
03d5c1ce29	[BLUE](the door is open)[]
03e15847ee	I got a dragon heart; I need to give it to Magister Mundric.
0405b07b7d	So, any progress?
041054b213	"The entrance to an ancient, dilapidated fortress."
041a1999ac	[BLUE](The spell destroys the seal, but it also frees the spirit of the seal's creator, who flies into a rage at what you have done)[]
041c9e712f	Thank you. I'm still pondering ways to improve our knights' armour, and I've heard rumours of underground creatures with strong chitin shells living in abandoned mines. Could you bring three such shells?
04305e05fb	Well, I wasn't hiding. I thought you were dead, but that doesn't matter, because I can beat the crap out of you a second time!
043664671c	The poet I must eliminate is called Dustin White; I can find him on the outskirts of New Garand at night.
0441288693	[BLUE](You peer in that direction, but out of the corner of your eye you notice movement to your right, and you manage to jump aside)[]
0443669034	([BLUE]A young man in magical attire[]) Hello, glad to see you in our city, but I have no time to talk right now.
044622b179	Oh, you naughty thing, run quickly before my husband turns up with the guards and has your head cut off!
044f9d96bc	[BLUE](A very strange-looking dog with green fur)[] So, did you sort things out with the bridge?
044fcd0b40	Unfortunately, outsiders are forbidden to visit the king's castle.
045888516f	Come on! Look how cute she is, not dangerous at all!
045c4e115e	That's where you're wrong. He doesn't give a damn about seeing your face again or hearing your whining. He wants his money back, so we're here and we won't leave until you hand over everything you owe Umrak, down to the last coin.
046845daf7	I must meet Alarion at night at the old royal castle in the north of the Royal Forest.
046a915103	Great, I have that armour with me: Ashen Leggings.
046e65204d	Think they'll be more lenient with a girl?
0473f19cbe	[BLUE](Taste the mushrooms)[]
0473f50d03	Wait, I spent a lot of effort and time finding this armour, and now it's mine!
04775c0e02	Well, you asked for it, bitch! [BLUE](The bandit has a small club with metal studs)[]
047e79a59b	Insert the card the Oracle gave you.
047f2dd294	But she wanted you to join her music troupe.
04862b6171	I'll find something suitable and come back.
04951aee5f	I must thank you too for saving me from the monster. I'd hardly have reacted in time, it jumped out at me so fast! I thought its claws were already sinking into my flesh! Once again I'm convinced adventures like this aren't for me!
04958721e9	Exactly. You're the ones who should clear off nicely.
049cd7c306	[BLUE](A respectable-looking man who doesn't much resemble a bandit)[] Kiara is the boss here, but most money matters are handled by me.
04a253810f	You know, since you helped me, maybe you're ready to help once more? You won't be sorry, with personal gratitude and more!
04b5bff8cf	I don't know. Perhaps she wants to use his life to blackmail the governor of Sol-Laqueul, or me. She doesn't need extra unrest, but thanks to you her plan fell through, and the prisoner can serve to neutralise things.
04c3f668f1	So that Makbul of the Seventh House will trust me, I need to collect an agreed item for him from a man named Omar.
04d05bf00b	And what happened? Why are you here alone, serving the Lady?
04d8137170	You'll become material for the undead yourself, or you'll give me your stone!
04d87b6205	There are some tunnels here. They'll lead us somewhere. Maybe even to the Temple of Knowledge we're looking for.
04dad05e5b	Not much. They feed on blood and live on Mount Storme.
04ddd15851	Oh, at last someone besides me who hasn't turned into a monster! Want to know what happened here? It all started a few days ago. Our kingdom was waging a long war with its neighbours and losing, and to turn things around, some of the nobles decided to perform an ancient ritual in the temple to summon a messiah.
04ddf75554	He is in the great hall, but a magic field blocks the way there. I've studied it, and as I understand it, it's sustained by totems, most likely three of them. If we find and destroy these totems, the protective field will weaken, and I'll be able to remove it.
04e352ecb4	I must meet the Archon and the pirates west of the Dragon's Nest at the river mouth, but try to avoid taking part in the attack on the governor's son.
04eb41592e	Well, first of all, at least about the fact that I have nothing to do with necromancy. I'm an ordinary mage who learned what no one outside a narrow circle was supposed to know, and now they want to shut me up and, along the way, make me the scapegoat for the outrage going on in the sewers.
05049a153a	Shut up, idiot! 3000 coins and you can clear off.
05156ee153	Go around it.
05163fd4fc	The unknown knight received his family sword and left the villagers in peace.
0540e484c7	I was attacked by a wizard hired by the same unknown person again; I need to find someone who can really help solve this problem.
0543f37b60	This will take a couple of hours!
054641de64	What is this settlement?
0547f023bc	[BLUE](You peer in that direction, but out of the corner of your eye you notice movement to your right. You don't react in time and take a blow to the head)[]
0553f2e214	Can you bless this Terrifying Sword?
0559de7b7d	Excellent! The teacher has gone to the old tower in the Southern Bluemist River, and he warned me that if you showed up we should go to him. So let's be off!
0566495f01	I've come to talk about the hunter Mironn.
056a2a9dd0	The go-between said the blackmailer is in Solliga; we need to go there and find him.
057bc8e560	You interfered in my organisation's affairs, and I had to answer your insolent stunt.
05838d1e46	Here are the fox tails you asked for.
0588097f2b	Yes, understood.
05ae520396	All right, I'll bring you something tasty.
05af97f81d	Hey, actually I wash every day! There are wonderful hot springs in a cave under the castle here!
05c3cbe13c	All right, I won't bother you any more.
05c64aef80	A One-Way Road
05cadc0d49	You have to be the best at everything. A woman carries a child for 9 months. I carry one out in a single punch.
05d40344ea	But you came back to us anyway! All right, let's not linger, come on.
05db3fe4ad	In the Sagar Forest I met a forester who offered to share his mushrooms with me, and I agreed.
05e27160e5	If you're ready, we're off to the showdown.
05e336cb13	[BLUE](A scruffy-looking bandit roughly harassing a girl)[] Well, done running, bitch? Now hand over the money!
05ec33acaf	[BLUE](A second young lad, looking just as sugary)[] Oh, come on, they won't go anywhere in New Anthur. They'll wait for us as long as it takes.
05fe992f58	Uh, Kiara, that wasn't serious! We were just kids back then, making up all kinds of nonsense!
05ffc3ee40	Bless this Silver Longsword.
060f595123	Hey, calm down. You have no proof the Lady's people were involved in this attempt, do you? Am I right? Just guesses based on the existing feud? Before our relations are ruined for good, this incident needs investigating, and the negotiations continued at the same time. To start with, I propose a personal meeting between the Lady and your boss on neutral ground.
0626043ac3	Fine, walk however you like. Actually, I came here looking for Bridge's friends.
0632d70d04	This sword will be even deadlier than it already was!
06367d9313	And what are you going to do about it?
0638a67558	What a meeting. Didn't expect to see me again? Well, I'm not that easy to kill!
064435a9ec	Actually, I don't need it anymore. I talked to Jumbo, and we decided our... friendship matters more than some stupid bets. Anyway, we don't care who has the bigger one. Happiness isn't in your dick, right?
064a19c693	Gigi brought me to the leader of the sorcerers' faction, Magister Astutus; I need to get him to help solve Vince's problem, but I'll have to pay him 50 thousand coins.
065eb171fc	Don't hit me! I'll serve you, just give me a little {LEVELx10} for grub.
0660b8034c	No, we have enough problems here without some zombies.
0668c03559	Nothing, let's move on.
066b2a5055	Good, a strong guard must be organised there in case the Varannari attack again. See to it. I'll go to Nivarian and report our victory. If you need more people, I'll send you reinforcements.
066d7b1f0e	What do you take us for, suckers?! Let you go so you vanish for good?! We'll settle everything right here!
06702bd287	All right, see you, Magister.
06769acefc	Damn it, we've been set up! We have to get out of here before anyone else sees us here!
0688963d58	But at least we'll die free of chains!
06898afdfb	That's excellent news! At last one problem fewer. And as for my hero's reward, I offer you a choice: 5 thousand coins, or the ancestral blade from my grandmother's side of the family.
068d01ec4d	You asked for it, goat!
069b447c59	All right, let's go.
06a6eddff5	[BLUE](following the Archon through a door you hadn't noticed before, you entered the next room, which held a spacious open cage with a dozen scruffy-looking men in it)[] Before you get down to work, so to speak, the princess wants to be sure of your fighting skills, or rather, your ability to kill.
06aedb2e76	[BLUE](A warlike-looking priest)[] Hello, wanderer. I'm still gathering a team for the holy mission.
06b46088ce	Um, Eirenda, you wanted to share some important information that will help us get rid of the evil dwelling on Mount Storme?
06c8aab1bd	Well, they're definitely bigger than I remember from last time... So, what about these sorcerers?
06cdfe5ff7	You can go home now, buddy. Thanks for the help, and goodbye.
06e1416dc4	I won't let you, teacher, simply risk the lives of so many beings. It's not their fault they ended up in a foreign world!
06e3196234	Disorder is bad. Perhaps I'll leave you alone for a while, if you serve the kingdom well.
06e5fb0e0d	[BLUE](It seems the Chief Philosopher and his gang have caused a riot in town!)[]
06ed6bf989	Damned green-skins, you've teamed up to do your shameful deeds together and harm people?!
06ee5c4f85	An unknown creature attacked me; I must deal with it.
06f180266f	Huh? That place is full of your kin, and they won't be happy to see you!
0713bb098f	I found the lost boy; I need to return to the Keeper from the lake.
07243834ca	I found out it's a mercenary named Durant who worked for the Friguld governor. He has put together his own gang, and he's working in alliance with some wicked sorceress and another gang led by Jack "the Torero".
072716428c	How terrible! The village head must be told, but we probably shouldn't cancel the holiday, so as not to upset the boy. I talked to him, and he promised to be more careful with the clothes I give him, so we'll decorate the fir together.
0738de0cbc	Bandits have kidnapped several girls who work for the mistress; the kidnappers' lair is near Kingsbridge, and I must free them.
073c39a830	Nail and his gang walked into Praetor Anwar's ambush, and I need to survive somehow!
073c403c8d	[BLUE](Use the third variant)[]
074542c7ce	When they call me that, I feel like an old woman! What little rotters all these kids are!
0748685172	What? That's as easy as anything. But how you can walk on the ground, that I don't understand?!
075c998c65	Well, actually my target is Balthazar, but since a connection between you two was recently discovered, I decided to keep an eye on you too and then make contact. But first I wanted to assess your abilities and strength personally; you didn't end up in such a very dangerous place for nothing.
0764782126	Buddy, some jerk is hiding over there spying on us! Hey, we can see you, idiot!
076ef419b5	All right, let's figure out what's going on here. I'll go to my stash and try to take one of the attackers alive and question him about who hired them.
077b96d3a7	No, I'm not interested.
077d0a5504	Well, if you have [BLUE]8000 coins[], we can come to an arrangement.
078333791d	Great! And Alice will help you again!
078fede80c	A wizard from Istril asked me to help him find unique Myrosian armour; I agreed. First I need to collect the fragments of a magic map; for that I must find and explore ancient ruins in the wild places of the Kingdom of Sorrow.
0798275fba	The magister told us of a conspiracy in the Guild, and Sansa has become one of the conspirators' targets; we need to question one of the suspects, named Grateroll, in Icemist.
079884cd48	What stupid selfishness?! This legendary armour must become public property! And you'll get a worthy reward in return!
079c01be23	Hm, your girl is right! I've also seen heaps of different treasures in my life, and next to them this thing looks pretty lousy. Though to be sure it's genuine, we should go to someone I know. He's a very ancient goblin who loves studying all these dragon legends. He'll surely understand it better than we do.
07b4a6ac0f	Buddy, we only have one more artifact to find, then we'll get our treasure and be unbelievably rich! I'll go back to Freetown for now, maybe I'll be lucky and learn something about the last artifact. We'll meet there later!
07b62b4d6c	[BLUE](A young-looking sorceress)[] Let's not get distracted by talk.
07be3b52e5	The lady whose bedroom you accidentally stumbled into while saving her from an intruder; you also agreed to help her with a personal matter. I hope you haven't changed your mind. The lady is ready to meet you, and I can take you to her, but only you, alone.
07bf60ab01	But this is the Temple of Knowledge. I hoped to find some powerful magical artifact here!
07ca238310	All right, Layla and I will check all the costumes and instruments once more and get them ready for transport.
07cac3edd0	You should've started with that! Let me go to Umrak right now and sort out this unpleasant situation with him!
07cc391706	What exactly?
07d94ff496	These freaks will regret coming here!
07dede0e08	All right, let's borrow your father's knife.
07eb875f7f	[BLUE](at last it seems to have returned to a normal state)[] Thank you for the activation. Part of my data has been lost, but according to my analysis, at least 100 years have passed since the previous start-up.
07f488f055	Oh, don't call me that!
0809dd1677	Go inside.
08148128f1	I want to thank you too, miss! I found this thing in those ruins and I want to give it to you!
0815d1f713	I spent my childhood in a village like this, although I remember little of those distant days; I was taken to Icemist at a young age as a student of magic.
081e894260	Oh, don't worry! We don't interest orcs in that way! I managed to study them a little before I ended up here. They belong to a completely different species, different from us not only in appearance but mentally too. We humans are not sexually attractive to orcs, just as, to make a slightly crude comparison, dogs are not attractive to people in that way. There may be exceptions, of course, but they must be rare.
081f0082cd	What needs to be done?
08218f3c90	And who are these two groups?
082492951e	Without a doubt, sooner or later punishment will catch up with them, and I will be one of the many who defeat this evil!
082a9e9557	And what do you know about this daredevil himself? Maybe we could find him and hear about his journey from him in person.
082f0fdcaa	Not now, thanks. I'd better go.
0836086725	I have a Whitetower Special!
083e6c653b	Thank you, friend, for helping me deal with these creatures! I'm Peter of Rigordion, and I came here with my comrades on a holy mission that we are now not destined to fulfil.
0845e6f00e	The prick came to me through a go-between, but I managed to get him talking. It's some wizard, Draytroll or Greytpoll or something like that.
08488a26ab	Great joke! But seriously, Kiara, what do you say to my friend's offer?
0860a0a1a1	Reforge this war pick.
0864c29ea0	I'm ready to join your team to rid the people of this terrible threat.
08654d612d	Of course, and now let's get out of here.
0866a63558	Enchant this Elm Wand.
086e8f0568	Where? Somewhere around here, and there are three of them in all, got it?
08720c9cb5	Kalagru.
0884b7d307	You're quite the joker, I see.
088870e18d	Well done! Soldiers, search the bodies of these scoundrels and find the stolen goods they tried to carry off. Thank you for your help, traveller. Go back to town. I've ordered my deputy to give you the promised reward.
0890487758	Alarion is a prince, the son of King Kalion the First, exiled to this backwater a couple of years ago for his foolish antics. What's more, since his elder brother and elder sister died of a blood disease, the king's second son was killed during the first Sky Knight invasion, and their children are still too young, Alarion is the chief heir to the throne. As for his plan, you'll find out later; maybe he'll tell you everything himself.
08955fef23	You'll go to the nearest sewer yourself right now, but you won't need a protective suit, since you'll be dead, unless you give me your stone!
08ab51741c	I'm looking for Bridge's friends. Can you tell me where they might be?
08ac2a0f5c	[BLUE](A muffled clang echoes through the dungeon, and you see a metal bridge lower over the chasm. Soon all falls silent again)[]
08b223f6a7	This is my pride! Assembling this device cost me incredible effort, and now, thanks to the substrate you collected and the artifact you returned to me, it will work! [BLUE](After the wizard's incomprehensible manipulations, a strange metal arch begins to glow and hum)[] Yes! At last, after countless years, my wonderful plan is coming true, and the great goal of saving our world will be achieved!
08cfe3446e	I won the fight; now I need to talk to the arena master about freeing Katasakh.
08d4754625	"The door to the sorceress's tower is open."
08d485283d	[BLUE](you notice a blind beggar, the same swindler, Adaon's acquaintance, you've met before)[] Have mercy, spare something for a poor blind man! I'm hungry and wretched... You again! Please go away, don't scare off the locals!
08dda78b79	Excellent, support will certainly not hurt.
08f309f988	Sure, why not.
08fa6f0e31	[BLUE](at these words, the still bodies of the townsfolk lying on the cobbles began to move. The dead rose, and an animal growl that boded you no good burst from their throats)[]
0907643f76	In short, my lady collects all kinds of rare flowers, and she's heard of some snow flowers that grow only in the Thyr Ridges, somewhere far to the north on the coast. And I decided to give them to her. There was a rumour a local herbalist had some, but that turned out not to be true, and on top of it the guards caught me.
090b0dd91f	[BLUE](A nondescript house, outside and in. You find yourself surrounded by nasty-looking men. One of them, his face hidden by a hood, keeping apart from the others, speaks to you)[] Greetings, friend, and welcome to our lair. I'm Rickman, and I'm in charge here.
090feacc7f	Enchant this Silver Mace.
0919a8ad93	And what other dangers will await me in this tower?
0939263da6	Bernadette is our king's youngest daughter. She heads the secret service. Officially they don't exist, so they can commit all sorts of cruelties and bear no responsibility.
094276369b	I still can't work out where you are. I don't see you in front of me.
0948a84e0e	Hi, I have to go.
095649e5db	A talking green dog offered to show me the way, but I refused.
095c09b231	The forester I ate mushrooms with has been kidnapped by little green men; I must rescue him and get out of the place I've ended up in.
095cb7e6ba	Hey, I don't care what happened between you! We agreed on a peaceful meeting. And I'll feel safer in your castle with this hero around.
096508b8a1	Hello, sweetie. Do you need my potions, or have you brought me something to sell?
096865cc2a	Great, I have that armour with me: Leggings Heavenly Knights.
096bd4982a	Oh no! Cursed bandits! Don't come near me! I'm a priest, the Three protect me!
096eccbb1d	Bless this Bluesteel Greatsword.
097060df59	[BLUE](Ignore)[]
097cdd72de	Let's go back to New Garand, where we can celebrate this victory.
0980d484a1	[BLUE](With difficulty, the dead man begins to utter some numbers and letters)[] Do you have a sheet of paper? We need to write these coordinates down!
098e9f7c1e	Stop fooling around and denying it. I can see some of the stolen things right over there! [BLUE](You point at a big heap of all sorts of things, among which you spot the fir tree Jeanne and Kai decorated)[]
0994fcc48b	Guards!!!
099e468996	I must talk to Neville's lady about performing the ritual to lift the moon curse from her.
09aeff5e1b	Right, we steal from thieves and give the loot to the poor, yes?
09b278ed8f	I propose a duel. We'll fight on equal terms, one on one. What do you say?
09b4ebaeb8	[BLUE](Evelina turns out to be very demanding, and you have enough stamina to satisfy her completely. Though it seemed she would never have enough, your efforts clearly exceed all the girl's expectations)[]
09b609e6da	[BLUE](While the mage and his apprentice argue, paying you no attention, activate the artifact Zeref gave you)[]
09b88c8171	Good, I'll pay you 100 coins for it. Got any more?
09c349e747	No need to thank me. You hardly learned anything useful from my story. I would be glad to help with your problem, but I know no way to solve it, and I have not heard of one from the other shamans of my people.
09cc7061e9	The Curse has taken control of High Priest Killian and all his men, so I'll have to fight him!
09d1cdeadd	[BLUE](Having calmed down, the man speaks again)[] I knew Alarion was a fool, of course, but I didn't suppose he was this stupid! He intends to overthrow his father peacefully? What nonsense is in his head?! And for that he needs my vote in the Council!? So I, the governor of once-rebellious Sol-Laqueul, should show up at the royal castle and speak out against the king there? They'll chop my head off at once. Or can the prince guarantee my safety? I rather doubt it. He's in disgrace and forbidden to be in Istril.
09d7b89048	What a nosy busybody you are! You've managed to meet my sister and cross paths with my foolish little brother. But I'm not going to waste words on you; you're a dead man anyway.
09da65067d	Ah, my brave hero, you saved a defenceless lady! How can I thank you?
09dd2ae588	Don't throw false accusations at me, or you'll pay dearly if it happens again! I have no use for your boss's death, for now. Besides, I still don't know where your main lair is. My street girls managed to follow the kidnappers all the way to their hideout. So, your task, my heroic friend, is to free the captives.
09e1f918a0	Work? Yes, there's something, though I wouldn't call it work. It's more of a holy mission. A terrible demon bear has appeared in our forests, exterminating every living creature without distinction. Now even the most seasoned hunters are afraid to go deep into the thicket, and I fear the creature will soon start leaving the forest and attacking the settlements. So the high priest decided to gather a team of the strongest warriors to put the monster down, and I volunteered to lead this mission.
09f2c9b5d8	The northern kingdom? No problem, I'll just have to dress warmer.
09f6b3947a	Well, uh, I didn't think it mattered. That's not why you took me into the crew.
09fa7634d7	I'll drown you in a barrel of beer right now and take your stone!
0a03aacf1b	Hey, calm down, no need to get heated, let's discuss everything peacefully!.. [BLUE](But it seems nobody is listening to you anymore)[]
0a0ad0cfa8	[BLUE](A warlike-looking priest)[] Did you find out anything about the demon bear's lair?
0a19468cfa	In that case I think I'll pass.
0a309a8d39	Why did you run?
0a32ca574b	I'll protect you from these villains, my love!
0a3f898904	The Chief Philosopher and his gang have started riots in Freetown; I must find Dominic and talk to him.
0a4b315efc	I'm not that worthy, so I'll go somewhere else.
0a4f5e6b9a	I need to bring the missing villager to the village by Dawn Lake.
0a535f4996	Don't worry about who I am. It'll be over quickly, so there's no point cluttering your head with useless information in the last moments of your life.
0a59d73a9d	In a dungeon near Freeport I found a magic crystal on a mage's body; I need to find someone who knows what this crystal is.
0a5d441312	[BLUE](leave the dead man in peace)[]
0a7207a45f	Calm down, girl. Too many years have passed and everyone has forgotten we exist, so his ignorance is understandable. My whole line and I swore to take revenge on the usurper, to destroy him and all his heirs. And now one of them has come to us asking for help?
0a78697cd5	"The gate leading out of the Lady's refuge, but it won't let you through. You need to talk to the Lady first."
0a98baddc3	Do nothing.
0aa7584075	[BLUE](some strange machine; unlike the others you have met before, this one looks more or less undamaged, and most likely isn't working for lack of the necessary energy)[]
0aaa4afab6	Sorry, we have only one law: don't steal from your own. You broke it, and there's only one possible outcome here [BLUE](He and his companions draw their knives)[].
0aaf4cfccd	[BLUE](the library begins to fill with hostile people appearing out of nowhere; the angriest one is clearly their leader) Few have managed to get into my library, let alone try to escape having stolen something. Prepare to taste my wrath and meet your end!
0ab88e00ad	[BLUE](Nothing happens)[]
0acd15c0c9	Then follow me to the makeshift arena.
0ad98cafe7	Good. We'll lie low here for now and meet tonight at the entrance to this tavern.
0adc1fe0d6	Lie down and rest.
0ae16422cf	Hi, good to see you. At least here I hope it'll be quiet and we can talk in peace, and I can finally thank you for all the help you've given me.
0b0bf3a349	[BLUE](Drink)[] That went down well!
0b0fbb0db0	Violetta? I heard she's organising some championship. I'll send word to a friend of mine so she can take you there.
0b154e31d2	[BLUE](A short, fair-haired girl, immodestly dressed)[] Hey, leave me alone!
0b34a7d79a	It's a long story, you'd hardly find it interesting. Can you help us?
0b85b0a99d	I'm free! Ready to serve you again if we meet again.
0b88de5282	It's a holy rune; it strengthens the spirit and might of worthy worshippers. To own such a relic is a great honour.
0b89a93dcf	[BLUE](Put everything back and leave)[]
0b9013cb51	I met a swindler who knows Adaon; he said I can find Adaon in a hidden spot near the temple.
0b9d2e6508	The Bridge won't let me across to the other bank; perhaps someone can tell me how to change its mind.
0ba0354124	From one of the hunters I learned that the boy was supposedly seen on the other side of the eastern river, which means, I fear, he has gone to the ruins of the ancient city I told him about. I meant to go and look for him myself, but my strength isn't what it was in my youth, so I'm asking you for this favour.
0ba1d02918	All right. I know a magister who is close enough to the queen. I'll send him a message to meet me in New Garand and hand over this freak to him. Let him deal with him and his conspiracy.
0ba550b63c	A Truthful Lie
0ba92d0dfe	Laters! Wait up, train, don't rattle your wheels...
0bae6c0cbf	Johnny? What the hell happened?
0bb17c1f9c	To hell with him!
0bc381fbc9	Fine, think as long as you like. Actually, I came here looking for Bridge's friends.
0bc7d332f7	What an unusual weapon! To lay the charms effectively I'll need other ingredients, namely seven human skulls and one demonic one. And because the work is difficult it'll cost more: [BLUE](400 coins)[].
0bcad3ea71	Of course! But there's one catch. For our groups to work more closely together, you have to be dead too, so my crew and I will have to kill you! Sorry for the inconvenience!
0bd5d80363	Next time.
0bddb74f25	Which weapons can you bless?
0befa50b47	So you're the poet Dustin the White?
0bf35e84c2	Well, clearly we won't be able to get back out this way. Let's hope we find another exit here, or can open that tower door from the inside!
0bf3b64688	Hey, and who are you?
0c00a8f241	All right, you know where to find me if you need me.
0c0a9a0910	It's almost like the old imperial fairy tales, when the hero defeats the monster to save the princess, and she wants to thank him. Only usually it's young, pure and innocent maidens, not a two-hundred-year-old, dissolute and dirty woman...
0c1473d0f6	[BLUE](A swarthy man in a hooded tunic)[] Hello. I hope you'll bring the merchant's daughter back in one piece.
0c149beac1	I found the Dragonlord's Circlet; now I need to give it to the dragon Shenron.
0c177bd019	Searching for the thief, I accidentally ended up in a local lady's home; despite what happened, I must continue the chase.
0c1d69511f	Thanks, but I don't need anything.
0c241e4c9d	If your happiness isn't in money, give it to me.
0c344b0472	What do you need, traveller?
0c37675d45	Great, I have that armour with me: Shining Armor.
0c3f591776	Hi, Layla, I'm more or less fine. And how are things with you here? I heard you'd set up your own workshop in town, and Mika and I could really use your help.
0c52e629e7	Either way, I'm not going to hang around here all day! [BLUE](Suddenly you notice groups of suspicious types on both sides of the bridge)[] Damn it, it's an ambush!
0c564793e1	I want the wolf.
0c5fe6704f	Captain Ribbonhair asked me to get rid of the necromancers by killing their leader; I promised to think about it.
0c6b8bcc8a	This sword will be even mightier than it already was!
0c6e82038f	Well, yes...
0c781f7ad1	I need to talk to the necromancer Gwen.
0c7aa0c657	Duane "the Mountain" told Dominic that the maniac is the Chief Philosopher and he can be found in Freetown; I agreed to help Dominic deal with him. I must meet him in Freetown.
0c8b18830f	True, so you'll have to go to the meeting with the Archon and the pirates, but try somehow to stay out of the attack on Dariel.
0c8b804788	And just in time for one of their gatherings. We must slip onto the island unseen and eliminate them all, but Princess Bernadette ordered that the governor's son be taken alive. She also thought such crude interference could cause serious unrest in Sol-Laqueul, and she doesn't need extra trouble, so I've made a deal with some pirates; we'll pin all the blame for what happens on them.
0c90558f30	I persuaded Alice to join the musical troupe; now I need to return to Mikaela.
0c9536802e	Good, I'll pay you 40 coins for it. Need anything else?
0ca4bf275b	Witches and evil spirits have attacked the Sanctuary of Irossia!
0ca66c8aa8	I am a famous hero who, by the will of fate, was on the trail of a villain; it led me into the castle's secret passages, where I caught up with him in a tunnel leading straight to this room! No doubt the scoundrel meant to get in here and harm you, but fortunately I managed to neutralise him in time! And while the guards drag the villain off to the dungeon, I decided to check whether you're all right.
0cadb9cd73	Hey, you've put on weight, shorty, while I was away!
0cb9b4ffef	[BLUE](This dead man seems friendly)[] I've been serving time on this tub for more than a hundred years! Savvy?!
0cbf7d7e55	Maybe another time.
0cc278d0ac	You know, it seems to me you're almost disappointed with how it actually went, compared with what you expected.
0cc831b32e	I want you to follow me again.
0cc919bd61	Nail told me the address where they hid the stolen goods; I need to pass it on to Praetor Anwar.
0cd7c543bc	[BLUE](The holiday fir tree Kai and Jeanne decorated)[]
0cdcf3a8ff	Thanks for making such an effort, but I'm not interested.
0ce453736f	And I'll go to the dens you don't know about and find everything out without any noise, unlike you, who might scare off our target.
0cf59fabed	But it so happened that I immediately ran into a whole crowd of lunatics and wasn't stealthy or quick enough to slip away. In short, they caught me, took my equipment and tore off all my clothes. [BLUE](The girl shifts her legs)[] I'll honestly admit I was prepared for the worst, but it was only groping, although deciding afterwards to roast me on a fire is an even more horrible outcome.
0cf9c1dd18	[BLUE]Leave the chest alone[]
0cfe2110bd	Hey, who's that?! Is that you, Gizmo? I told you not to come here anymore dragging all kinds of junk with you! And who else have you brought here?!
0d07aaabd3	Excellent, then he can answer the questions I'm interested in! Well, bastard, you wanted to ruin my reputation and make me a criminal, but it didn't work? What did I do to annoy you so much that you set all this up? If I hear something sensible from you, I'll try to help you not die here.
0d0d772829	I hope you're not one of those creatures that disguise themselves as people?
0d136e1689	See you in New Garand.
0d1fb035c7	Shut up! Our new friend can deliver the package to the dragon more safely!
0d20ec7ee9	Yes, you've said so more than once, I remember. Speaking of heirs. [BLUE](the woman signalled one of the soldiers, and he went out through one of the doors)[] Do you remember that girl Lyra from the outskirts of Istril?
0d27b3a4ac	Searching the table, you find a note with the password for the tower entrance.
0d49a2878e	[BLUE](The hunter you know)[] Hello, friend. This isn't such a bad little place. The main thing is I'll try not to get into new trouble.
0d4bdadb51	Hello, Grateroll. I have a very important matter to discuss with you!
0d50ba4387	My brave brothers and I came here on a holy mission, to defeat the evil lurking here, an ancient curse. But it turned out more powerful than I thought: the dark forces took hold of one of my comrades and slaughtered the rest. I fought to the end but was defeated... I'm beyond help, but perhaps some of my brothers survived. Find them and save them from this cursed place. Here, take my weapon, I have no need of it now...
0d5a33491e	[BLUE](Looking round, you see a huge, vile monster climb out of the water, roaring and scattering some kind of larvae all over the deck. Spotting a dead wretch, the monster swallows him whole, but that clearly isn't enough for it. The monster wants more, and fresher, meat!)[]
0d6b53ba52	Oh, don't worry so much, I was just joking! I understood what you meant.
0d6f7a98d1	I'll be sure to do that.
0d74977ac4	No, I've changed my mind.
0d782d145c	Yes, I've found a way to lift this curse from your lady.
0d78cdef61	We need to get another 15 bear pelts for Agnius's and my venture.
0d8c89090d	[BLUE](A young sorceress who stands out for her large bust)[] So, what have you decided, pay the sorcerers or get a dragon heart?
0d8f59ee35	[BLUE](A frail-looking young man)[] Take all your questions to the boss!
0d97c62ce3	Hi. Grim times have come for hunters. The woods are full of undead, and there's almost no game left.
0da030986c	Great house you've bought yourself, boss!
0da1a5f628	All right, I'll pass your words on to him, Dariel. But since Bernadette has been here, I advise you not to blab about your plans to just anyone.
0da8a01683	Excellent. Meanwhile my apprentice and I will set up our laboratory at the top of this tower.
0da9e9d994	I must meet the sorceress Ellery in Icemist to get a device that will let me find Mikaela's stalker.
0db1190fee	[BLUE](The man smiles)[] Depends what beast. We pay shiny impiri gold for strong beast pelts. You have?
0db3babcbe	The bastard got what he deserved! Thanks for helping deal with him and his gang. Let's move somewhere calmer. Around Lannegar will do. We'll talk it all over there!
0db7507c11	Oh, there's no need to do that, Captain Titus! All these years you've done your duties excellently. My being captured by the orcs was a mishap that was my own fault and no one else's. If you leave, they'll send some idiot to replace you who got the post through connections at the castle, and nothing good will come of it!
0dbfddae95	No! You clearly want to deceive me and take the Dragon Lord's Crown for yourself, like that thief-mage from the tower did! That will never happen!
0dca1651d6	Perhaps it all has to be repeated. [BLUE](You do everything written in the hermit wizard's instructions, but at the very end a problem arises: the last formula of the spell has four variants, and it doesn't say which one is correct)[]
0dcc9e9e0a	I value your help and must thank you properly... Something's wrong here...
0dd1e1f2d3	Why are you so rude to newcomers? I've come in peace and wish you no harm. Maybe I can even help with some of your problems!
0dd5a3d706	All right. Here's the money.
0de47e23f3	Of course, anything.
0dedb5e052	Eggs are great, but I don't know how to cook them!
0e0ddd24f3	[BLUE](a young man waves to you in greeting)[] Greetings, traveller! If you're tired from the road and want to rest, welcome to my older brother's tavern!
0e1bcc73c6	Yes, I had the Storme family sword somewhere.
0e2024c6a7	Well, thank you for the story, Magister, I won't take up any more of your time. See you.
0e252295d7	Oh no! So he still won't leave me alone?
0e25739a04	I didn't expect you'd manage to get the book. I hoped you'd just draw attention to yourself while I teleported to the library with my guards and took the prize. Well, now hand over the book. Sorry, but I'm not going to share the reward with drifters. Hand it over willingly, or I'll teleport my mercenaries here to take my book by force.
0e2d245d4c	Yes, let's go be heroes together!
0e2d7e5895	[BLUE](At last the real bear is dead. Without lingering, before anyone else shows up, you cut off the beast's head as a trophy)[]
0e2da3d334	Turn around and go back, you've no business here!
0e3a3f5ecb	Great! Let's go talk to her. Only you'll pretend to be a great wizard, all right?
0e3e646755	Obviously something went wrong for them?
0e463fa278	All right, I'll do everything I can.
0e47e04b49	Do you know how I could get out of the city?
0e5ddc88ec	Can you enchant this Terrifying Sword?
0e614aeb8a	Ha! All these little things are dust. Time will devour them and they'll vanish without a trace. What's the point in owning emptiness? But taking a child's wonder, stealing that innocent, incorruptible delight in life's little joys, trampling all those wonderful and beautiful feelings and leaving nothing behind but gloom and despair, that's another matter! I delight in devouring other people's happiness!
0e6c10c7fa	Hello, Duck Tail. Could you tell me about wild magic?
0e7624ef11	[BLUE](a girl who looks like a sorceress, but is dressed in light leather armour and armed with a long enchanted sword)[] Don't worry, unlike some people, I know how to lay any undead to rest for good.
0e78d5b128	Yes, and what happened on the island? Vince died and you vanished somewhere?
0e7d06fef9	Our king united the kingdom; thanks to him it lives and prospers, and those sacrifices are a fitting tribute to his labours, giving him the strength to keep carrying the kingdom on his shoulders. As his son and heir, you should understand that better than anyone.
0e83d3f959	It lives in the layer between worlds and rarely leaves its lair. It's usually drawn by strong emotions of joy and wonder. It rarely harms people, physically at least, but spoiling everyone's good mood is its speciality. I'll help you get into its lair and bring back what was stolen, if you do one thing I ask.
0e985542b4	Enchant this war pick.
0ea73974d9	Then we're off.
0eaf0a95e4	Great! I'll stay here and keep an eye on my old man. We'll meet at night behind his house.
0eb87df054	Also, a royal mage who was working on this problem went missing in that area. Our scouts couldn't find her; maybe you'll be luckier, if, I hope, she's still alive.
0ebd6f68b0	[BLUE](A stone monolith with a picture of the sun is glowing)[]
0ecfeda10f	No problem. Hand over 800 coins, and that type won't hear from us again.
0ed2e8dabe	Those will be the last tales you ever read, because I'll kill you right now and take your stone!
0ed3285b89	I represent a secret group of mages; you can call me Zeref, but you don't need to know the details. What matters much more is Balthazar and what he intends to do. I've been watching him for a long time. In his old age the poor man has gone a bit soft in the head, and now he sees all this nonsense about unknown horrors threatening to destroy the world. The problem is that he hasn't completely lost his mind, and all his great magical experience and power are still with him, so he's a serious danger to many people.
0ee1cd7116	The royal rangers know those forests well. They'll surely know. Their camp is in Dreamsnow Valley.
0eec776ebe	[BLUE](An experienced-looking warrior in enchanted armour looks at you with curiosity and caution)[] Glad to finally meet someone here who isn't going to jump at me right away to kill me! Only a brave hero would come to a place like this willingly! Arcane Knight Damian at your service!
0ef8b7ff78	Hey, can you use your magic?
0f0defb7cd	Try not to miss if you start falling, beanpole!
0f15de5311	What are you going to do?
0f1e6298a9	One handout from fate was more than enough for him.
0f26a7e6fb	[BLUE]("...the defences are ready! Now not a single lizard-like creature can get anywhere near my tower. All that remains is the matter of these mountain savages. They don't want to serve me, but living with them in peace isn't working either...")[]
0f27531193	[BLUE](It seems this is the only one of the boss's cutthroats who managed to survive)[]
0f30e25c0e	[BLUE]The gate stays unshakeable despite your efforts. Only the strong in spirit can get inside (you need to be at least level 24)[]
0f3c508a6c	Rumour has it that beyond the lake of the abandoned fort stands the fortress of these same Heavenly Knights. Lately some mage has been hanging around here who's also interested in this fortress. Perhaps he knows its exact location. If you're ready to take on this job, I'm ready to pay [BLUE]1000 coins[] for it.
0f442acec3	I wanted to enchant this Terrifying Shortsword.
0f5dfc4958	And when I want to listen to clever people, I just start talking.
0f66411988	Our spy is Anika Jennet. You know her yourself. The last time I saw her was in Nivarian, where she was pretending to be one of their nuns, clearly working on someone's orders. Maybe she's still there. The illusionist mage will be harder. His name is Maurice, and he's moved from where he used to live to Friguld.
0f73646d48	Enchant this thing. [BLUE](Show her the Oak Cudgel)[]
0f7a49921b	Hello, my partner! Business is going great!
0f7b912512	She's gone off to New Garand with all the girls for a rehearsal. I'll gather a few things and head there too. Will you come with me?
0f84773847	[BLUE](A red-haired girl who isn't in the mood for talking)[] If nothing worthwhile comes of our troupe, I'm sure Mika will think up another amusement to drag us all into.
0f94bf9052	Now have you had enough?
0f9d08fad1	Then I'll get changed now and we'll be off.
0fa4bb208e	[BLUE](The green creature seems to burst, turning into a nauseatingly foul cloud. Now nothing stops you taking back the stolen fir tree and presents)[]
0fb880f9a4	Yes, friend?
0fd31d3a8b	"You need to talk to the boss first."
0fdae48aa3	Damn it, our dim-witted tart didn't say anything about this thing!
0fdc3bc7ff	Nothing interesting really, only one of them, the one who left, was called by the name Archon.
0ff329eb5a	You won't believe it, but I had a double! They killed him instead of me by mistake, and those unknown types are still hunting me, so I can't stay here long!
0ff64844ad	[BLUE](It seems Anita and the mage are already here, and Brother Amos is with them)[]
1003e355e9	I was really hoping you'd agree! He's a very good man. Good luck getting him out of trouble.
101531bd97	[BLUE](A legionnaire who isn't much in the mood for talking)[] If you have important questions, go to Praetor Anwar. He's only here during the day. If not, get lost.
1019a93636	[BLUE](The picture of the ape's face goes dark)[]
101e621642	I'm already tired of playing this game, do something about it!
102bf5f9c6	Bless this hammer.
102d6efeea	And what do you need a hero for?
10333eadd9	I see.
103f865f35	Of course I know about that monster. Every harsh season, with the first hard frosts, it comes to our forests, and nobody is safe once the monster is out hunting. In my younger years three other hunters and I ran into that bear. It was so huge it bit poor Rody in two and swallowed half his body whole. Though we ran a couple of dozen paces, the monster caught up with us in one leap and killed another of my comrades. In desperation Lognal and I jumped into the icy river, and that's how we escaped. It turned out the monster is afraid of water for some reason.
10419797ed	Hi, you're Alice, right? I'm here from Layla. You wanted to attend Violetta's championship? I can help you with that!
1048002bfd	Don't bother, I'll lay out our situation for him myself.
104931c99f	You lie to me, and then you accuse me of lying?!
105da79f8e	Of course, pour it!
1060d2d73f	I must meet the Archon and the pirates west of the Dragon's Nest at the river mouth.
10635e24ed	Yes, I managed to get the Dragon Lord's Crown, only there's one problem.
107520b94b	My work on this armour will cost you 220 coins, and I'll also need a white wolf pelt.
107dfd7295	[BLUE](the illusory creature gradually grew paler and soon vanished; only blinking lights showed that this strange machine was still working)[]
1083bb6b81	Well, I'm sure our strength together, my friend, is enough to defeat this evil. And yet something is troubling you, my friend. You can trust me. Whatever you did, I won't judge you, and I'll try to understand.
1085959540	I'm not in the mood to talk to strangers right now.
1094abd55f	Eh? [BLUE](the girl glanced at her body)[] I've heard that those who enter an illusory world decide for themselves how they look here, or else it's how its creator wants them to look.
109a5795ae	The Magister? So you work for him? You're one of the Forsaken?!
109c4124fd	So what exactly is your business here?
10b5a8a495	Here's the minotaur horn you asked for.
10c52cf9e7	An Arcane Knight isn't that easy to kill! Though we're not enemies now, it seems, I still hope to get my revenge someday. Clearly you're not in the city for nothing?
10c68bb971	Stay in the tower.
10ca117ca7	Read it.
10cd75ce8b	Have you discussed everything? Let's go, our allies are already waiting for us in the castle!
10d173e6d4	Thanks, but I have no armour on me worth lining.
10d342395d	Well, you're right, helpers won't hurt. I've got enough problems right now, and I don't care about Adaon, for now. In recent years a lot of new faces have turned up in town and the competition has grown, but I'm still afloat, because one of the big enterprises is in my hands.
10d6cb199a	Wow, has Mika come up with something again and already dragged you into it? I'd be glad to help, but my workshop turned out not to be profitable, and I still had to pay taxes, plus land rent, materials, workers' wages. I had to fire everyone and sell everything. On top of that I borrowed a large sum from local businessmen who turned out to be bandits, and now I have to go back to my old trade to pay off the debt.
10e2246108	Can you enchant this thing? [BLUE](Show her the Oak Cudgel)[]
10e34c7695	Understood.
10e4f38bc9	Yes, these are the ones! Just what I need! Thanks, here's your reward.
10eb387c20	Yes, but don't worry, this time we definitely finished that villain off!
10ef8adda7	Two seals destroyed. Half the way done.
10f585769f	I'll see to it that the Church of the Three provides a priest for the castle to watch over the seal, though I'm ready to stay in the castle and do it myself, if the new owners don't mind my presence!
10f86167e0	Is there any work for a hero in your city?
11018eb2d0	Strange beast-men have recently appeared in our lands. I suspect they came from the snowy land of the impiri sorcerers. They are unnatural creatures that go against the order of life. They usually roam at night near Mount Orogg. I could gather hunters and deal with them myself, but the moon is now in a bad phase for hunting. So help me find and destroy them, and I will grant your request.
1109b2ad79	We'll fight evil again, comrade.
110e2b04e6	Havis and I were attacked by brigands; I must deal with them.
11127ef5c5	So, the bastards got what they deserved, and those who survived will know it's better not to make us angry. And you, our new friend, accept this reward for your loyalty and the work you've done for us.
11198a84d1	A dragon attacked me!
1120025e53	Fine, think whatever you like. Actually, I came here looking for Bridge's friends.
1120c17690	I killed all the beastmen; I need to tell Duck Tail.
11233b42ca	Yes, I'll pass your words on to him, Your Highness.
112a0e27cf	We need to find the werewolf settlement. It's somewhere by the Lake of Tears.
113203a690	You could call it that.
11347b131e	What? Of course not! Why would I tell anyone something like that?!
1134e840bb	You've done a very important deed. I'll tell the high priest, so he rewards you properly!
1150dfd4d4	[BLUE](A misshapen creature that was once human)[] Go away. You have no business here.
1157c44dbb	Come back when the job is done.
1158674ed9	I wonder how deep it is? Think we should go down there? What if this is one of the burrows we're looking for?
115a965aae	([BLUE]Help the knight[])
116fcde3d3	"A stone with some runes carved on it."
117487fc42	All right, I understand you.
11815c51fe	[BLUE](in a whisper, while the wizard studies the seal)[] Keep a close eye on him so he doesn't get hurt. If he gets killed, I doubt I'll find another fool willing to walk into an undead lair to activate this thing.
1189efe74b	Thank you for the information.
118fdbdb53	Oh, hi. You must be looking for Mika?
11a00e7b0a	Ha, so you're more brave treasure-seekers! Well, since you're interested, why shouldn't I tell you? Besides, I know little about that mysterious place myself, so it won't take long...
11a43aff79	All right, what needs doing?
11a6f9b4f3	Actually, we ran into him first, so it's up to us to decide what to do with him.
11b466ef39	Me too.
11b4ab41c3	I told Lexus about the trap prepared for him and, at his request, led him and his squad there.
11b510400f	[BLUE](You pull off your armour and zealously set about proving to the woman how much of a man you are. Adaon, without delay, decides to join you. Her moans echo across the whole swamp for a long time)[]
11b582af71	([BLUE]the stranger was clearly surprised to have been discovered[]) What?! How did you spot me?
11bbe9f034	No problem, my friend and I will easily deal with your boyfriend!
11c1fa7919	I'll try to think of something.
11c590df22	Five very powerful magical artifacts. It won't be easy to find anything suitable.
11cac5cb75	And I'd be glad not to see you for just as long again.
11ce6a9872	Payment by Merit
11d025db36	Or we can get rid of our main competitors, so it's easier to win fame competing with less popular groups.
11d131fb0b	What do you mean?
11d75f06c8	I came to terms with the fishermen and dealt with the captain who betrayed Kiara; now I need to tell her.
11e5f1f5cc	Here are the pelts you asked for.
11f6c4c3ba	[BLUE](The wild woman yields to you)[] Well, you turned out to be strong, since you managed to beat me. I'm ready to serve you.
1210b0b148	Fine, let's go and visit your necromancer.
121df9fc18	Well, they talked about some job of theirs falling through, and that after the tavern they were going to head to the river pier. Which one and why, I've no idea. They didn't discuss that.
1226cc92c7	And how will some ruins help me?
1232cb7643	Not far from the Zamohr pass I met a group of runaway slaves; perhaps I should help them or report them to the Mercians.
123422d89e	I adore these mountains, but I'd still rather admire them from somewhere warm and cosy.
123c69294d	Yes, take us to her.
1242dad34b	Hi, good to see you. I want to thank you for your help. We finished off the bastards, and now my beloved and my friend can rest in peace.
12487f18b3	It's so hot here! I'd gladly strip down to my underwear, but then all these crawling and flying creatures would eat me alive.
124a4da9a8	Some strange stone. Quite possibly magical.
124e1f9ed2	More?
125487ae69	[BLUE](the large man in heavy dark armour you met earlier in the cellar stepped forward)[] Surrender, prince. We dare not touch you, but that privilege does not extend to your companions.
125b0040b3	In the pass of the Thyr Ridges. My helper and his friend will be waiting for you there. I've warned them you're coming. Well, good luck, hero!
127510e029	No need for thanks. I did what anyone in my place should have done if someone nearby was in trouble.
1275a8777d	A wolf.
1277d2d5a6	[BLUE](A rather provocatively dressed girl)[] Leave me alone, Johnny! What damn money do you want?!
127cb5d3a3	[BLUE](A relatively safe place where you can sleep and recover your strength)[]
12837b3794	I stopped Balthazar from activating his device, which could have destroyed many lives.
129b3aed9d	You want me to trek to that place a second time because of your sudden whims?! I'll kill you right now and take your stone!
129c573eef	[BLUE](Despite their friendliness, the bones you notice scattered everywhere keep you on guard)[]
129ca8770d	Greetings, impiri.
12a4670858	I'll be sure to check myself that you don't short-change my hero!
12a5d6ff42	I must deal with Mikaela's stalker.
12a72fe885	Dominic suggested meeting him in Lamis so he can thank me for my help.
12ab7f85fd	And Priestess Anabel, the most skilled and fierce warrior I've ever met. I admit even I sometimes get cold feet sparring with her in training.
12adf50d97	All right. When you come back, you can find me right here.
12b190d56e	So now you've taken to robbing the Ironstone family?
12bb5354b8	Great, I have that armour with me: Elite Myrosian Leggings.
12d43ffa51	Great, I have that armour with me: Berserker Armor.
12d9a6818e	Roughly 800 years ago the descendants of the colonists set up laboratories here for research and development. Their main goal was to rebuild the ship, but their venture was doomed: although they still preserved the knowledge and skill of their ancestors, the lack of the resources of the world they came from made their task impossible.
12e27e5315	Never mind that. You robbed a little boy, and I've come to take back what you took!
12e388d9e0	[BLUE](A half-naked girl surrounded by five young men)[] What's this?! How did this freak get in here?!
12ea6422f8	In Trouble Again
12f50b9f38	Yes, Your Highness, I was pleased with the reward.
12f78e5691	We have undead trouble too! Let's deal with ours first, then with yours!
12f8969e29	All right, I'll find this poet and get his poems.
12fe339c31	Kingsbridge.
1313100123	Those bastards made me do all kinds of bad stuff! If they weren't dead, my daddy would punish them all harshly!
131ee184c9	Well, I suppose it would make a funny joke: how the young royal mage was literally scared out of her wits.
132106adf0	[BLUE](a girl who looks like a sorceress, but is dressed in light leather armour and armed with a long enchanted sword)[] Considering how badly you stink, it wasn't much trouble. I see you have new friends now?
132fb27657	The northern kingdom? There'll surely be plenty of work there. I'm in!
133a7e21b0	I don't care for perversions like that! Looks like none of you wants to play with me! And Alaric will clearly be displeased that we let strangers wander around here!
13402d7572	Let's take a look at it first. I can't work with junk.
13492b854b	I found the key; now I need to free the sorceress Evelina.
1350777a45	Yes, of course that's all great, but don't overdo the inventiveness so much. All right, let's be on our way.
1357240fd5	You're the dog! Is this really the first time you've seen a talking dog with green fur?
13588a3737	Well, we have a music troupe, though for now we're beginner musicians and get no profit from it, and I doubt we'll ever manage to earn anything.
13611cf436	Why does she need him alive?
1363990c22	Great, we're heading back to the mistress's refuge too.
13672390fa	I helped solve Vince's problem, though he no longer needs it.
13697cca51	Enchant this Minotaur Axe.
13a77a7161	You don't pay us nearly enough to put up with this undead crap too! We're out of here!
13b097cc8b	I must escort Havis to Sol-Laqueul.
13b3061f72	Don't touch them.
13ceb3cbc0	From the surviving imperial chronicles we know these creatures are called orcs and minotaurs. But it is unknown how they got into our kingdom; the scouts have found no sea crossings. Perhaps the captain on the outskirts of Istril could use any help in solving this problem.
13e6fb6a0c	Meaning what? I'm standing right in front of your nose, I'll flick it in a second! What are you doing here?
13f08a1e08	Only the green-skins aren't so easy to meet, going into their forests is suicide, and I doubt they'll share their secrets however hard we try to win their trust!
13f2fb3a58	I'm just passing through on business, and I want to drop in on someone unannounced. How are you, Hugh? What are you up to these days?
13fcefc9f1	I'm listening, my hero.
14062b07b0	Bless this longsword.
14146bf06e	Good, only Vince never came back from Friguld. Maybe something happened to him. Go there and check. The alchemist he went to see may be able to tell you something.
14155ed3e9	I'll be in Icemist if you need my help.
14188fdd40	What?! Ah, you damned traitor!
141b8894ee	Woof, woof. Woof-woof-woof. Woof-woof, {LEVELx20} woof-woof.
1433765633	And why were you spying on me?
1440cfa069	"The lever of a mountain lift you can use to go up or down the heights, but the cold has jammed it."
144838154a	Actually, we're looking for a friend of ours here. He badly needed a potion that could enlarge his dick. Perhaps he came to you for that quite recently.
144a4eed47	Ah, there you are, hero. Let me explain the plan and we'll get to work. We've found out that those rebel idiots from Sol-Laqueul hold meetings on an island not far from Desert Cape.
145130eede	I told Praetor Anwar about the runaway slaves.
1456a789a0	more.
1467489899	I found 9 fiery cores; now I need to return to the demon to charge the crystal.
146a54be9c	Dominic suggested meeting him near Kingsbridge so he can thank me for my help.
146cfbea33	All right, I won't keep you from fighting.
146df53233	I eliminated four orc scouts, one more to go.
147625f66c	Calm down, big guy. It seems we're in the same boat now, or don't you think so? It's all for the good of the kingdom, so let's each mind our own business and not get in each other's way.
1478b67be8	Hit it.
147ca3d051	Men have more endurance than women. A woman lies down for a bit and can't stand it, she goes off to do something. But a man just keeps lying there and endures.
147ddd6d60	Hey, I just need to enchant this thing, that's all.
14808cbd79	Magister Mundric agreed to give me the key stone from the Temple of Knowledge if I bring him giant mead.
14866275e8	All right, then we'll go to that cemetery first and free your magic powers.
14888cd182	I know someone who'd want this cognac a lot more.
148bfefca9	Bless this mace.
149cbe643f	I got the Rusthatchet family diadem needed to destroy the containment seals.
14a1a6ce3a	No, I'll still need you here. Send one of your errand boys, and you, Bugs, make sure everything there is in order.
14a245c987	Maybe, but we need to discuss it with all the members of the troupe. We could also take on Mighty Rock as our bodyguard.
14abe3f34b	[BLUE](suddenly a bright flash lights up the library!)
14c4120ca1	Not now, thanks. Maybe in the future.
14da3336cd	Unlike the road to Lamis, your road to the grave will be much shorter, and you won't need your stone. I'll take it!
14da7756dc	It will be done, Your Highness.
14ddbf07cb	Good work. As promised, info in exchange: we found out that this Bubba's lair is on one of the pirate islands.
14ec13581a	Me? My hubby was the governor's nephew, and his buddy held some post at his side. In short, I had to drop everything and run. For the brutal double murder of influential gentlemen, as you understand, a harsh punishment would have awaited me. Ever since, I can't stand queers, especially the ones who think they're above others.
14eef926aa	Thanks for the information.
14f2f62d12	Don't strain your throat, your guards can't come here any more.
14f3edc6c4	Oh-ho, how big it is. You're not compensating for anything with it, by any chance?
14ff27c852	You spend a couple of hours on the books and scrolls, studying the basics of working in the workshop. Getting into the creation process, you find that the scrolls with detailed instructions for each individual item are missing.
151139a529	Not through this door. The spells holding it are too strong. It needs a password nobody knows. But behind the tower, in the rocks, I noticed some gap leading into caves. Maybe we can get inside the tower through them. I have no other ideas.
152a592a87	Woof?
152b346992	Yeah? I wonder how much you pay witnesses like that!
153482e0f1	[BLUE](A short, pretty girl with unusually coloured hair, glad to see you)[] Alice will surely be difficult, but I'm sure you can talk her round!
15386e1f82	Go up.
154768bb83	I suspect they'd have finished you instead, since he hardly needed loose ends. But that doesn't matter. What do you think, friends?
1547f427ab	Enchant this Orc Axe.
156d2a7d16	It was once. The Temple of Knowledge. Now it's just a refuge for all sorts of evil things. But you must have seen for yourself what this place has become.
157bdca26e	I collected enough substrate; now I need to find out what Balthazar is planning.
15b1dc7e1f	Not now, I have no free time.
15baace829	Hm, Hugh is like a brother to me, and family is the most important thing. How can I help?
15bba5b685	Um, Mika, what's this thing on the end? Am I supposed to stick it up my butt so the tail stays on?
15cc5aec1e	It seems we won't be able to deal with him peacefully.
15d83b34a1	All right, all right, we won't stay here, since we're causing you so much trouble.
15db218823	Yes, tell me more about it.
15e74d981b	Hi, I'm the doorkeeper of the "Lilac Blackberry"! Did you want to see Mika?
15f44591ff	Step onto the tile.
1604622fa7	I don't care, death to the Forsaken!
161d905440	You know, I'd be glad to work with Hugh again, but I promised a local merchant to rescue his little daughter from the pirates' clutches, and until I do it they won't let me leave town.
162505c973	The Three protect us and grant us strength!
1628ef8a4b	The governor is going to an awful lot of trouble to shut up some ordinary mage. So what is this terrible secret that gave him reason to hunt you?
162a12c59c	The dragon Shenron sent me here to the tower. I'm supposed to meet his helpers.
1647e86f8b	What do you need me to do?
1651be6c38	Hi, you haven't by any chance seen Princess Evelina Lightwind?
1653cefd22	Of course, look and choose.
1655062a16	Take me and my people to the place where Astutus set the trap for me.
165c37a879	I must deal with the second vampiress.
16821c078b	And anyway, Umrak doesn't actually care about the money. He wants to make an example, so anyone dealing with him won't dare to cheat, and it just so happens his choice fell on you!
168234a2cf	"Ancient magical energy envelops you from all sides, then seems to pull you into a deep corridor, and suddenly it all dissipates."
1682582556	Clear off, idiot, while you still can, before we bury you in the sand or make you another of our slaves!
1684ae12da	I want you to wait for me here.
168d2b85f1	All right, I get you. We agreed to meet at his house in Solliga after I pick up here what was agreed in the message.
1695df5e49	What needs doing?
1696ec6e66	We've been attacked again!
1697b4baf4	I helped Kai organise the celebration.
169ae240e5	Greetings, hero. I received Alarion's message; he warned me you would come to the meeting. Here are his cloaks, [BLUE](the wizard discreetly handed you a bundle)[] I would have made more if not for the rush. Whatever he's planning, they will serve him well.
16a331a60a	[BLUE](your acquaintance, an experienced-looking warrior mage)[] Good to see you again. Do you need my help as a spellsword?
16b4558ae8	Somehow I ended up on the walls of Castle Storme; I need to find a way down.
16b4bc0760	An unknown creature stole the celebration tree and the presents; perhaps the sorceress who lives in the north-east of the Wyvern Mountains can help find the thief.
16c2e49f4e	Sorry, friend, for deceiving you, but I had no other idea for escaping that dungeon.
16cfb5746a	Yes, but he needs help. He's courting a rich lady and has learned she's under a moon curse. He promised to lift it. Maybe you know what this curse is and can help?
16d496b18a	[BLUE](Before the guards draw their weapons, hit the first one hard on the head, then the second)[]
16d5a072d9	[BLUE]("...the damned puzzle mechanism has broken again, and its spare parts are on the lower level, in the ruined section I ordered closed. And what am I supposed to do now?!.")[]
16d7d609c1	It concerns my husband. Although he gives me little time, I still love him, but lately he has often got involved in risky ventures, and if this goes on, I fear our family will be ruined!
16ddd71fb1	The undead invasions have stopped. It seems you managed your task!
16e2ad87cf	[BLUE](A nasty-looking pirate staring at you in surprise)[] Sea devil! How did these devils find out about our lair, and how did they even get here?!
16ebf21249	She'll slowly roast you with her lightning and won't stop until she finds out what she wants, or until you die.
16f58f4b62	And why don't you find and kill this bear yourself?
16f80e53cd	The loudmouth-in-chief is down; the rest of the freaks will run off on their own. Thanks, everyone, for helping to clear up this misunderstanding! As for your troupe with Mika, I'll help you. First I'll put things in order here, then I'll ask around among people I know about organising performances, and I'll come to the refuge to discuss everything with Mika.
170379cc2d	Great, I have that armour with me: Frankie's Carapace.
1703bbc983	I found one fiery core, 8 more to go.
1719853462	But she'll immediately suspect I was the one who revealed her plan to you, and staying close to her after that would be deadly dangerous.
1719e29ea5	[BLUE](Imperceptibly and quickly put a collar of submission on her)[]
1724f9629a	Can you bless this greatsword, Bloodsucker?
17304bfd64	Vince, actually, we were the ones looking for you! We went all the way to that damn island, and you weren't there, somehow you ended up here!
174bbb3da3	I dealt with the mad wizard; now I need to talk to Magister Kaledor.
175b1ccacf	Oh, Princess Bernadette. After she received the post of Keeper of the Kingdom, many dark and wicked rumours began to circulate about her, and partly there is some truth in them. Her story begins after the death of King Kalion's first wife. For a long time he did not intend to remarry, but one of his close advisers talked him round.
1762bcd92b	I managed to get them.
176c630335	I freed Fögas from the crimes of the cursed abbot!
176e04c0f8	He needs an illusionist mage for a profitable job, and his choice fell on you.
177874ef06	The job's done. Is our deal complete?
17824f9537	Right, Grateroll! That type paid me and promised to add more on top when I finished his little job.
17836252fb	Time this world got a little shake-up! For a small reward, {LEVELx500}, I'll help you turn all your enemies to ash.
1798c83abd	I need to return to Brother Gabriel to report what happened in the village near Mount Storme and in the castle.
17a1013170	Hi, I'm from Threebag. Are you one of his people who were supposed to take my friends to the pirate island?
17a4dd5728	All right, we'll find the leader of those freaks and take back your artifact.
17cb11b6f3	Can you enchant this Terrifying Hammer?
17e0ce200b	[BLUE](A very strange-looking dog with green fur)[] Hey, you! Looks like you're lost? Maybe I can tell you the way, huh? I know these parts as well as my own tail.
17f9e5a4bc	I promised to help you. Well, [BLUE](the woman goes to the table and picks up an amulet)[] with this you can get into the spirit of envy's lair and back again. Just go to the place where the creature was seen and activate my artifact.
17fafd35c2	Well, you've helped me. Do me one more favour, and I won't leave you without a worthy reward. There's an important matter, and it concerns the safety of the people in the nearby villages.
17fb4bae3e	An unknown knight and his squad have tracked me down; I must stop them before they harm the villagers!
18069c918f	Here are the outskirts of Istril; at last those wild lands are behind us.
180cbbf4db	But they're connected to the Seventh House, to serious people.
180f576629	I don't want to rot in hard labour again!
1819ba2ab0	All right, I'm ready for that, anything to get rid of this stalker! And what are you planning with this detective?
182149e416	My work on this armour will cost you 230 coins, and I'll also need a white wolf pelt.
1835e57ffe	There are rumours that werewolves have settled somewhere by the Lake of Tears and are making life impossible for ordinary villagers, and if that's true, the monsters must be punished.
184256307e	[BLUE](Drink)[] Excellent moonshine!
185bb4b986	Just don't get under my feet. That bastard Philosopher is mine.
1869020d96	Well, what can you do, they got offended just because I sold their supplies to the giants. But choosing between angry goblins and an angry dragon, I'll still take dealing with my kin.
186a2f8e84	I managed to reconcile Rickman's gang and the Lady's gang!
1875917143	[BLUE](A strange pit that seems to have no bottom. Evil elves jump into it and vanish, while other evil elves somehow jump out of it. Perhaps this pit can get you out of this place)[]
1876817687	I have a weapon like that for reforging.
1876fa30f4	I know a detective mage who helped me a great deal; I'm sure he can help deal with your blackmailer too.
1877d7db6a	Here's the ape meat you asked for.
188e75fa64	You'll have to try harder to beat me, because I won't leave you alone until I prove I'm better than you at everything, or die trying.
18afc1d895	That doesn't matter now. You'll find out from him later! Or maybe not... Answer the question!
18cfb74b4e	I'm not going to get involved in your bandit squabbles!
18d24c26e3	Lexus has started a showdown with Astutus; I need to wait and see how it ends.
18f0004755	Perhaps it can be opened with the key found on Captain Greedy's corpse.
190309d7f7	These are only suspicions, but there is a group of wizards who secretly tried to open something like a passage to other worlds. It doesn't matter why they tried or how successfully. What matters is that the integrity of space was broken, and various outsiders began slipping into our world through the rifts that formed. It was only a theory, but in the bodies of the outsiders I studied I found traces of foreign energy, a kind of substrate distinct from ours. But I could never obtain it, since all the creatures that fell into my hands were weak. This specimen, though, is on a whole other level!
1906db0830	[BLUE](Not far from the ruins you climbed out of, a squad of legionnaires led by Praetor Anwar is waiting)[] Surrender, scoundrels! Drop your weapons or you will be destroyed!
190b0fa06c	Nothing good will come of that, not for them, not for us. While there's still a chance, this problem must be solved peacefully. And I've already managed to arrange negotiations with them. Vince and his lads have already gone to the meeting, and you, Johnny, together with our new friend, will follow them to back up our people in case something doesn't go to plan.
192329750b	Unfortunately I had to sell everything, but I still have a hurdy-gurdy, and I'll be glad to join your troupe as a musician! I'll run to my little house, get the instrument and a few things, and we'll meet at the lady's refuge!
19304ef87d	I must escort Havis to Sol-Laqueul, but first I must visit her hideout in the north-east of Kalion's Ridge.
19340a922e	I managed to activate the bridge leading to the inaccessible part of the Temple of Knowledge; now I must explore it.
1934b0e088	I'm not going inside. What if these ruins fall on my head!
19354bfa8b	[BLUE](a very pretty young girl who looks a little nervous)[] Well, how did it go? Well, I hope?
19356a4ead	I sense I'd have to wander all over your kingdom, so I'll pass.
1936bc14ad	Thanks for the help. You can go back to your forest.
195bbf5297	[BLUE](A noble middle-aged woman)[] You're back, dear? Oh, and I see you didn't come alone.
195fdc94f0	Hugh sent us.
1982697743	Hm, not an easy task, like looking for a needle in a haystack. Although this castle founder could help us after all.
1984d0c2db	The monster Hermes turned into had to be killed so the villagers wouldn't be hurt.
19960a39d0	Wait a moment! You said you hunt those who use black magic, so how come you're friends with some necromancer?!
199973d1f2	Try to touch her and you'll deal with me! And my friend...
199daf330d	Place the glowing stone you found into the obelisk.
19b3c5a07d	Who needs those backwoods?! Think many people care what happens there, or even know that place exists?!
19b70575c9	I got monkey meat; I need to give it to Magister Mundric.
19baf708fe	You mean those nasty shapeshifters? No, of course not, I'm an ordinary person... well, ordinary to some degree.
19bb9375e1	The guy I saved from the bandits is called Neville; he suggested I join him in a search for treasure in the northern Thyr mountains.
19be04ae70	Bless this dagger.
19c4e0f55f	[BLUE](This villager is well equipped for a forest trek)[] I've already told you everything I know about the prince.
19dc40953e	Wait! That's your personal feud with the Magister, it has nothing to do with me! I mind my own business and stay out of his; I have enough on my plate with Balthazar.
19e0f166b3	[BLUE](A bald man with an athletic build)[] Time to go?
19e9a5542f	As you can see, everything's the same with me: I work quietly and earn my coin. And who were you thinking of visiting?
19f080cb38	[BLUE](The man winces and wants to object, but instead asks)[] How did it go with my uncle? Did he agree?
19f729dfb0	All right, and what am I going to do with you now, damned robber?
19fa4aa084	I'll send him a magical message. If he agrees to meet, for old friendship's sake, he'll be waiting for you by the statue.
19fd84389b	[BLUE](looking closer, you suddenly notice a man in a robe who was clearly trying to hide from you!)[]
1a00cc6b26	Thanks, I don't need anything.
1a00e061d7	[BLUE](This man is equipped like a hunter)[] Hello, wanderer. You haven't picked the cosiest place to stop.
1a036a67cf	Bless this Bluesteel Longsword.
1a098d2f38	Maybe you need help?
1a1065dbb7	Stay here.
1a1117374b	We tried, but... High Priest Killian gathered a group of brave men and tried to get deep into the burial mound, but several days have passed and there's been no word from any of them. There are few experienced fighters left here who could go into the burial mound and learn the fate of Killian and his people.
1a209a3023	I destroyed the zombie clergymen; I need to take some proof from them.
1a25fab36b	Yeah, right! He needs to, you see. You're not getting through here, got it?! I'm the only bridge here, and there's nothing you can do about it! Loser, ha-ha-ha!
1a277af89b	Oh, it seems the wound wasn't serious and you're all right, since you're already visiting the tavern.
1a27c893b3	[BLUE](This man is very drunk. Clearly there's no point talking to him)[]
1a2c0b7279	Exactly, they asked for it. The time of reckoning has come.
1a313309c1	What a creepy mountain, and that castle doesn't look very reassuring either.
1a387fc7f8	Well, that can be fixed, but let's skip the chatter, as you like, and start the fight.
1a3aba47cd	I need to follow the source of the noise.
1a3db78302	Perhaps something bad has happened to him.
1a3f241615	[BLUE](following the princess, you crossed the castle courtyard and went inside, then made your way through the corridors to a guarded staircase and went down into some cellar)[]
1a5580fcca	Agnius suggested hiring three hunters to supply us with pelts; now I just need to find someone willing to do it.
1a57d23045	Not the first time they've buried me. But I can't be killed. Last time they tied me up and stuffed me into a burning cart, pushed it off a cliff into a chasm of jagged stalactites and dropped an avalanche of rocks on top, but I got off with a couple of scratches and burns on the little toe of my left foot. But that's all nonsense. And I see everything's still great with you.
1a57d96b71	I very much doubt they'll listen to me, even if I bring them the most convincing proof! No, we'll have to deal with this ourselves! But first I'll fill our hero in.
1a6cc6e7c4	To lay the charms effectively I'll need other ingredients, namely seven human skulls and one demonic one. And because the work is difficult it'll cost more: [BLUE](700 coins)[].
1a6ebaae8f	Thank you for sharing your work. I hope that with it I'll manage to free the person from the curse. We have to go.
1a7304f85d	[BLUE](The young hunter you know)[] Hi, friend. Glad I accepted your offer. Someday I'll manage to become a royal ranger here!
1a8d54973b	Want to see how many people take my side and how many stand up for you? Let's check, though you'll hardly get the chance to find out. I'll wring your neck long before that.
1a9628a653	The monster is slain! Now we must go back to the city and tell everyone the good news!
1a9bdb828d	I need to restore my mana.
1aa71b090b	[BLUE](The picture of the moon flares up, and a loud grinding sweeps across the island, gradually dying away)[]
1ab1ca2288	Thank you. As is well known, the strongest potions can only be made from the ingredients of mighty creatures, a dragon's heart, for example. Could you bring one such heart?
1aba5edb6d	I need warm gloves.
1ac29a427f	Damned white bastards! They despise us, despise our black art, they want to wipe it out, trample it and bury it in oblivion!
1ac623760e	My problem with Magister Windchaser is solved; now I need to talk to Percy.
1ad24c3751	Look at this beauty! I hope you don't have a girlfriend and you're free?
1ae3ecee67	Gigi brought me to the leader of the sorcerers' faction, Magister Astutus; I need to get him to help solve Vince's problem in exchange for a dragon heart.
1ae86be219	Our friend is in trouble and we want to save him, whatever's there.
1af30d6043	I'm glad to hear it. [BLUE](after that the wizard left without saying goodbye)[]
1b0439533a	I took the horse back from the thief; now I need to return it to Dominic.
1b1086ea20	Enchant this longsword.
1b138b36cb	Hm, Bridge's? I need to think... Hm, who could they be, and where. It's definitely not me... Now I need to think some more. Hmm...
1b16a26785	Great, I have that armour with me: Chainmail Leggings.
1b1aaa22e5	I killed the creature that was terrorising the villagers; I need to tell Ryurger.
1b1b5f7778	Let's search for it.
1b2231fae5	I'm ready to check again whether it's so, my young hero! [BLUE](Your companion waits on another islet, leaving you alone. You pull off your armour and zealously set about proving to the woman how much of a man you are. Her moans echo across the whole swamp for a long time)[]
1b290d059a	A thief has broken into my house! I need to catch him before he escapes.
1b2b2ed111	Accept this reward and my gratitude!
1b4056cf49	Look at that: first we were looking for dickweed for Vince, and now we have to find Vince himself!
1b4a63898f	Percy agreed to help us; we must meet the blackmailer's go-between in New Anthur.
1b4e455ac5	[BLUE](study the dead man's diary)[]
1b5493289c	People here rely too much on their gods and not on themselves, so only a handful will ever achieve anything in life.
1b55638856	Thank you. I'm developing a new potion to protect against undead. Could you bring about five deadweeds?
1b5a59baf4	Bridge's? No, I don't know any of them, and I've no idea where to look for them!
1b5f82baf0	Someone unknown is blackmailing Sansa; I suggested asking Percival for help, who must be found in New Garand.
1b61164ec1	"The tower door is covered in a thick layer of ice, but when you touch it, the ice instantly vanishes and the door opens a little."
1b64835618	My companions and I have ended up in an unknown place; perhaps Sylvia can help us get out.
1b65f44533	I need to reach the ruined lighthouse on Desert Cape to cross over to the island.
1b8c5d6639	[BLUE](an absent-minded-looking elderly wizard holding some box)[] Oh, young people, could you help me carry this box to the tavern?
1b8d38538b	[BLUE](on the road you notice a beggar, a dirty ragamuffin; seeing you, he immediately rushed up and started begging for alms, standing so close that his stench choked you and made your eyes water)[] Oh, kind soul, have pity on a poor, unhappy sufferer, spare a couple of coins so I don't die of hunger! [BLUE](he talked non-stop, gesturing wildly and constantly brushing his hands against your clothes and gear, which made it even more unpleasant)[]
1b99e90a51	I'm still busy with that.
1bb613ce16	Hey, let's be careful. Who knows how many of these damned women have barged in here!
1bbd574aef	Learn from my example: be like me, or you'll end up like you.
1bbec8871d	[BLUE](An elderly wizard studying you with interest)[] No doubt these lands still hide many mysteries, and young, inquisitive people like you will be able to find them!
1bcc2418bc	Magister Mundric agreed to give me the key stone from the Temple of Knowledge if I bring him 3 Fire Salts, 3 Living Ice and 3 Sparkling Powder.
1bcfd13d1a	Nothing, let's keep moving.
1bd60c8752	[BLUE](Show the ancient totem you found)[] What do you say about this thing?
1bdcbb97dd	Wow, that's cool! Violetta believed you'd manage, so she's already gone to Lannegar and started preparing for our troupe's first performance! We all need to move there too to help her, and we'll tell her you managed it!
1be855ddd1	Perhaps you're right.
1bfb647c1c	Do try. Not only your reputation depends on what you do, but Makbul's too.
1c02be354d	We have to tell the boss what happened as soon as possible!
1c03f6a434	I'll be waiting for you, my new friend!
1c05ce9f5b	Hi. I won't distract you.
1c08f5d8e5	Since you're so clever and important, deal with this yourself. We're leaving!
1c14286787	And you still don't intend to give up your plan?
1c1d161e01	The Magister's messenger said the lair of Mikaela's stalker has been found in the south of the Sagar Forest.
1c2b84f36b	Of course, but she won't be welcome here in the settlement.
1c2f5cfa8f	Here!
1c351455bc	Honestly, no idea. It feels like I've been here for an eternity, so long that all memories have faded. Though none of that matters now. There's this place and this day. No need to think about more.
1c35f78774	Searching the table, you find the key mentioned.
1c3bcc0f04	Yes, without a doubt, that's where this armour belongs.
1c6a6ec086	I killed the huge monster that lived here. Perhaps the curse is broken.
1c7f8df118	To them we're just animals!
1c9e84f929	My rage, your rage!
1ca2c7a5d4	Yes, but I don't have his keys on me.
1ca6c998f8	The client got his book, and I got my reward.
1ca9ad9159	I don't have the sum you need yet.
1cb124cb57	Of course! [BLUE](the girl smiles)[] But don't underestimate me. My looks aren't my only virtue. What do you think about me helping you get into the royal guard? Then we could see each other all the time.
1cb9b45f71	Enchant this Mystic Bone Mace.
1cba0bc23c	[BLUE](This is an enchanted tombstone. Its protective charms have vanished)[]
1cc80f6c22	Kiara, I'm Adaon's friend. Maybe I can help you with something instead of him?
1cce70726d	These outsiders can be very dangerous!
1cd7cfdbb9	Captain Bloodsilver asked me to free a kidnapped villager named Hermes from the Sky Knights' fortress on the Hidden Plateau; I agreed to help.
1cd979de07	Yes. Instead of a saviour, a horrible creature appeared and turned everyone in the temple into monsters, who began spreading the taint through the whole city. The nobles who hadn't taken part in the ritual shut themselves in the castle and left the townsfolk to their fate. Right now this nightmare is probably happening all over the kingdom.
1cda7f8133	What happened to Evelina?
1cf927d08e	I'll be glad to help you, and we'll get to know these forests better while we're at it!
1d0009c16d	He intends to attack the baron's mansion at night to deal with him.
1d05c00e37	Me too.
1d1b4b8042	I must return to the ancient troll and find the right eggs.
1d1c37fdcc	Do you have proof, or is this just your empty talk?!
1d237d980b	Wow, the castle is huge to search. Can anyone give us a hint where more exactly to look?
1d256df8d8	All right, teleport me! Here's my gold.
1d25aec313	Yes, we have experience with that kind of magic. What exactly does your friend want enlarged?
1d324c05b2	Here's the ursan head you asked for.
1d3452c9f6	I need to meet the necromancer Gwen in the Deadwood.
1d393a64d7	All right, I'll pass your words on to Alarion, Magister. See you.
1d417e561e	[BLUE](The ghost freezes, clearly interested by her words)[] My heirs? What's wrong with them?
1d5244a612	And where can we find it?
1d52e67604	I need to find the key to the magic barrier to get into the Whitetoad vault.
1d53c3a41f	[BLUE](Dominic stands beside a smashed cart, facing a squad of cutthroats led by a hulking shaven-headed man)[] You just made a big mistake.
1d5a0be98c	Thank you. I've been told of creatures called manticores living in the Inori Desert. Their venom is very deadly. Could you bring the stinger of one of them for study?
1d62ca898f	Here are the snow leopard pelts you asked for.
1d69a0bc48	Hm, perhaps the royal rangers. They know those forests well. Their camp is in Dreamsnow Valley.
1d704ef626	Well, I have to do something truly outstanding that no other dragon has managed! And here's what I came up with. Among dragons there are legends about the Dragon Lord's Crown. In the most ancient times countless dragons lived on this land, and they were all ruled by the Dragon Lord, and his crown was the symbol of supreme power! If I become the owner of that thing, I'll be the coolest dragon, and all the she-dragons will be at my feet! So, for a long time there have been rumours that some sorcerer found something resembling this great relic and locked it in his tower. And the other day my helpers managed to find out where that tower might be!
1d755f0f81	I'll try to find something out.
1d7dbb1eb4	Can you enchant this huge hammer, Rock Breaker?
1d982fdd33	Huh?
1d99e83acb	[BLUE](As you approach them, a strange old man wrapped in a cloak, perhaps a wizard, appears as if out of nowhere)[] It seems these ruins and their mysterious writings interest you too?
1d9c39e302	Exactly, Hugh. As for the vault itself, nobody knows anything, although one guard blabbed that there's no guard inside the vault, except for an elderly woman who does the cleaning there. But that type was fired more than a week ago, and it's quite possible things have changed, so this information shouldn't be trusted.
1da6be8dc2	Hm, take it, but be careful with it; old relics like this are often cursed.
1da8cb9ed2	Hm, why not? Actually, it's clearly better than sitting here for another hundred years. Let's be on our way, my new friend!
1dae47d999	I sense you've come with very bad news. However terrible it is, I'm ready to hear it.
1db67caebf	I'll keep helping you all the same.
1dbbbd0f35	You needn't bother with them, I've already found the magic key.
1dc581ade4	I need to return to Rickman to tell him about the solution found for Vince's problem.
1dddce9c24	I've nothing to do with it. It's my deputy running wild with his people. If I deal with him, I'll take the whole gang back under my control and keep order. If you arrest me, the disorder will only get worse.
1dddeefa80	"The door is securely locked."
1ddeae608e	Now that I have my staff, nobody can beat me so easily, and I'll help you fight!
1de438d320	And was the first test successful?
1dedf8e02d	Very well, then I'll teleport us all to Istril.
1df52881dc	Vile, ill-mannered savages!
1e040020a2	Don't come near me! Guards! Guards, help! [BLUE](the lady rushes screaming out of the room; perhaps you should get out of here too)[]
1e11affd94	([BLUE]A knight in unusual armour[]) I'll stay here for now, protecting the settlers from goblin attacks.
1e259d6564	I ended up here by accident.
1e2e244e94	Incredible! I could never have imagined how magnificent it really is! [BLUE](The wizard eagerly examines the armour you brought)[] I have an agreement with the Magic Council. I supply various ancient artifacts to their museum at the royal castle. It's the best place for this armour, so every townsperson can admire its beauty!
1e36fcb40b	A holiday? Ah yes, lately he's suddenly started talking a lot about some holiday, though I didn't understand what it's about. How exactly can I help you?
1e3c67e3f5	Hey, calm down! Thanks for the help, of course, but we'll manage on our own somehow! And who are you, actually, and what are you doing here in this forgotten place?
1e3f256b1d	Stop that thief!
1e3f9a6034	Let's go.
1e407e67c9	Don't worry, Mika, my friend is still looking for him. We'll definitely find this scoundrel and deal with him.
1e4df11d49	I dealt with the attackers; now I need to discuss what's going on with Adaon.
1e64cedc63	[BLUE](These are barrels of liquor the giants didn't manage to destroy)[]
1e92b9849c	Come closer, sweetie, I don't bite! I'm Gunnhild the potion-maker. Are you interested in potions?
1ea628d9bb	Hey, I thought we'd give this thing to the dragon ourselves!
1eb25d9f3f	Enchant this Executioner's Axe.
1ebb7f0373	I hope you enjoyed our show. [BLUE](the princess said to you)[] It was you who exposed this traitor, so I considered your presence important.
1ec4f4fe9b	Whoever he was, he must be stopped before he harms the people!
1ecca02d17	Then let's go, before anyone sees us.
1edad9d13e	If there were zombies here, the bear-men or the wolves would surely have eaten them.
1eecd8e426	Hi. Good luck achieving that goal!
1eee8adcb5	I must help Astutus deal with Lexus.
1f0d8015f3	Oh yes, I always knew booze was a great present for kids!
1f17c3c00c	Teleport us.
1f1b5e0d89	[BLUE](A grim-looking old man stands at the gate of the house)[] Don't expect handouts from me.
1f258be23e	Damn! And I thought by her curse she meant nothing more serious than her monthly period!
1f26dd930d	Though one thread between us still remains: the curse we doomed ourselves to. To this day Oberon roams these mountains in the form of a terrible beast. Animal rage has erased his memory of his former life, but a ghostly attachment to me remains in his soul and won't let him leave these places where I dwell.
1f2781c394	Enchant this dagger.
1f29948258	[BLUE](A rather young-looking wizard looks at you condescendingly)[] Leave me alone, I'm busy.
1f3009d76f	I promised you a reward from me personally, but I haven't had time to find anything suitable, so for now this weapon will have to do. [BLUE](she handed you a small sheathed blade)[] I also meant to discuss new business with you, but I'm busy right now, so you can rest in our castle, and we'll meet when I'm free. My assistant will show you to the guest quarters.
1f32d28466	"The door leading outside."
1f37132076	I can teleport you to one of the kingdom's big cities for a small fee of [BLUE]30 gold[].
1f3be3177d	Lady Philippa told me the bandits have arranged talks with her on the outskirts of New Garand; I must settle their differences.
1f439c43ec	Then sign the contract. When you reach Rigordion, find me or Agnius Northson.
1f4a259499	Black Memories
1f62c3048d	Make me an amulet.
1f650a5cf2	Here. [BLUE](he showed you a clearly expensive-looking signet ring)[] A family heirloom, all that's left of the wealth of our Burntier line. I kept it despite all my hardships, as a reminder of who I really am.
1f6d649591	What blasphemy is this?! Leave, and don't come back here with such a thing!
1f6e4c9b72	You bad! You think more!
1f7b1e70dc	Maybe another time.
1f8244a76e	[BLUE](A stone monolith with a picture of the moon is glowing)[]
1f8be8af26	[BLUE](She looks like an ordinary middle-aged woman, but there's something beastly in her features and eyes. Greenery and slime cover her naked body here and there in place of clothes)[] Hello, my young hero, I'm very glad to see you again. My backside has missed you and your little friend. How have you decided to please me?
1f9060a8fa	You guessed right, and that's what I'm going to do right now.
1fd1cdbfb8	Die, scoundrel!
1fd68da060	Seriously? And how much do you charge for the job now?
1fd8ab2e8d	([BLUE]It seems the old hunter can't fight anymore[]) Damn, I underestimated you!..
1feaf426d2	Well, I'm not an idiot, to go to a meeting with who knows who alone, let alone bring a pile of coins.
1ff23a4e44	[BLUE]("...a grim, ancient castle in the depths of these mountains. What unknown but mighty being dwells in it? I never dared to cross its threshold. Well, let some mysteries remain unsolved...")[]
1ff4bcbb71	Fine! If I send you away, the queen will be displeased with me, and I don't want to upset her, especially since we spent so long persuading you to come to this meeting. By the way, my little sister is here, and she'll be glad to see you too! We enjoyed working with you last time!
1ff898e8a3	I can't do anything here.
2004523710	No, Alarion needs your vote in the Royal Council.
200ae86e1f	Hello, Sybil. I have the right amount of spider venom for you.
200cfe9da4	[BLUE](In the first box you find a pair of fine boots with a note: not stolen, honest, boss!)[]
201fa69a2d	([BLUE]The mage's body begins to change and swell even more[]) I unleash all my dark power!
201fbea48c	The gatekeeper at the Istril port asked me to deliver a message to the head of the settlement in the Royal Forest.
20282d0f71	I have a Potion of Heroism!
20287551ee	Try to pass through it.
2049aa36c4	Magister Mundric agreed to give me the key stone from the Temple of Knowledge if I bring him two brown bear pelts.
2059cc629d	You're a bold one! Bull Dick likes brave ones like that! Ready to fight one on one?!
205b508a64	Reforge this longsword.
2065dbda74	[BLUE]("...now the road led us through the mountains. Dark, winding cave tunnels led into the unknown. We descended into the belly of the earth. It grew hotter around us, and somehow brighter. The corridors ended, turning into fiery halls and streams of flowing lava, among which it was hard to find a safe path. Our flesh dried out; the hot air seared our throats and burned our lungs. It seemed we would turn to dust here, but hall after hall gave way to new tunnels, and the air grew cooler and fresher...")[]
206afece50	Enchant this Composite Bow.
206fdeb243	[BLUE](An elderly wizard studying you with interest)[] I've already told you everything I know about the Temple of Knowledge.
20767ed94e	I know nothing about their origin; the catastrophe destroyed the knowledge of those ancient years. The little I've told you was passed down by word of mouth from the survivors, generation after generation. Perhaps it was all the work of evil magic; we who live now can only guess how it really was back then.
207a1f1af4	My work on this armour will cost you 210 coins, and I'll also need two bear pelts.
209f4e6588	Get me there safely and I'll do what is needed.
20a268140f	([BLUE]A knight in unusual armour[]) Hi, buddy, good to see you! The goblins keep pestering us, but I don't let them off!
20bb14b458	[BLUE](in the cellar were a large man clad in dark heavy armour, a sickly pale middle-aged woman in scanty robes and a couple more people in hooded robes. You also notice a stone table on which lies the body of the late Captain Greedy, whom you killed; for some reason his hands and feet are tied)[]
20bd4e9406	Well, I didn't expect we could come to an agreement with you. Let's quiet them down quickly before they break anything here.
20be08fd32	Hm, thank you for your honesty. Actually, I expected Astutus to pull some dirty trick on me. No idea what your problem is, but I'll try to help you, in exchange for a small favour.
20bf157c61	Hey, buddy, we'll definitely find this treasure and get incredibly rich!
20d8a5a4c2	I'll bring up my cart and wait not far from the mansion, but so as not to draw attention.
20db78c79e	For a small fee I can get you to one of the settlements of Ilmara in a couple of hours.
20e884b264	Saving the world again? I didn't sign up for adventures like this. Maybe you can manage without me?
20ed7ad6d4	Less talking!
21022392e9	[BLUE](Carefully get closer to see what's going on)[]
211cf4835e	[BLUE](Search it for the eggs the creature from other worlds talked about)[]
211ec8967d	Seriously, you know Shenron? Well, he sent us to this tower too, so it seems we're the ones you're supposed to meet. I didn't expect him to send a human to help us, but we can use any help. My name is Gizmo, and this big guy...
2129bc1a96	The man I freed confessed before he died that he was an impostor! The real Hermes still needs rescuing.
212a07f096	[BLUE](A sugary-looking young lad)[] Hey, how much longer are you going to fiddle with that old wreck? I'm sick of hanging around here. I should have been in New Anthur ages ago!
21340cf828	I defeated Xidar and rid the kingdoms of her threat!
21344e318d	Certainly. Tell me when you can...
2137080602	Maybe you're right. Though sometimes she's unbearable with her endless chatter, so much that you want to strangle the pest, her devotion to her friends and her tireless energy are admirable. Besides, it's not much fun for me here. I have to work with smelly potions, mixing all sorts of slop while listening to Gunnhild's constant grumbling. All right, I'll gather my things. We'll meet at Mika's.
213ed5f86b	I collected the goods from Omar; now I need to deliver them to Makbul.
214a21ebf8	[BLUE](An elderly, slightly haughty-looking priest in rich vestments)[] Priestess Anabel told of the help you gave in destroying the werewolf settlement, wanderer. Accept this gift as a reward!
2159e48319	I see, I'll try to catch up with them and bring them back.
215cb8c36a	Margerithe.
2173a728a8	A manual for creating a belt that will greatly increase your charisma. It needs these ingredients: a gold ingot, a bear pelt and two small sapphires.
21754953aa	Actually, a most unpleasant story happened with Captain Greedy and me. [BLUE](and you tell them everything that happened in the Istril sewers, and what the now late captain told you)[]
2178a22417	I'm telling you the truth. I don't need this useless thing.
217b1d69b8	Smoke Without Fire
217f31920c	[BLUE](A dreadful howl sweeps through the area, boding nothing good)[]
2182fd4e76	As it happens, I've already spent almost all of it on some research of mine, and I'm a bit tired of being in the city, so I wouldn't mind getting out for a while.
218479eba6	Yes, that's right. It was about a week ago. I'd gone deep into the forests of Dreamsnow Valley, all the way to the snowy plateau, and at the top of that plateau I noticed the prince, and while I was getting closer, he'd already vanished somewhere. As for how to get up there, I've no idea. The slopes are too steep everywhere.
218dbac504	My work on this armour will cost you 130 coins, and I'll also need a wolf pelt.
2197644a29	Stay outside.
219f752e28	Right, this fairy-tale lover can go wander off and kill other monsters for now, maybe she'll find her prince somewhere, and you'll prove to me how much of a man you are.
21a46c3fc0	[BLUE](the princess went up to the table so the man lying on it could see her, while the robed people and the witch stepped aside)[] Welcome to the royal castle, Captain Greedy. I am Princess Bernadette, Keeper of the Kingdom; we met once when you received your post on the outskirts of Istril.
21a4a4f407	We set off.
21a5fd3f42	Vince has gone to Skull Island; perhaps Captain Dors can help me get there.
21b293341d	And how are the takings?
21b7eeee53	How many ingredients are needed for enchanting, and how much will it cost? And what's needed to make the amulet?
21c785b987	Brother Torian and I will return to the forbidden mines to check on our warriors!
21cab2a8ad	I don't like such crowded places, and I'm too old to try settling somewhere new. And whichever way you look at it, the Lost Kingdom is my home, where I want to spend the rest of my days. Well, I hope I haven't tired you with my stories. You're clearly a hero, since you're not afraid to wander these parts. Could you help me with a request?
21d748b003	And you won't. [BLUE](the soldier she had sent returned to the room, leading a boy of seven or eight whose face resembled Alarion's)[]
21d8f44a35	Sorry, but I have no time to talk.
21da730c89	Unfortunately, we can't ask him that. Do you know if he had any enemies among wizards?
21ec211ee3	Hirge and I must go to Mount Orogg to win back the Forbidden Mines captured by the Varannari.
21fa239b56	I'm not doing anything illegal. I sell a few potions, contact dead relatives, help catch undead. Though the church people in town aren't happy to see me.
2205ab6347	Let's finish off this villain!
2209ce8ce0	[BLUE](A very big, powerfully built man. From the many scars on his body it's clear he has been in bloody scrapes more than once)[] Glad I could help everyone!
220cf252ff	No problem. Tell me when you're ready...
22210367c6	You'll do a very good deed if you can bring back even one of the brave men who went to fight the evil in the burial mound. But, though I hope it's not so, if nothing can be done for them anymore, try to bring back the mighty relic Killian took with him. With it we'll try once more to defeat the evil dwelling deep in the burial mound.
222bbc9e26	Whether that's so or not, the main thing is he knows where and to whom he has to go back after the meeting. I hope you'll share that information with me?
222d75ea98	You're a monster!
224716b930	[BLUE](lie down and rest)[]
224cf0fba8	Let's get to work.
225082b1dc	Great, I have that armour with me: Assassin's Leggings.
2254bfa1a4	My spies managed to track this gang. They've settled in Friguld, where the governor took them under his wing. I have no authority there, since the locals don't recognise our laws. That's why I need someone who works outside the law, like you.
2255ecf4fa	Thank you, kind hero, for saving me from those horrible creatures! They were going to eat me! I had already said goodbye to my life, when suddenly you appeared, my saviour!
2275e2e82a	If you don't want to settle this peacefully and spare Adaon, there's another way to persuade you, but you won't like it.
228c1ec83d	It should have been me in his place!
228d0398d3	I need to come to terms with the fishermen who worked for Kiara; I can find them on the shore at the foot of the Zamohr.
22913ff14a	Have you come across zombies around here that look like clergy, by any chance?
2294fe3204	I hunt to order. People hire me to get the hide of some rare animal, a head for a trophy, or the whole carcass, you know? But lately orders have been really scarce. Sad, basically.
22972d325a	I'm telling you the truth. The old goblin Borkmuk told me the story of the dragon-slayer mages' victory over the Dragon Lord and the destruction of his crown.
229735a085	So what do I do with him?
2297478416	[BLUE]("...the portal brought us to the treasury, but a mysterious, fearsome creature barred our way, and only the right answer will make it let us pass..." "Who came up with these stupid puzzles that even I can't figure out?! Wouldn't it be simpler to use an ordinary password for access to my vault?!...")[]
22a544f0d8	Try to read the text on the stone.
22a830c47a	Your cause has turned out to be very dangerous, so I'll have to turn you down.
22aa54179a	100 gold and I'm all yours for the night!
22adcfa315	Types like what? Trying to insult me, Anika? Actually, I'm not here for nothing: Hugh needs you urgently, he's planning a new job.
22ae31a088	What happened?
22ae479f50	No, I couldn't escape this curse either. Leave this place before it's too late for you too! For me now only death can be salvation, and the hope of redemption.
22b270f7c1	Hey, that time I wasn't feeling well, but you talked me into the job anyway.
22b6ed2892	I'll try.
22bf5893c7	I learned that the demon bear's lair may be by the eastern mountains in Dreamsnow Valley; I need to pass this information to Ryurger.
22ce0141f3	If anything, I'll be right here.
22d72fe7b6	You know, we don't have to risk our hides trying to bring down this bear. We could take the knife without my old man's consent, waiting for the right moment.
22db7cbeb3	[BLUE](you find an opening that matches the shape of the ancient battery. As soon as contact is made, the console begins to come back to life and the screen brightens)[] Access denied! A level 3 access card is required. [BLUE](a small recess below the window lights up)[]
22df76e7ba	Actually, what are you talking about?
22e717775b	He lives somewhere far to the south in the mountains. He mostly worked on weapons, but as I remember he also dabbled in jewellery for a while. If he's interested, he'll make something of this ugly thing.
22ea9cb525	Master, I'm with you!
231504b955	I dealt with one of the rival troupe's musicians, one more to go.
232b1aef1c	All right, if that suits you better, I won't bother you any more.
2342fbb6d4	Fine, you can come with us too. A ship is waiting for us at the pier, that way we'll get to our boss faster!
234e559482	[BLUE](a girl who looks like a sorceress, but is dressed in light leather armour and armed with a long enchanted sword)[] Are you serious? You told me there's a castle full of undead here of a kind I'd never met before, and as a hunter of such creatures I got curious and came to check.
234e7eee8e	Hey, don't give nasty stuff to little kids!
2350c3f92d	I told Praetor Anwar about the planned escape of the likely thieves; he suggested I join them so I can lead the thieves into an ambush the praetor has set up.
235f9a3152	Nothing yet.
23611c1d6a	And from those days Lorcan swore eternal loyalty to the king. When he grew up he entered service and quickly earned a place in the royal guard. Now he mostly serves as one of the king's chief bodyguards, but my sister is sometimes under his protection too.
236a3f645e	We've beaten the witch. Now no one stands between us and Durant. Let's go finish the bastard.
236c0adbb9	Our guest doesn't look that dangerous. I'll handle him alone in no time. You go to Alaric.
23706384a8	I'm sorry about what happened to Havis and that boy; my condolences.
23798a0f86	The mage safecracker lives in Icemist. She prefers to hide her identity and pays no attention to strangers, but if you say you're from me, she'll agree to make contact. Our strongman, named Katasakh, will have to be bailed out in Freetown. He got deep into debt and sold himself to the arena to pay it.
238328232e	All right, I'll handle it.
23833dd758	Magister Mundric agreed to give me the key stone from the Temple of Knowledge if I bring him two snow leopard pelts.
238a480b0a	[BLUE](a girl with a striking look and unusual hair colour)[] Hit that insolent freak!
238f120414	Rickman sent us for you.
239271fe9e	Do you happen to know about the boy on the square? Why is he alone, where's his family?
2396064c40	I must deal with a pile of criminals to pass Princess Bernadette's test.
23aeb591f4	I need a few small things.
23aeb8135e	Bless this shortsword.
23b34d8c97	Great, get to work.
23b49bf7e8	Hey, Cat, you didn't tell us you were a rich merchant's daughter!
23b5861a17	I must find Dominic's son.
23bd01424e	Damn it! The damned anti-undead charms aren't working properly again!
23c0f7d5bf	We need your help with this man. We need to ask him about something.
23cc95e0ff	[BLUE](a richly dressed man)[] Don't delay in delivering my message.
23cf9be4fb	Hey, wait! I don't sense any special magic in this jewel. Over the years I've studied a lot of ancient artifacts, so I know what I'm talking about. Most likely it's a fake!
23f7c1f9b7	Great! And the first candidate for our troupe is my wonderful best friend Alice! Like me, she loves music and shares my other interests! She's the perfect candidate for our troupe! True, we haven't talked for a long time... But I'm sure if you tell her about my idea, she'll agree to join us right away!
23fec070ef	All right, what weapon do you have for enchanting?
241461b1dd	Our king is a pure-blooded member of the most ancient imperial line, known for such longevity. It is no wonder that his lordship, having lived through several generations, remains as sound in mind and body as in the years of his youth. I advise you to visit our kingdom's capital or other settlements if you are looking for work or want to buy and sell something.
2419b1475d	Then it's a deal; you'll get your reward after you help me. So: Balthazar has protected his tower with a magic field that keeps outsiders out, even by teleportation. But I have an artifact that opens a breach in any protection for a couple of moments, enough for me to teleport to him. When you go back and Balthazar decides to show you his device, that's when you activate my artifact, and not before; the thing only works once, and finding another like it isn't easy. Is that clear?
242341ea20	I see, you're too strong for us if we act alone. Well then, until we meet again...
242679fecd	The seed of trust.
242ec9f373	What an unusual weapon! To bless it, you'll have to donate six small diamonds and [BLUE](200 coins)[].
2438745a79	[BLUE](A stone monolith with a picture of a phallus)[]
2438cf8224	Let's do without the vulgarity. It is not a gang but rather a community, a refuge for people who have fallen on hard times, and I intend to protect all of them from anyone.
243f61d605	I need to meet Hunting Moon in the Elder Forest so she can help deal with Mikaela's problem.
2444483cbf	Hey, he's talking to me, actually!
24526e8d82	I haven't found any pieces of the map yet.
2462a40a91	I need to give the disguise cloaks to Alarion; I can contact him using his coin.
2465a20185	Wow! What an unusual apple! I've never tried one like this! Thank you, mister! By the way, my name is Kai! I think I won't eat it now, I'll save it for the holiday!
2465fae17e	"This is the entrance to the Whitetoad mansion, which you own."
246d82e380	Who are you?
246d831012	Are you serious, boss? Why should we even bother with this nonsense over some damn thing?! Who cares about Vince with his cock and his stupid bet about who has the bigger one?!
247424a101	We'll definitely have an audience! I asked the girls who work for the Lady in different towns to spread the word about our tour! I'm sure they'll give us great publicity!
248367712d	Um, no, I left it somewhere.
249356874c	We'll get there ourselves.
24b2943966	I'll think about it.
24bc122d37	The best plan.
24bfd2f88b	[BLUE](A figure wrapped in a cloak steps out of black smoke)[] Get up, damned bastard, you can still serve the Blood Lords!
24c70dfff1	I'll be glad to help you out, as you helped me out!
24dc27bc79	[BLUE](the monster is dead, and you notice a woman on the island)[]
24dddcb987	Thank you. There are plenty of polar bears here, but brown ones live only in the south. Could you bring at least two of their pelts, for some variety in my home?
24e57aa667	Greetings, wanderer. I need a partner for a dangerous job, and you showed yourself well in the fight with the demon bear, so I consider you a suitable candidate. Are you ready to serve for the good of our kingdom?
24f5a917b0	Don't bother us if you're not going to help us anyway!
24f6253a5f	[BLUE](A red-haired girl who isn't in the mood for talking)[] Hi. Looks like Mika wants to drag you into her new troubles!
24f917f9ee	Then what's the point?
24faba2a79	Don't count on it! Now I'm much better prepared for any surprises!
250fc2d527	No idea. I came here looking for allies; I don't care who you are.
25184cc521	Hey, what can you do?
251c1e7214	[BLUE](The woman looks at the guard again, then at you)[] Sorry, but no. This concerns the whole gang's well-being, and Adaon is just one man...
2524365061	[BLUE](Bubba crashes to the ground, and this time he doesn't get up. The remaining enemies, left without their leader, flee)[]
25326d159e	I met the arcane knight Valeran; he agreed to arrange a meeting with the Magister in Icemist at night.
2533d5d029	I'm looking for the Dragon Lord's Crown.
2538fa5476	[BLUE](A bald man with an athletic build)[] Life is simple: you make a choice and you don't regret it.
25411c33e6	[BLUE](These fellows don't look very friendly)[] Did Hilt send you to bargain with us? I've already told him what sum of gold he has to pay so the queen doesn't find out he's connected with people who are outlaws in her kingdom, and I'm not going to haggle with him! Either he gives me the money, or, by Her Majesty's will, his head will hang on the wall.
2541f8c3d5	"This seems to be the entrance to a bandit storehouse."
254402c773	I haven't managed it yet.
2545fb94cf	The greatest hero, owner of the largest penis in the history of our world. He could impregnate up to a hundred women a day, and the children of his seed were born stronger and healthier and grew faster than usual. So he saved our people, foiled the witches' evil plans and became the mightiest chief.
255a9bb34e	I'm in the trade business, but not the legal kind, so I have to do my deals in remote places like this, away from prying eyes. If you're interested, I can offer you my wares.
2562c34e21	Your call, Neville, you answer for him. But if anything happens, don't be offended if next time I suddenly refuse you help. So, the job isn't simple, so we'll need a team of the best specialists in their fields, and since most locals are tied to the Seventh House, we'll have to recruit them outside the capital.
2564ffcc31	Our Northern gods will greet us!
25684706b9	Oh, fine, whatever! Shut up already. I'd have shared him with you anyway, Pandora, and with Amelia too!
257c1fe67d	Yes. To leave an illusory world you would normally need to be as magically strong as its creator, but usually a condition is set when it is made, and anyone who fulfils it can leave.
257db326d4	Try to open it with a suitable key.
2585f57a13	Not much information.
259cdae5c4	For that, the seals holding me must be destroyed, the ones created by the sorcerers' self-sacrifice.
259d6d55d9	No, no, I'm sensible, unlike your princeling friend. To King Kalion it won't matter whether it's one or many. The executioner's axe is enough for everyone. So until Alarion proposes a more sensible plan of action, we won't come to an agreement, and given his stubbornness, that's hardly possible. Sorry, but I'm not going to risk my life over such foolishness...
25b51f14fc	Last year my neighbour killed a huge bear, and all this time he's been bragging about the beast's head, which annoys me greatly. But recently there's been a rumour that another bear like that, or even bigger, has turned up in the local woods. Now, if you get the head of that brute...
25b8875c64	I'm afraid not. There's too much evil in these mines; I'd be dead myself if not for you.
25ba31feca	Strangely, yes, a little, of course, and he even agreed to postpone the repayment. Though it very quickly turned out that I owe him much more than I borrowed, and I have to pay it all back very soon. So we'd better get out of town as fast as possible, before Umrak sends even more thugs looking for me.
25da8de40a	One girl you've known for five minutes? How petty! Where is she now, and who cares about that useless thing anyway?!
25dd09205c	([BLUE]A young man in magical attire[]) Hello again. Are you ready to meet my teacher?
25e0dd0fdf	You can't go in here!
25e7cf9861	If you need a new collar, bring me any of these: 8 pouches of poison, 5 vials of spider venom, 2 vials of scorpion venom, 3 mamba fangs, 3 coral snake fangs.
25f1e41c21	Captain Whitewater told me about a reward for catching a man-eating bear; I can find out where the beast is from a local old hunter.
25f3636973	Hey, what the hell is going on!?...
25faf01085	I'm glad to help you, though it seems this evil doesn't get any less, however hard you try!
25fc2947a0	Stop swinging your fists already. What do you want from me?!
2610b68535	Captain Dors will wait here until you come back with the kidnapped girl, but if you take too long, I'll head back without you, got it?
2615b0e61a	"The sign on the door: members only. The door isn't locked."
261b276d0b	I need to get a dragon heart for Gigi to help me reach the leader of the sorcerers' faction.
262ddb7d62	[BLUE](These are the remains of some warrior. His bony fingers clutch the hilt of a magnificent dagger. Nearby is a flat stone with illegible writing carved on it)[]
262eb58955	Oh-oh-oh! Those are my favourite panties, you found them! How wonderful! And did you catch the stalker?
262f7741fb	[BLUE](A fairly young-looking wizard)[] We'll talk later, when we've dealt with Astutus.
26324377ea	Well, you could make a monetary contribution of [BLUE]50 thousand coins[]. These sorcerers are actually poor, so there'll be no questions if you pay their leader a pile of coins. Or bring him an expensive trophy. I think he was looking for where to get a dragon heart.
26375cf287	[BLUE](following the large man in dark heavy armour, you left the cellar and made your way through the corridors to a large, dimly lit hall)[]
264d1d2909	Hi there, come in, don't hang about!
264ec0e5ed	Then you're lucky: I'm a first-class hunter, only decent game is hard to find around here.
265bce6d5b	I found the forester; now I need to find out from him what happened.
266bfc38c1	[BLUE](Looking around)[] Have we really found our treasure castle after all?! Let's look around here quickly and make sure...
266ff7670d	I got into the thief's lair; now I need to find him.
267329d23a	Thank you, I value your loyalty. When this is over, I guarantee you'll receive royal honours. For now, let's continue our work. Lukan's death must not be in vain; he will certainly be avenged, but I still want to settle everything peacefully. I'll need you for a job, but first I need to discuss something with my acquaintances from abroad, so we'll see each other later.
2674123338	You know him well: Alarion listens to no one but himself, even the king can't change his mind. Only his elder brother Malion ever managed it, and that was when we were young.
2677918dda	How do you know my name? Did old Bloodsilver really send someone to rescue me?
2679cad54d	[BLUE]Empty the chest[]
267a5eefef	As I told him, I specialise in weapons, not armour, and I have no spare iron. But I'm ready to give him my unneeded iron junk for free if you do a job for me.
2681c9b58e	Mika is putting together a musical troupe, and I volunteered to help her. We need musicians and someone who can organise our performances, and you, Vi, are a great fit for that role.
268878169d	Their lair is not far from Friguld. They take advantage of the local governor hobnobbing with all kinds of dirty bastards, and they've settled right under his nose and set up their lair.
26924ce32f	I must defeat the vampire lord to reach the centre of the dungeon of Castle Storme.
2694c4112b	[BLUE](A tipsy, young, beautiful, barefoot girl in a rather revealing outfit)[] Hey, guys, I don't need rescuing! I've drunk lots of rum, practised with sabres and had sex with two men at once. Now I'm a pirate myself! I'll raid ports and ships with my friends, hunt for treasure and have endless fun!
2698303de0	Are we going to Mount Orogg or not?!
26b34b0752	Are you mad?! The praetor sent me. He wants to question this scoundrel personally, because he suspects him of involvement in another serious crime. I'll take the criminal to the praetor, and you get back to your post!
26b3970dd2	That will not happen! You won't escape your death a second time!
26b5aab12f	[BLUE](realising he'd been caught, the tramp immediately jumped back from you)[] I didn't mean anything! I was only begging for alms, but if you're so stingy, I'll find someone kinder and more generous! [BLUE](and ran off, looking back as he went)[]
26c3861c0e	In the Deadwood, not far from Kingsbridge.
26cb811069	Enchant this Bluesteel Hammer.
26d8a8921d	I took the goblin king's head; now I need to return to the arcane knight Duncan.
26e8cc35d3	[BLUE](Suddenly the flame vanishes, and in the centre of the circle there appears a short, skinny, red-skinned young man with a tail, little hooves and small horns, one of which is broken)[]
26e96aa77c	And you think that's a victory?! In time the seal will weaken and a crowd of starving vampires will get out!
26f00cd63c	That was a good fight! Go and talk to my teacher.
26f0a16a04	I have a strong mana potion, go ahead!
26f0e3a57b	All right, as you say. I'm not going to check your claim. So, as usual, I'll need ingredients: six deadweeds for the dark charms.
26fc4c967a	You know who we work for, right? So don't act up and come with us nicely, unless you want even bigger problems!
270a94c672	That's enough! I'm sure I'll manage this business without your help!
27165f92c5	Great, I have that armour with me: Laminar Armor.
271b74a768	[BLUE](A very big, powerfully built man. From the many scars on his body it's clear he has been in bloody scrapes more than once)[] Thanks again, friends, for buying me out. Otherwise I'm afraid I wouldn't have survived another couple of fights in the arena!
271cdb71cb	I'll return to Rigordion with news of what happened here; they'll be glad to see you there. I'm sure the High Priest will reward you for the good deed you've done. If you need my help, you can find me in the local temple.
272649dbf4	These creatures are dead, so, as I promised, I will tell you a legend from ancient times. Those were harsh days for my people. The Orogg witches hunted the men of the tribe, meaning to wipe them all out and set up their own matriarchy. And they nearly managed it, if not for Sturdy Trunk.
273e725821	Enchant this Oaken Bow.
275231d7e3	Much respect, brother, you're saving our art.
276aee69b6	What?! You only wanted me so you could screw me?!
276d537574	All right.
2772dabe2c	Hm, there is something, though I wouldn't call it ordinary work. It's more of a research project. Perhaps it will interest you.
277811a3ff	[BLUE](In the last box you find a little hat with a clumsily written note: you're a real hero, thank you for helping make this holiday happen! I made the hat myself, under Aunt Jeanne's strict supervision)[]
277a6641eb	The last time I saw him was in New Garand; I hope we'll find him there again.
2780b0ea2b	No, one more!
27854b6acd	Right, that's all great, but what's our plan of action?
27a9251e4e	But what use is one blade if there are hundreds of vampires? No, there is something more. Ancient dark sacrificial magic: especially mighty seals, created to hold godlike beings. One such unused seal still exists. I spent a fortune searching for it, bribing every sort of scholar and hiring crowds of adventurers. I did manage to learn where it is, but I did not get the chance to obtain the seal.
27c15c3fb7	Here we go again...
27c1713c63	Well, my boyfriend... I mean my partner, or rather probably my ex-boyfriend by now... In short, more than a week ago he disappeared somewhere, taking my best bow and some of my savings without asking, and I haven't heard anything about him since. Now I'm wondering whether he died in our woods while hunting, or pawned my things to someone in Istril and is having fun with the local girls? That's how it is.
27d200f6dd	Duncan and I were attacked by a goblin gang led by a shaman; I must defeat them.
27e38324f2	Nice to meet you, but I have to go.
27ef8b3474	So be it, Pandora. Don't take long!
2812de779a	Try to connect the Large Battery to this machine.
2818d88371	I have connections in the Seventh House. I'm sure I can arrange a solution to your problem.
2825e27adf	Take the dead man's dagger.
2829af05e8	Excellent! This calls for a celebration! How about hunting bears with our bare hands?
283e54d734	The minotaurs are destroyed; now I need to talk to Rickman.
2854830e21	Thanks for the help. You can go back to the city.
2856a6a855	[BLUE](A deep crack in the ground blocking your way into the mountains)[]
285bbd0c29	Bless this knife.
285dc86fad	Enchant this Oak Wand.
28647337e7	Then sign the contract. When you reach Rigordion, find me or Agnius Northson.
2864e36b80	[BLUE](a woman in a hooded cloak wielding daggers)[] Let's deal with these bastards, then we'll talk.
28677c3f80	I activated all four of the teleporter's obelisks.
286a36a6ff	[BLUE](You pull off your armour and zealously set about proving to the woman how much of a man you are. Her moans echo across the whole swamp for a long time)[]
286e108933	Of course it will be! Oh, and it's very cold in those mountains, so we need to prepare first so we don't freeze there.
287184d0e7	Yes, I'm ready.
2880dd51cc	Well, I'll try to help you.
2880f775a9	I need to talk to Adaon.
2887d93aec	I can teleport you to one of the kingdom's big cities for [BLUE]30 gold[].
288a5faa2d	Glad to hear it. This mage has a special spellbook he would never part with except in death; bring that book as proof of his death.
289418d124	You'll drink, and you'll like it!
28a271d9f4	No, she hasn't caught my eye lately, but I'm always glad to see her; she's got a great figure and she's a real knockout all round!
28b286a5d5	What can you teach me?
28b7509881	Calm down, I didn't come to fight you.
28c2191739	Thank you for sharing all this information.
28caff9869	Stay.
28cb9d4ae0	Then don't get on my nerves. Clear off.
28d3601af6	Our people are grateful to you for your help.
28ddfd5d49	[BLUE](Neville, whom you know, surrounded by two angry guards)[] Stop squirming and whining, you brat! Will you come with us peacefully, or do we have to drag you by force?!
28e1eca40a	I found three fiery cores, 6 more to go.
28eedf2edf	Thank you, but I'll use the teleporter. Maybe we'll meet again.
28f18c6ce5	You know, boss, you're right. This MILF looks decent and has everything in the right places! And I'm ready to prove to her that male dignity hasn't shrunk too!
28f68a7438	Then it's time to go looking for the way out of this place.
28f86b2700	Hi, how are things?
2903671fcd	Balthazar and his apprentice are dead; now I need to talk to Zeref.
2903c32661	Another disgusting port town, though it seems to stink a little less here.
291d4abe58	Then take your things. We'll meet in the throne room and discuss everything in more detail.
292f57bd99	Well, changed your mind? Will you take the job?
2930e899b3	Well, yes, but I've quit the old business, so don't be angry, but I can't help you now.
293a56c35b	I'll catch up too once you find Johnny.
293e4eaccb	Good, the girls are safe and sound. Otherwise the Lady would have been very upset if their looks had been spoiled. All right, I'll take the girls home to New Garand, and you head there too and tell the Lady we've done what she asked.
294c498947	Here's some wisdom: a stupid man complains about a hole in his pocket, while a smart one uses it to scratch his balls.
2950a44f0a	All right, we'll do it.
29756716a5	Here's your sphere you asked for.
2988724c31	I managed to get the book; now I need to return to the mage Albeno so he can deliver the book to the client in New Garand.
29951c3a7c	Hi, you haven't by any chance seen Princess Evelina Lightwind?
299b5a05c5	Excellent, this will come in handy. Here, take another collar of submission.
299ddda674	About the statue in Icemist? Not really... Although I know a magister I studied under for a while; he was fascinated by that thing and studied it constantly.
29a531ecb1	I'll run an experiment of my own right now, turning an old man from the living state to the dead one, unless he gives me his stone!
29a5a36b50	All right, if I get any, I'll bring them to you.
29b15d7166	We'd be much more interested to know how to get there. That lucky fellow surely left some information about it.
29b5ff40b8	Magister Mundric agreed to give me the key stone from the Temple of Knowledge if I bring him two golden apples.
29c62aa231	[BLUE](An elderly wizard studying you with interest)[] Kids, you must be mistaken. I haven't taught or given extra lectures for a long time. Though you don't look much like students anyway.
29e8690e98	[BLUE](The little boy looks at you hopefully)[] You'll get our holiday fir tree and presents back for sure, won't you?
29f6487d6a	You won't manage to free the prisoner; my lads and I will see to that.
29fdfffc4e	I'll always be glad to help if you get into trouble again. Well, now it'd be good to find you some clothes again. By the way, I found your staff. I wanted to give it back, but you weren't in the castle, so I went looking for you, and that's how I ended up here.
2a0606cdd2	[BLUE](Some man who somehow walks upside down on thin air)[] Hello!
2a20f9b6f5	Take the key.
2a2149e02a	I must come to an arrangement with the blacksmith Hilt about iron for Agnius's and my venture.
2a3cdb4a9c	So who do you have in mind for the other musicians in your troupe?
2a461ae7bc	Has a certain sorcerer been coming here, by any chance?
2a48fff230	No, I won't give up this armour. I need it!
2a58dfda83	I'm levelling up too slowly! Give me more experience!
2a5da5fbac	Thank you, hero, for bringing him back safe and sound! Take this ring of my people as a reward, and this fur coat too; it's cold in our parts, it'll come in handy. I'll take the boy to the city and tell everyone of your deed; people must know a hero like you!
2a613a64af	Here's the big battery you asked for.
2a78934f20	I helped Balthazar complete his life's work.
2a7d41fd3b	[BLUE](a very pretty young girl who looks a little annoyed)[] Are we all gathered here for idle chatter or for business?
2a847b4a1d	Understood, we'll try to help you.
2a8e7ab118	So what do we do then?! Hang around here until we freeze to death while you finally figure out how to get us inside?!
2a916caf74	I'll be glad to serve such a mighty person as you!
2a945b5b28	Enchant this Wand.
2a97710756	Boatman Orrus.
2ab2150959	As you say, boss. It'll be nice to fight shoulder to shoulder with you again, like in the old days in Mercia.
2ab35a7a57	If you've decided I can be useful and help solve your problems, then maybe I can come to a peaceful agreement with these bandits?
2abe7ba598	Well, it seems he's dead set on not giving us the horse.
2ad31a1c1a	The team and I must find and kill the demon bear.
2ad7c383cc	No, I'll solve this problem for sure by finishing you.
2ad929ef6a	Hi. What venture exactly do you mean?
2adc23b7e5	I fear so. Would you do me a favour and find this knight? Where you came across the sorceress's body, or somewhere nearby, you might find some trace of him.
2ae46c9660	Your panties?
2af4797e60	And what could have happened?
2b0d4bb482	[BLUE](This dark, malevolent creature is different from all the others you've met in the castle)[] Fools, you hope to defeat me? The time has come for a bloody harvest!
2b14f2bcc5	Curse it! This is Bernadette's doing; Dariel is surely already in the royal castle.
2b17aeb703	If you suddenly don't know what to do, do what you know.
2b25b99761	Don't talk to him, you fool! Can't you see he's undead? Meetings like this never end well!
2b27fe0796	Let's hurry before those queers do something to our girls, all right?
2b31649a76	"The lever of a mountain lift you can use to go up or down the heights. It seems to be in working order."
2b340c30ef	I see. It seems the news of what happened reached their boss pretty fast. The damned ladies attacked our main stash. No doubt one of our cretins blabbed its location to one of their girls while drunk. And now they've decided it's the right time to strike us like this.
2b4e16648b	[BLUE](You manage to detain the suspicious type)[] Who are you?! What do you want from me?! Back off!
2b585dfb50	And what's the job?
2b696490e6	I got in here completely by accident and don't mean you any harm.
2b6f476163	Yes, yes, a very long time, since this morning's breakfast. As I understand it, you're putting together your music troupe, but you have neither musicians nor instruments.
2b83eeaff7	Of course. I can summon my little helper to aid us, but for that I'll need at least a minor mana potion.
2b88b37a5c	As soon as you deal with the lousy captain, we head straight back to town.
2b8e54d1d5	We could pull this off like the previous jobs, if things aren't working out with her.
2b9a46206a	All right, you've talked me into it. We'll help you gain your freedom. Where can we get the artifacts we need?
2b9b3dce04	Leave him alone, Vi, he's with me. He can be trusted, since he works for the mistress. So what's going on here?
2ba53fa0c8	We're here already!
2bba3ac2cd	Magister Kaledor! [BLUE](the girl exclaims, noticing a man who has come running)[]
2bcce0da32	Yes, understood.
2bcf3e9f77	[BLUE](Your way is blocked by a second young man, who was in the study and left when you came in)[] Hello, Havis, glad to see you. You haven't changed a bit.
2bcf81d883	I met Dominic, who is out to avenge a murdered friend, and agreed to help him. I must meet him at night on the Rhöneis Plains.
2be99d9b26	I hate sailing. I hope you can manage on your own?
2be9b460fa	Like everyone walks, normally, not like you.
2bed2310d2	[BLUE](A huge monster is charging straight at you, and you must decide: run or fight!)[]
2beedb4920	I hope you can spare a couple of coins for my trouble [BLUE]30 gold[]. So, where shall I send you?
2bf2ee27b1	Exactly! Prepare to die, villain!
2bf5d069a6	Yuck! I'm not hungry enough to try something that gross!
2c150c3669	What's more, digging through the old caches of the magic council, I found a piece of this hero's magic map! The other pieces are scattered all over the kingdom and hidden by special charms, so they can't be found, but thanks to the piece I have, they can be detected. By gathering all the pieces we'll restore the map, and with it access to the stash will open in a suitable place. The problem, of course, is that we'll have to explore many ancient ruins in search of the map pieces.
2c20f23476	What enterprise is that, if it's not a secret?
2c2579c1cb	Well, try it!
2c280ccb17	A talking green dog told me to go straight along the path to reach the bridge.
2c2fb0035b	A couple of hours and it'll all be ready!
2c31a0b2d3	We'll see. And my new friend, thank you for your help. When you come to our refuge, find me once I'm back there, and a reward will be waiting for you. Agnes, escort me.
2c34f9e6c4	[BLUE](The sturdy door is securely locked. You can't get in)[]
2c4b3156a0	Magister Mundric agreed to give me the key stone from the Temple of Knowledge if I bring him 5 ancient batteries.
2c50d5d63b	I've changed my mind.
2c54c9446c	Excellent! We'll deliver him to the magister, let them patch him up so he can be questioned. I'll teleport us all to New Garand.
2c5fc37acc	I've already ordered a cart to be loaded with what Agnius needs. I hope he'll be pleased.
2c60258c88	[BLUE](A very strange-looking dog with green fur)[] Go on your way cheerfully, keep your tail up high!
2c608088b6	I need healing.
2c70a0729f	"The tower door is covered in a thick layer of ice. It's impossible to open."
2c74e41cce	Hello, do you know where Alarion is? Is he in the settlement?
2c796fdbb5	I have zombie flesh!
2c7e1b5821	I passed the demon's test of strength; now I need to talk to him again.
2c82ce4df6	Um, sure, just don't go far, it's dangerous around here.
2ca25c638f	[BLUE](the madman was clearly enraged when he failed to enchant you; he raised his staff, and icy whirlwinds of magic began to swirl around him)[]
2cb644ba37	Sure. Do you want something simple or something special? For the first I need at least a minor mana potion, and for the second a strong mana potion. Or do you want to use the teleport?
2cbec9beb1	First we need to prepare. If we're going to deal with werewolves, we can't do without silver weapons. While I gather the equipment, pick up my silver sword from Hilt the weaponsmith and get a suitable weapon for yourself.
2cc2b8b29f	I hope the bastard is still alive?
2ccfb7710d	And why did you decide to become a rat, Vince?
2d005de533	Sorry, but manage on your own.
2d199649b9	What an unusual weapon! To bless it, you'll have to donate six small diamonds and [BLUE](350 coins)[].
2d1c943886	I met an unknown knight fighting a crowd of goblins; I refused to help him.
2d32e6713c	[BLUE](it seems the guards have come in answer to the girl's screams)[] There he is! Stop that villain!
2d37533b52	All right, I'll bring back your artifact.
2d380ca9a6	[BLUE](the man frowned even more as he looked at her)[] You said yourself her people are running things in your parts, and the presence of the Archon our friend mentioned confirms it. We didn't kill all of them in the forest, so they may attack you if you travel alone.
2d39460d88	I helped Ryurger destroy the demon bear, saving the townsfolk from mortal danger.
2d5a7e5298	About what exactly?
2d67a9e5c1	That doesn't sound great!
2d7420c6db	Hey, where did you suddenly disappear to?
2d77341460	Hm, perhaps you're right, and they should be given one last chance. Maybe you can come to terms with them, and then we can avoid needless casualties on our side and theirs. And as it happens, that idiot who is their boss wanted to hold negotiations with us. Well, you, our new friend, will be the chief envoy at this meeting. Agnes will provide protection in case the bandits try some setup, and Christine will escort you safely to the meeting place.
2d77aeaf49	Hello, I was asked to deliver this message to you.
2d7cdbd36d	Excellent. No idea why you need to get up there. You'd have to go a very long way around the snowy plateau to find a suitable place to climb, but not far off there's a small hill with a cave entrance, and those caves lead up there. But you must be careful. The caves are full of dangers.
2d8a19b487	All right. She lives in the Elder Forest. I can meet her there.
2d91a42a83	[BLUE](Take off her collar of submission)[]
2d9daf2ac0	[BLUE](stopping, the man began to speak while trying to catch his breath)[] Princess, I hurried as fast as I could! Are you all right? We agreed to meet on the outskirts, why did you go off alone? As soon as I learned you had set out for the Dragon's Nest, I rushed after you.
2da1414b6f	Let's do the job, then we'll talk.
2da6179b32	Excellent! I'll leave for Rigordion on the first ship!
2da80af2f2	I'm listening, my friend.
2da97c6c13	Not far from the Zamohr pass I met a group of runaway slaves in need of help, but I refused to help them.
2dba92cddc	[BLUE](At the sight of you and Sansa, a scrawny-looking lad suddenly takes off running. You're about to chase him, but Percy, who went around him beforehand, now cuts across his path and knocks him down)[] Going somewhere, kid?
2dbc926731	Good, if it turns out that way. And here's the promised reward from the grateful people!
2dc6237540	[BLUE](a girl with a striking look and unusual hair colour)[] Oh, look, Alice! You finally got out of the mistress's refuge. What brings you here? Surely you're not going to take part in our championship?
2dd41f693e	Bless this Sacrificial Dagger.
2dd8eb4963	Damn it, they've got us boxed in from all sides!
2dde4d7a8f	No, no one's life should be worth hundreds of other lives. And I don't need such an inheritance.
2ddeff84ee	Welcome to the West Coast Enclave. The Wizard's Guild is only just settling into these parts. I hope in a year or so I'll have my own tower instead of this old tent, but I'm ready to provide the same magical services as the other enclaves.
2dfa595909	Good. I advise you to leave Istril for a while so as not to draw attention to yourself while we rescue Dariel. We'll see each other in the Royal Forest when it's all over.
2e04d8557f	We know little about them, only the scraps of information obtained from captured knights. They are a religious brotherhood that believes in some single god. They came from somewhere across the ocean led by a regent, and we have no idea what he is, sent by their god on a mission to conquer new lands in his glory.
2e07e00a22	Great!
2e12f63f62	[BLUE](the old man in nothing but his underwear clearly did not expect to see you)[] What in Tol's name?! Who are you?! How did you get in here?! Guards! Guards!!!
2e17f1e36b	Well, back in my youth I became fascinated with studying the legacy of the ancient empire, and what fascinated me most was finding and studying the armour and weapons of those times. Myrosian armour, for example, is a true work of art! Surely you've heard of it, and perhaps you've been lucky enough to see it with your own eyes. Now, in its own time this armour was essentially mass-produced, and there were truly unique pieces.
2e271e29d1	That's clearly not my problem!
2e2930c92d	[BLUE] This mine was abandoned long ago. Its passages have collapsed, and you're unlikely to get deep inside.[]
2e2a806c8e	I need to learn more about the Lady of the Night; perhaps Sansa can help me.
2e2aa19847	Greetings, traveller. If I have new work, I'll be glad of your help. Meanwhile you can rest in the local tavern.
2e302bf1e4	With our strength and magic, we're invincible!
2e327b7784	I learned that the forester who saw Prince Vardie can be found in the village by the southern wall of Rigordion.
2e4616c91a	A wizard from Istril asked me to help him with some search, but I refused.
2e4b4a11ca	So I have to find this sorcerer in the sewers and eliminate him?
2e4c975a24	[BLUE](as soon as you connect the battery, the machine begins to give off a green light that gradually thickens into something between a ghost and an illusion. As it takes shape, its body flickers strangely, and it begins to say something incomprehensible without opening its mouth)[] Memory damage... memory damage... using backup storage... database damage... scanning residual data... compiling... starting...
2e4dcae935	I must defeat Sylvia and her helpers.
2e660cc977	I found Adaon; he said he's fine and we'll see each other later.
2e6720afa3	That's exactly what it will do. Thanks to the core teleporter, the rifts will be detected as transit points, and thanks to the otherworldly energy they will be patched, while sending all the most dangerous and powerful outsiders back to their worlds.
2e683e0703	Hey, easy, have I ever lied to you even once?
2e6e43d425	I don't have that kind of money.
2e862bec51	I helped Hirge win back the Forbidden Mines, but the witch queen is not yet defeated.
2e9278accd	[BLUE](An old-looking, stern hunter, clearly full of strength despite his years)[] Greetings, traveller. The north is no place for weaklings! I'm Senior Royal Ranger Haghenge. If you want to hunt in our forests, prepare well. It's no pleasure for me to keep sending my men round to collect somebody's remains.
2e953166ed	I appreciate your help, but you could be exposed, and I want you to keep spying on Bernadette.
2e955105eb	[BLUE](The dying knight laughs)[] So be it, for in death there is life.
2eab76bec8	Oh, I'll give it to you for free, as a trial. After all, you got rid of that monster, and I won't have to fear it biting my bare backside, which you got to know very closely, when I'm bathing.
2ec8341062	Magister Kendrick and I were attacked by zombies!
2ed09ff43c	[BLUE](The boy frowns, looking at you)[] I don't talk to strange men or ladies, and especially not on an empty stomach.
2ed3c5f87a	Great, I have that armour with me: an Insulating Robe of Adept.
2ed5096eb7	Here you go!
2ed989e2b1	Teacher, then perhaps we should test your machine first? Our new friend could help bring some test subject for it, which we'd find with your machine on the lower floor?
2ef462e11f	Understood, Hirge.
2ef691835a	Yes, we dealt with him.
2f0b7298ca	Get lost if you don't want trouble!
2f130142b7	Exactly. You won't manage to leave the city. The Mercians won't rest until they catch the thieves, so they'll start using harsher measures. But if they get back what was stolen, they'll loosen their grip at least a little, and you'll manage to slip away.
2f14c90519	Much obliged to you, stranger, may the gods bless you, whoever they may be! [BLUE](the tramp dashed away and quickly disappeared behind the nearest bushes)[]
2f14f5d995	[BLUE](a richly dressed man)[] Greetings to you.
2f162cfeb9	[BLUE](This is the temple of the local gods)[]
2f223666ce	Teleportation? I thought this thing was supposed to close rifts in space.
2f22567e00	Even then, though, the little princess's teachers noted her cruelty and indifference, having witnessed her experiments on various animals. And when Bernadette was about nine, a little boy, the son of one of the kitchen servants, died. It was announced as an accident, but rumours spread that she had killed the child. There was no proof, of course, but as the princess grew up there were several more such incidents.
2f26cb43ae	I have no idea where to find and buy the best potions! Give me more potions of all kinds!
2f3f7ce2a9	Fine.
2f42c1ba70	Get lost, don't get in our way!
2f508cb6ce	I tried to rescue the inventor Hermes, but his captors had experimented on him, turning him into an uncontrollable monster, and he had to be killed.
2f608aa3df	[BLUE](An ancient stone throne with a purple stone set in its headrest)[]
2f6e214a30	I helped Praetor Nazira deal with the orcs, but hardly for good; they'll surely come back.
2f6f46c485	Can I get into the castle?
2f74942fee	Let's finish him off already.
2f7f340771	All right, we could use the help.
2f7f42bfc4	Then we need to get out of here.
2f8454cf21	Well, that's usually what they do when they come across a careless traveller.
2f8457d6c0	But I came, if late, and actually helped you deal with these freaks. My man was held up by unknown types, so I got the message about the meeting you set late. I hurried as best I could, but I have plenty of problems of my own: first some brutes tried to kill me too, then someone attacked and seized our main stash, and instead of getting it back under my control, I came here!
2f8b5a108b	Well, recently my husband met some sorcerer who has drawn him into a new hopeless enterprise, and they've already wasted a large part of our family fortune! In short, I think this sorcerer is a common fraud, but my husband won't listen to me, so this leech will have to be got rid of more radically.
2f96a2d144	I'll try to investigate what happened and find out who's behind it.
2f9ecbfd6e	It's quite possible you'll vanish for good in some sewer yourself, and I'll take your stone!
2fa27fc021	And where does your father live?
2fb0269076	Bloody Harvest
2fc025b888	All right, teleport me to [BLUE]Sol-Laqueul[]! Here's my gold.
2fc17e88de	Glad you haven't changed over the years. But Bubba is mine. I'll deal with him personally.
2fc35631a1	You look too fresh and sensible for undead. I've never met a creature like you before.
2fc8a6e783	Of course, I can call my buddies to help us, but I'll need at least a minor mana potion.
2fca1819b9	Me go with you! Together kill everyone! You give me {LEVELx20}.
2fd061d7ed	[BLUE](You break the tombstone, but the released charms strike you)[]
2fd09b2c11	Oh no you don't, I'll punish you for your crimes!
2ff9fd218b	I must find a way down from the castle walls.
3009a34942	[BLUE](A serious-looking young woman)[] Hi, good to see you! Are you looking for Adaon, or just dropping by?
3009af6c77	Exactly. The meeting will be a setup. Without drawing attention, you watch how it goes. If everything's fine, my man goes on to the real meeting with the mage. If not, I'll know who the rat is, and I hope you'll manage to make him talk, to find out who else is with him.
300aa42a98	I must defeat the cache's guardian to get the unique Myrosian armour.
300d50153d	What happened? You attacked the boss?!
3016b7a098	In Rigordion I met Agnius Northson, who offered to make me a partner in his venture, but I refused.
30228c042f	The governor of Istril asked me to find and kill an evil mage; I agreed. I can find this mage in the ancient ruins beneath the city sewers.
30300cf84e	Well said, Katasakh.
303389cb1f	That's not a problem. The main thing is we need some object that belonged to our dead man for a long time. I hope you have something suitable?
3044edfc7e	I killed the evil mage; now I need to take the spellbook the governor spoke of from him.
304875677b	And what beast do you need to get?
304faf971e	[BLUE](Insert the blue stone)[]
30567a21d6	I must meet Mikaela and the other members of the musical troupe in Lannegar.
30579dc3cd	No, freak, I'll just finish you off, like your icy lackeys!
305d3baf4b	It seems the demon bear's lair is somewhere near. Everyone be ready!
305f2f3528	Great, I have that armour with me: Armor of Rage.
306208097b	Oh, poor Katasakh lost big again? We'll try to get him out, though they clearly won't be happy to see me in Freetown.
30738eb6ed	The demon and the dragon are locked in battle; I must help kill the demon.
307bbfa635	[BLUE](As soon as the collar snaps on her neck, the magic takes control of her)[]
30827b80c4	Thanks for sharing the information anyway.
30834316ab	Bless this claw.
30856992b5	I came to terms with the fishermen; now I need to meet Kiara's man on the pier in Liberty at night so he can take me to the captain who betrayed her.
3090c88766	The kingdom has many big forests, and it's easy to get lost in them. But I'll give you some effective advice: if you get lost in the forest, go home.
30998607c7	Of course, I'll be back.
30b12540e9	Duck Tail didn't tell me anything useful; now I need to go to Icemist, where I'll find Boss Rickman's man, who will help us.
30b4eb72c2	Great, I have that armour with me: Forest Chain Leggings.
30ba01caeb	So which of these four bosses has the lowest level?
30cf16ad09	Hello, Sybil. I just wanted to visit you.
30eaa773d6	Maybe so, but I can set men on fire, unlike a cold fish like you!
30f251c31d	Excellent! I'll pass them to my people right away so they can start work. Only I couldn't come to terms with Hilt the smith about the iron. Perhaps you can change his mind.
30fb3910d8	How dreadful! I am very glad it all ended well and you are unharmed. After such an incident, perhaps we should return to the city and prepare better before carrying out our plan.
310809ce69	Run, fools!
310c8f692e	The Undermother.
310fe660fc	North: Royal Castle. West: Istril. The south and east signs are missing.
311bc6436f	Let's go back to the boss.
3123cffe97	I need to steal a certain treatise from a monk. I've been courting him for a long time, but he still doesn't trust me completely. Since I have no time to spare on the monk, I'll persuade him to take a night walk alone with me outside the town on the lake shore. You'll come to the meeting instead, take him down, get the keys to his lodgings and bring them to me, and I'll handle the rest myself.
312a105293	Yes? And you seem to know who'd be better to turn to?
312ad15adb	And how am I supposed to take this? You don't come to the arranged meeting on time, but some bastards show up who want to kill me!
312ef26714	All right, it's a deal!
3138f30def	It's the essence of their existence. They can't live in peace with nature or with themselves!
314130b36c	Oh, I can't believe I'm home again! Quick, let's go to the entrance of the royal castle!
3146a02bda	All right, good luck to you.
3146f7f239	Well then, let's get down to business.
314c9a4048	I've settled the matter with the sorcerer; now I need to tell Lady Ironstone.
31540ed45f	I'm not going to take part in such ungodly deeds!
3163b7e2fe	"This is the lair of Mikaela's stalker."
316d293905	Don't hang around here doing nothing if the boss gave you a job.
31762369c4	One less freak picking on girls. A pity there are still plenty of brutes like him. It'd be nice to cut their numbers, starting with this carrion's buddies! Hey, since you helped me, maybe you're ready to help once more? You won't be sorry, with personal gratitude and more!
317c0c449d	All right, here's 100 coins.
317e7622f7	[BLUE](the man in hiding, realising he had been spotted, jumped out of the bushes, but he wasn't alone: several more armed cutthroats showed themselves and advanced on you menacingly. Fortunately you won't have to deal with them alone; Havis came out of the hut and immediately attacked the nearest bandit)[]
3190558738	So here's what I suggest: the Philosopher and I will go to that island to scout it out first, and you pass the info to the boss so he can get ready for the showdown.
319675f8a3	Glad to see you, hero!
31983b05e9	[BLUE](he watched the woman, wincing slightly, and said quietly)[] Havis comes from the wild southern tribes, and they have peculiar customs. We'll come back here to collect them, Havis. Your reward, hero. I could use such a good fighter. Thanks to you the outskirts of Istril and the surrounding area have become safe, so I can act; you can go back to the gatekeeper and tell him I received his message and agree to his proposal, but on my terms. See you later in our settlement.
31a47cc556	And these creatures live beneath the castle, and they have an alliance with the baron, or rather, had.
31aa23b2fe	I spoke the strange wizard's spell and ended up in an unknown place. Perhaps I'll find the knight Damian here, but above all I need to find a way out.
31b0292139	I was attacked by the brigands who killed Alarion's people; I must deal with them.
31c873ea8b	We'll never forget your kindness!
31d3b0306f	Of course not! [BLUE](the old goblin answers, without even looking at the object in your hands)[] If you were interested in history, you'd know the dragon-slayer mages defeated the Dragon Lord and destroyed his crown. And from its remains they made this rubbish, to mock all dragons.
31d54f07a4	You're just in time; Havis has returned with news from Sol-Laqueul.
31d9478897	Fine, walk however you like...
31fbd6b541	I don't mind either.
320ad92ca9	Ah, Alarion! You decided to come to the meeting after all. And who's that with you?.. Wait a moment! I recognise this freak! He nearly killed me in that damned mine!
320fcc05c3	[BLUE](a woman in a hooded cloak)[] We need to stop by my hideout in the north-east of Kalion's Ridge.
32136342ae	Clearly we're done here. I hope the new owners of the castle don't take it into their heads to flirt with these bloodsucking creatures too and help them get free.
321854618e	That's not enough! We need more substrate!
321a5975be	I see... only could you speak more quietly, so we don't draw the attention of the locals?
3220bf3d4c	Stop, fools! That is the passage to hell! Unknown nightmares and a terrible death await you there!
3226d5428c	I'd be very glad to join you, but you already have someone with you.
3230d2db7a	Go inside anyway.
323285656f	I understand you, governor. Farewell.
32395f1fb6	As soon as you touch the stone, you feel as if an unknown force is pulling you into some tunnel.
32511fec12	What have you been up to lately?
3256b29385	If he's the last obstacle to our escape from this place, let's finish him.
325de32cc4	I'm glad you agree with me. Now this legendary armour will become public property! And as a reward for your efforts I want to present you with this artifact and some coins. They'll always come in handy!
3271caa666	Well, some proposals are quite reasonable and workable, but others need discussing with the Lady and the terms revised.
3277a255f7	Incredible, thanks, buddy! Only flowers alone won't do. My lady wants to hear new poems by a famous poet named Leoric, but the problem is that this poet has left town in search of inspiration. Rumour has it he was last seen at Sydarun Oasis.
327843860c	Saved the world? Don't make me laugh! Nothing will ever happen to this world! You were saving your humanity, and if you ask me, you're parasites. Whatever catastrophes happen, some of you always survive.
327d9060e7	I must find the poet Leoric and get his poems; perhaps I should start searching in the Sydarun Oasis.
328d378fe2	I'll try to find us hunters.
328ea1d97a	Yes, thanks for helping me deal with this problem, only how can I repay you?
32a02bb7a8	Damn, are you serious? We took you onto the team only to crack the magical protection, and you can't even do that!
32a51925ef	Can you enchant this Adamantite Longsword?
32b0326fde	In the abandoned mine I came across a dying warrior-priest; he asked me to find his surviving comrades, and I agreed to help him.
32c501f3d8	[BLUE](A short, pretty girl with unusually coloured hair, glad to see you)[] Hi-hi! You must serve our kind Lady and be very busy carrying out her errands, so I won't distract you, so the Lady doesn't get angry and bring her wrath down on you!
32cee445cf	[BLUE](A swarthy man in a hooded tunic)[] Glad it all went well.
32ddbdafea	[BLUE](he clearly had no intention of leaving you alone until he got what he wanted, and kept begging insistently)[]
32e1ee8bd4	Don't waste your time, mortal. I am eternal. You are not.
32e49b12c0	They've clearly learned to make the most of all the... resources of their kingdom, but for dubious purposes.
32e8740c6c	Yes, of course! I adore all my fans, but you're my very very favourite! Here!
32f2406327	All right, I can bring them to you. Where should I look for these priests, and how many skulls do you need?
32f8ab28ff	Yes, they're ready to help Vince.
32ff6afa7d	Aha, so one lucky fellow got lucky, which means someone else might strike lucky too.
3307720b8e	Can you bless this greatsword, Soulcatcher?
330c796079	Bless this Axe of the Depths.
330cd193cf	Ah, so that is what gnaws at you. But you shouldn't blame yourself so much. You have seen for yourself how evil spirits poison the minds of righteous people, and their queen is clearly far more skilled. In any case, she would have found a way to free herself sooner or later, and it simply fell to us to fight her.
331027b3d9	[BLUE](the last page was written in haste: "...the puzzle was no problem, I didn't train my intelligence at mage school for nothing, but the golems, I didn't have the strength to deal with them. It seems I can't beat them alone, but I don't want to share the reward either. It would be good to improve my perception and dexterity too, so I don't get lost here and can slip past the undead easily)[]
33122cfcc7	Great, I have that armour with me: Black Silk Leggings.
331232c5cc	I need to deal with the mad wizard; I can find him north-west of the Dragon's Nest.
332ba8761e	I need to go to Istril and find Lukan or Magister Kaledor.
333ca90cc7	Uh, I don't know who you are, we just wanted to find treasure here, but if you don't like guests, we'll leave right away so as not to bother you!
333d41ffd0	[BLUE](Shedding your excess clothing, you set about proving to the young sorceress that you're a hero not only in battle but in bed too. When you finish, the girl can barely move)[]
334cc11ec7	What's wrong? Are you tired, do you want to rest?
3357b6ffdc	A goblin.
3358584535	[BLUE](the girl had barely gone behind the house when she came running back out, squealing)[] There are bull-men there! [BLUE](a group of minotaurs, clearly spoiling for a fight, came out from behind the house after the girl)[]
33598d96db	Great idea, though it may be hard to find anyone willing to join in such fun. My assistant will now start preparing the champion's award ceremony. What brings you here, Alice?
336eee35a1	Fine, think whatever you like...
336f9498ef	Here. Is this the genuine Dragon Lord's Crown?
336ffcd39d	No! Yes. I mean, I need to pee. I'll quickly nip behind the house, all right?
33808fe9ca	A Lucrative Venture
339b459d45	Can you enchant this axe, Thinker's Argument?
339d21923c	All right, then I won't bother you.
33a507d525	Anyone can throw a stone at a wolf, but not everyone can throw a wolf at a stone.
33b3345ceb	Damn, looks like you won, but don't hope to get out of here alive. I'll take you with me. I've got a little present for you!
33b7fcfdfb	[BLUE](Using brute force to put a collar of submission on him)[]
33bb6557e0	Well, you can keep quiet, nobody's stopping you, just as nobody's stopping me from taking you to the city, where I know the captain of the guard. He'll readily believe me that you're the one who killed the owner of the house you were watching. There'll even be witnesses who saw you near the place. And I'll also see to it that you get the harshest punishment under the law of Thuram.
33c007aba6	But King Kalion was known for his healing skills, and thanks to him the baby survived, but she remained very weak and for five years did not learn to speak. Many teachers assumed she would remain simple-minded, but to their surprise the girl did master speech and very quickly learned to read and count, and took up various sciences. Besides that, she showed a talent for magic, which is no surprise: her mother was a powerful sorceress and a member of the Magic Council.
33d4fbc42e	Then who are you, and what are you doing in this cursed place?
33eb6a62d7	Hmm, this cloak looks familiar. I believe it belongs to Sir Damian, whom I sent on an important errand a couple of days ago. There has been no word from him since.
33eb9d6375	[BLUE](The little boy has just come over to look at the tree you brought)[] Wow, what a beautiful fir tree! Once it's decorated, it'll be even better!
33edcaae05	All right, actually you're not bad-looking at all, even quite attractive in your own way. You just need a bit of washing off the slime, but I'm ready to satisfy you as you are, right here and now!
33fc0e935f	No need to shout for nothing; I simply offered a higher price for the service. I see you've finished building your device! Excellent! Well, we don't need you any more, but if you behave calmly and stay out of other people's business, I'm willing to let you go in peace.
340e68582b	Great, I have that armour with me: Dragon Armor.
342924f49e	[BLUE](The serving girl is clearly busy with customers)[]
34529a26de	[BLUE](Several possessed have crowded around the girl, one standing a little way off by a brazier, holding a burning branch, but they all break off from what they're doing at your arrival and start growling at you viciously. Evelina raises her head at the noise and notices you. Her eyes open wide, but she makes no sound, since her mouth is gagged with some rag, but she starts twitching and writhing in her bonds)[]
3453b0dfed	Nothing yet. I wanted to ask: have you come across zombies in your woods that look like clergy?
3457aebe20	[BLUE](A peasant by the cart greets you)[] Good day to you! If you don't fancy walking, I can take you in my old wagon.
345dbf7735	Right. I'll hire a ship in town so you, Vince, can get to Friguld and find out everything for sure. And you, Johnny, together with our friend, will go to that Ilmaran settlement where the Varannari live and try to get them talking about wild magic.
345edf3a04	[BLUE](A kindly-looking old wizard glancing around fussily)[] Greetings, valiant traveller! My name is Balthasar the All-Knowing. Will you spare me a moment? Very strange things have begun happening in our lands. Out of nowhere, all sorts of outsiders never seen before have suddenly started appearing. I'm trying to get to the bottom of it, but I can't do without the help of a brave and mighty hero.
346a0f0011	What do you say, little dragon?
3473f63331	Bless this greatsword.
347536701b	I have no close and loyal allies left; it's all in vain now. If I carry on there will be even more pointless deaths, and it won't lead anywhere.
3488b4c7d8	Greetings, traveller. The Heavenly Knights have landed on the coast. It's not safe here!
349847b05c	We do not share our secrets with the impiri. But you are known among us. What exactly did you want to know?
349e81cb32	Well, I recently met a certain she-dragon. An indescribable delight, she's all death and destruction of everything and everyone! Only she thinks I'm a loser: like, my cave under the mountain is small and there aren't enough jewels in it, I burn fewer than the proper hundreds of heroes a year, and most of all, that my, well, you know what, is small! But that's not true, not by dragon standards anyway!
34a5aec3f4	I must assemble a crew for the heist; first I need to recruit the spy Anika Jennet in Nivarian.
34b903ee02	Yes, that's exactly the problem. However many of these creatures we kill, there are only more of them, and one of the high priests believes it's all because of a curse dwelling in the burial mound not far from us.
34bafea057	And what are you going to do now?
34c42ffe66	Well, a jack of all trades named Hermes settled here with us. He made life much easier for the locals with the inventions he created, but a few days ago he suddenly disappeared. My scouts managed to find out that the Heavenly Knights kidnapped him.
34c43b8d47	If the guards couldn't handle you, I will!
34cc08effa	Hello, you don't happen to sell celery or radishes, do you? The choice of vegetables in town has shrunk lately.
34d218a746	Well, it's clearly unwise to turn down a dragon. So what's this job?
34d40f2ec9	Here's your reward: a magic cloak, as I promised.
34d5d2e411	The messenger who was supposed to bring your reward from the castle has run off. He was seen near the sewers. Unfortunately, all my people are busy with the orcs right now, and I have no one to send after the scoundrel. You can try to catch him yourself, and meanwhile I'll go to the castle and try to get you compensation in case you don't manage to catch the thief.
34e88a0d8d	[BLUE](a bluish smoke began to envelop you, and soon it was so thick that nothing could be seen through it. When it began to clear, you realised you were in some other, unknown place)[].
34eb38aa78	I have a minor mana potion, go ahead!
34fb22d2ff	All right. And after that, shall we go back to the city or deal with your errand?
34fb89c5e0	This sword will be even mightier than it already was!
35070b2b07	Bless this Bluesteel Greataxe.
352e30d8e8	If everyone is ready, we set out.
3535452348	I want to thank you too, mister! I found this thing in those ruins and I want to give it to you!
353c038665	I thought you were dead!
354751d647	Sorry, but this time we won't part peacefully.
355ea37192	Glad to help, but who are you, and why are you alone here in the middle of the swamps?
3572935aa6	Well, you know where to find me if you want to see me again, my friend.
3583a81654	"The door leading out of the sorceress's tower."
3591187c6b	Makbul's boss needs to get some things out of the city, quite possibly stolen ones; I agreed to help them. I need to meet him at night.
35930d6810	No need, captain. The hero will be in the castle under my responsibility. Let's go.
3596c1b32f	Dominic has started a showdown with a gang of slavers; I must help him defeat them.
35a558a268	"Obviously a magic door, covered in runes, with no keyhole or handles; all it shows is an image resembling a very menacing old man."
35c2491d2d	Well, you obviously know how to kill. Let's go and discuss our business with the princess.
35cefd36b9	Thanks for the help, buddy! If not for you, I'd be dead or worse!
35cfe1683f	Good to see you too.
35d59def66	Thanks even for that. In short, I need information about an ancient troll that has eggs with powerful magic power, and where it lives.
35df3528fe	My work on this armour will cost you 260 coins, and I'll also need two white wolf pelts.
35ee9727e4	Sounds dangerous. I think I'll pass.
35f99a0878	No idea, but try asking the customers. Maybe they've heard something.
35fa916b07	Great, I have that armour with me: a Forest Jacket.
35ffbb5310	To begin with you could just try to scare him off our family, but if that doesn't work, then he'll have to be killed after all. Once rid of this swindler, I'll keep a closer eye on who my husband meets. I understand it's not an easy job, but I'm ready to reward you handsomely.
3608e651e1	Magister Windchaser turned out to be the very man who hired them! Percy suggested going to Lannegar to catch the leader of the brigands hunting me and use him to set an ambush for the wizard.
360d16ce26	Every one of these queers will get what they deserve!
3617bafd7c	[BLUE](One of the surviving members of Nail's gang)[] Hey, you, damned rat! The Seventh House will learn about your doings here, so don't hope to go unpunished!
3619d88dc9	"This must be the hideout of the adventurer who stole the sword."
361af5007a	What?! You can talk?
3642570f83	Oh no, Kiara! [BLUE](He rushes to the woman lying on the floor while you deal with the archer)[] Don't die, Kiara! Don't die!
364831b580	I'm so tired... Dear, I'll go to my chambers. We'll see each other later, when I've rested!
364e222aaa	Here's what's known about that case. There's an old magister, Mundrick. He's retired and lives quietly on his pension. It was to him that the adventurer who'd been to the temple came, and he even brought some thing back from there, supposedly needed to reach the lower levels of the temple. So if you need details, go to Mundrick. His house is in Whitetower. Maybe you can even buy that thing from the temple off him. He's a cantankerous old man, of course, but I think you can find a way to approach him.
3653287072	Remember, it doesn't matter how many times you fell. Nobody was counting anyway.
366210bd93	I noticed you were watching a certain house whose owner we meant to visit, and it seems you were waiting for my two friends in particular to arrive, in order to report it to the guards, weren't you? But you clearly sensed something had gone wrong and decided to slip away. A strange way to spend your time, unless you're paid for it. And I'm just curious about the name of the one who hired you.
366624308a	Agnius suggested hiring three hunters to supply us with pelts; I've found two, one more to go.
3666dfff09	Oh, all right, I'd have had to start this conversation with you sooner or later anyway, though I'd rather it had happened under other circumstances... One of my spies told me where you were, so that's why I'm here.
367f3e59d4	Hm, you know, then I can help you acquire a proper home in Icemist. How does that sound?
3685accd65	You're a mean lady! [BLUE](The little boy bursts into tears)[]
36a8edc637	I've brought you the artifact.
36b01445ba	I'll tell you when you grow up. Layla, I heard, runs her workshop in Kingsbridge, and Violetta and her friends organise all kinds of little tournaments and carnivals in New Garand.
36b59d189e	The man Kiara sent to the meeting turned out to be a traitor; I must deal with him.
36bed1d64f	Got you now, Lexus! Didn't expect this, did you, villain?!
36c3d95253	[BLUE](a middle-aged man, a trinket seller)[] Well, well, look who's come to the capital: Neville in person! What wind brings you here?
36d3e49fb3	And what will you do? Chase me off with your bleating that you call vocals?
36d7f4beaf	Yes, and a very skilled one, believe me, and I have something that I'm sure will interest you a lot.
36de664b8a	And it seems I can no longer help Alarion. After what happened to Princess Evelina Lightwind, my days are clearly numbered too. Perhaps I should try to escape from Istril, but I'm afraid Bernadette can find me anywhere. Tell Alarion about this.
36ecca5434	Of course! I've already found out where those bastards are. The authorities wanted to try them by their laws, but I don't care about that. I'll be judge and executioner for those animals!
36f74e03ff	[BLUE](You're caught in a whirl where it's impossible to see anything or even tell up from down. But then it all stops, and you're back in Whitetower)[]
36f7c7afcc	Well, if I help you get it, will you help my friend and me clear ourselves of the false charges?
3712c2a2ea	I need to go to Lamis, where I may find information about Adaon's killers.
3714aeb744	The captain of the guard is unlikely to help; I'll have to find whoever sent the thief into my house myself.
3716108cec	So what was your plan, Baron? To set us against each other? But what would you gain from that?
371922f118	All right, I'll try to do it, Mika.
371f28e353	In case you didn't know, I'm very good in bed, so I'm not getting up more than I have to.
372013cd34	So how is this information useful to us?
37262b7d46	I must meet Neville's accomplice at night in Freetown; he'll take me to the young lady I'm to eliminate.
3729797431	And where's the entrance to this tavern?
372cdae2b3	Hey, what's that?!
3730937290	Calm down, Catherine, it's all behind you now! Here, take this for your help. I'll take the girl to her father, and then go straight to Captain Dors to get to New Garand for the meeting with Hugh.
37318212d1	The world around you spins fast, and along with streams of your own vomit you end up in a completely different place.
3767502cc0	[BLUE](a sturdy-looking old man with a stern face smiled when he saw you)[] Greetings, traveller, glad you made it. I hope those ice guardians didn't give you any trouble? They're very old, the magic in them has weakened, which makes them hard to control, so sometimes they attack everyone indiscriminately. You're probably wondering what some old man is doing here on an island in the middle of a lake?
376bcf9139	We'll help you gain your freedom. Where can we get the artifacts we need?
3790b9d6cb	What lies further north?
3792e29385	According to the latest reports, he has settled in the old lighthouse north-west of the Dragon's Nest.
3794b28b89	Oh, I felt Oberon's presence suddenly vanish. [BLUE](The woman takes Oberon's heart, and it instantly freezes in her hands and crumbles into small pieces of ice)[] Well, at least he's free from the chains of an eternal, meaningless life, and his spirit has found peace...
3796db8904	I've fallen into an ambush by unknown mages! I must deal with them.
379c0876b7	Thanks, I hope it works out for you.
37a3ae51aa	Maybe we can make a deal?
37a8600621	Something Is Coming...
37b9799bfa	You'll find me in the temple of Rigordion if you need my help again.
37dd97eb62	Great, I have that armour with me: Tolassian Chain Leggings.
37e575e575	Yep, me and my friend. Hugh is planning a new job, and we need you, Katasakh.
37e9695611	So far it's all empty talk and nothing more, buddy. I'm ready. Are you going to get down to business, or are you scared of something?
37f5e26c25	I'll do everything I can.
382d5c0c2a	What?.. It can't be! This is a detector that senses the presence of outsiders... [BLUE](The wizard's gaze slides across the room and stops on his apprentice)[] So that's why you care so much about these outsiders: you're one of them!
383337fbdb	I've been ordered the hide of a spotted swamp creature. From what the local hunters told me, these beasts live somewhere in the eastern part of the Tormenting Marshes, far to the north.
38371cc418	So far we're managing against the undead, but there are more and more of them. Don't drag out your errand, or there'll be no one left alive here to reward you!
385219289b	I need to get into the castle itself to find the surviving villagers.
3867a31de5	I came to terms with two groups of fishermen.
386f40f070	But she's your friend. She speaks well of you and hopes for your goodwill. Maybe she's too chatty and loves making up all kinds of nonsense, but that's no reason to be offended and upset her.
3890f21b22	Great, I have that armour with me: Legion Leggings.
38916c65e7	([BLUE]A knight in unusual armour, cleaning blood off his sword[]) Thanks again for the help, buddy! Now the goblins will certainly cause the settlers less trouble, and I'll keep trying to drive the green vermin away from these lands for good.
389e055fe8	All right, where can I find this forester?
389fa0e227	All right! [BLUE](To your surprise, the girl bends down, pulls off her panties and holds them out to you)[] Here, I hope you're lucky and manage to catch this stalker!
38a7a03256	Depends on the potions.
38ac5419ce	All right, all right, if you need it that badly: you'd have to go a very long way around the snowy plateau to find a suitable place to climb, but not far off there's a small hill with a cave entrance, and those caves lead up there. But be careful. The caves are full of dangers.
38b7ce6e81	A hundred and forty?! Incredible! How is that possible?
38ca55359d	The castle is under siege, the gates are closed. Get out of here!
38e48c2f61	I found the knight Damian. He supposes the way out of this place is in the magic fortress, but getting into it requires his powers, which something in the cemetery to the north-west is blocking.
38e780647b	[BLUE]A menacing fatso in heavy armour guarding the castle gates[]
38ee613af5	Er... Actually, this message isn't from the tax office, but from an anonymous source.
38f6356033	[BLUE](a serious-looking, richly dressed man)[] Greetings. Report to me as soon as you make progress in your work.
3906c16142	Try to break the glass with something heavy.
390ad08b46	Maybe it'll still work out for you.
390cf10528	And who are these light people?
39231842a7	To get the royal permit I must eliminate some poet; I need to meet the client's man at night in New Garand.
39236a5494	What an unusual weapon! To lay the charms effectively I'll need other ingredients, namely fourteen human skulls and two demonic ones. And because the work is difficult it'll cost more: [BLUE](1600 coins)[].
393bf97053	Accept these gifts in thanks for saving our lives!
3945ecfd89	Great, I have that armour with me: a Tempered Breastplate.
3947612370	Yes, let's go on. And, oh, I hope you won't tell anyone how I had an accident here?
39531fe00b	Will I have to kill them?
395bb921b7	Oh, then we can help you so you don't lose time. What needs doing?
396d109fcc	Hi, hero. I'm busy right now. I have no time to talk.
3977b286fa	The cursed blood didn't grant me immortality, but it let my spirit remain in my body. But no matter. Wherever you've hidden my wife, I'll find her, and the ritual will be completed!
3978a6d5f9	You won't believe it, but I'm the leader and lead vocalist of the famous and very very best music troupe in all of Varsilia! I named it [BLUE]"Lilac Blackberry in Trembling Clouds"[]! Doesn't that sound so cool?! Any day now I'm going to set up a tour. We'll travel all the towns and villages of the kingdom and play to packed houses!
3978f4125a	[BLUE](you notice a blind beggar, the same swindler, Adaon's acquaintance, you've met before)[] Have mercy, spare something for a poor blind man! I'm hungry and wretched...
39842b1c49	[BLUE](a woman in a hooded cloak)[] Let's head for the exit, there's nothing more for us here.
39866e7eab	The magic map is restored; now I must use it to find a cache in one of the ruins where I searched for the map fragments.
3990f9f895	Don't count on it, idiot. I guessed right away you'd try something stupid here, so I came prepared. And it's good you came in person. I'll get the chance to finish you with my own hands, unless, of course, you lose your nerve at the last moment and try to run, but I've cut off your escape routes!
39a83632e2	The wizard Isabot suggested the crystal is somehow connected to the red ghost that has begun appearing at night around Freeport; I need to find it.
39a87f4668	That's for sure! Recently we met a sorceress who makes magic spheres that can store how we perform songs, and thanks to these spheres our songs can be heard anywhere and anytime without us! Soon we'll start selling these things, and the sorceress is thinking about how to make it so these spheres don't just let you hear our songs, but see us singing in them too!
39af2b50d0	Maybe he's hiding somewhere?
39b66c8c6e	If he really did betray me, don't stand on ceremony with him, but first try to make him talk about the other rats.
39b845e7e1	That's none of your business, got it?
39c1c2ba7a	I want to speedrun this game fast, help me with that!
39c5907ccd	No idea who that was, but I'm glad it passed without a battle!
39c672cecf	Excellent, then let's get to work.
39c8ecc164	You know The Undermother? I'm the father.
39d8c8d930	Never mind. You'd better tell me quickly why you were following me, while you're still in one piece.
39f131bf1d	The boss is expecting you, and don't even think of leaving town early. We'll find you again anyway!
39f9f8b447	Reforge this greataxe.
39fb3b1e99	Magister Windchaser's ritual didn't go to plan and he died; now I need to deal with the consequences of his failure.
3a098f4f8e	What a nightmarish holiday!? I hope they don't hold it in this settlement?
3a13618006	Yes, I heard something about it back in my student days, but I can't recall anything really useful. Although there was a lad back then who was very keen on the subject, and I think he's now a great expert on it.
3a13b4c704	Glad you've accepted me. Perhaps you'd find information about the location of the laboratory Astutus recently set up useful.
3a24385042	Hey, are you alive? I have healing potions, I can help you!
3a295a6f57	[BLUE](This warrior cleric looks saner than the others and has no intention of attacking you)[] Your deed, stranger, is without doubt a noble one, but you shouldn't have come so far. No one can be saved here now.
3a3a25feef	I need to talk to Rickman about being ready to take part in the showdown.
3a477db317	[BLUE](Another bandit comes running from somewhere, the same one you met by the road threatening a girl)[] Hey, Vince, get back to the base right away!
3a48849918	Hermes died on the way back to the settlement; I need to tell Captain Bloodsilver.
3a4e4d9008	Thank you for helping me escape and reach this settlement. I won't bother you any more.
3a6fed060f	Enchant the sword Orcslicer.
3a725690b7	Oh, the poor thing, what a pity. I asked her not to follow me, but she never listened to what I said. It can't be undone now, but we can still find the villainous wizard who caused it and punish him.
3a7de772ee	I'm an arcane knight in exile. I can't tell a stranger more about myself. As a noble hero, I patrol the kingdom's border and destroy any vermin threatening the nearby villages, and this is one of the places I use as a camp. If you're interested, I can tell you the history of these ruins.
3a803426f8	Meow.
3a87a8d2a5	[BLUE](It seems Dominic and his friends have started a showdown in town!)[]
3a8f4c7c0f	Good. And finally, an experienced coachman who can easily get you away from the robbery and, if need be, shake off a pursuit. You'll handle the search, and meanwhile I'll try to find out anything I can about the Whitetoads' residence.
3a8f97de81	We've come to take the horse stolen from Dominic, and you won't stop us, freak!
3aa17c689e	Well, to start with we need a decorated tree, a fir, to be exact. It'd probably be best to bring it here.
3aa51cbd62	Your games are over, freaks!
3ac4d703f1	Bless this Orc Axe.
3acadee6c5	Anita told me the sword is with a thief; I need to find his hideout in the Emerald Valley.
3acf3ad2a5	You spent a wild night, but got up in the morning full of energy. The girl was no longer in the room.
3adb3dc627	I hope the troubles with these necromancers are over now.
3b0b79823e	Reforge this mace.
3b0bfe5385	Do you know what this Curse is?
3b16a9926e	Thanks for helping me beat those freaks, friend! These parts are far too dangerous to wander alone!
3b1b2d8ce9	Fine, it doesn't look like you'll freeze in this place or be bothered by insects. Let's go find the way out.
3b29f9021e	[BLUE](The girl rolls onto her back, settles more comfortably on her bed of branches, and looks at you)[] Well, I overestimated my strength and abilities again, but you came to the rescue just in time. These crazed people wanted to roast me and eat me. Good thing they only tied me to that spit instead of using it... as intended.
3b384d436c	I have no need of coin.
3b3be86311	I met Princess Bernadette, who took me to the royal castle.
3b3f0a95a6	[BLUE](A fairly young-looking wizard looks at you condescendingly)[] Leave me alone, I'm busy.
3b406dc1c7	I don't want to rest.
3b48d57a30	Hm, ten? It feels like only yesterday we said goodbye at the northern pier... You, I see, haven't changed much since. Well, since you're here, you must have decided to keep the promise you made me when we last met. Do you remember it?
3b542fda05	Then let's not waste time. Let's get to work.
3b595ea484	A Test of Honesty
3b63da93de	I need to beat you up, wherever you are.
3b6dadf35d	We can come to a peaceful agreement.
3b6ec49006	Thanks, I don't need anything.
3b84a7d02b	[BLUE](Step in and help the lad)[]
3b84cef4bd	Can you enchant this longsword, Sacrifice?
3b8fb39ee2	Nobody knows for sure. But he was killed with magic.
3b96e80d2c	Well, it looks like we're done here. He won't cause us any more trouble. And now about your reward, hero.
3ba329e415	Yes, that's the simpler way, but since I started all this, I'll see it through and win this lady over! But I can't do without your help. Because of the guards I couldn't fulfil her request, so you'll lend me a hand.
3ba52e152e	The fortress is north-east of here, in an area the locals call the "Hidden Plateau". First you need to reach the lake fort, where a boatman I know will take you across. As for how to get inside: if you're mighty enough, you can try to break through the guards, but there are rumours of dungeons under the fortress. If you can find the entrance, you may manage to reach the library unnoticed.
3bb2f358e2	Then it's a deal; as soon as I find a suitable place for you, we'll meet in Icemist. Now about our business. Balthazar has protected his tower with a magic field that keeps outsiders out, even by teleportation. But I have an artifact that opens a breach in any protection for a couple of moments, enough for me to teleport to him. When you go back and Balthazar decides to show you his device, that's when you activate my artifact, and not before; the thing only works once, and finding another like it isn't easy. Is that clear?
3bb43d4df3	I need to bring Evelina to the captain of the guard in Istril and report that the orc problem is solved.
3bb8b23b2f	In the forest by the quarry I found a body torn apart by beasts, most likely Kriop's, and also Scarlett's bow. I need to go back to her, tell her what happened and return her bow.
3bccf2c31b	Nope, he's a cheapskate, and I don't talk to cheapskates.
3bcef6da41	The forester said he saw Prince Vardie on the snowy plateau in Dreamsnow Valley, but he doesn't know how to get there. Perhaps the royal rangers know; their camp is in Dreamsnow Valley.
3bcf74cc2a	And for Ilmara we're preparing an exclusive show: a charming holy warrior woman who slays any undead with her sexiness! I'm designing a special costume, like a metal corset as armour and a chainmail skirt that leaves her butt cheeks bare. In this costume, with a wooden sword, she'll whack the backsides of men made up as zombies! Do you happen to know a cleric girl for the role?
3bd09f4ad6	Aha, and here's the second goat! Were you eating our mushrooms, you scum?! Do you know that those mushrooms are our relatives?! Quite possibly you fried and ate my little brother or sister, you freak!
3bdbb77688	It's simple. I'll arrange to meet them after dark outside the city walls, somewhere to the south, and you'll get rid of them, and then nothing will connect me with them anymore. Agreed?
3bdd3c99c7	You're Sir Damian? I was looking for you at Sir Irolio's request.
3bf457989d	I have the required ingredients with me.
3bf810cbc1	[BLUE](In the castle courtyard the brave souls who answered Amos's call have gathered, ready to storm the castle and waiting for you. But suddenly white smoke fills the courtyard, and vampires led by their lord begin to emerge from it. Baring their fangs, the vicious creatures clearly want to feast on your blood!)[]
3bfa343372	[BLUE](A kind-looking warrior woman who seems to be in charge of guarding the castle)[] Welcome to our city, traveller! No doubt you'll enjoy your time here!
3c096a671d	They clearly won't give us time to think about what to do.
3c2402a496	Isn't this thing a bit too thick?
3c2ccbda5c	Job done? Good. The boss of those girls won't calm down that easily, which means it's time to settle this with her for good.
3c5b542f96	What do you have for sale?
3c6215e071	Honorary Guardian Nabiya asked me to rescue High Priest Killian and his men, who went into the barrow; I agreed to help.
3c7427c6be	Hey, you teleported me here. Maybe you can help me get back?
3c7713b092	Meanwhile I'll get ready and head to New Garand to meet your boss. We'll meet there when you've finished the job.
3c7a1949b6	And maybe I should find Tol himself for you too? Or the road to the realm of the dead? That I can arrange for you quickly with a sword, and I'll take your stone!
3c7b0fd3fc	I'd love to, but I owe a lot of money to bad people, so if I don't pay the debt, let alone if I try to slip away from here, they'll kill me.
3c80842641	[BLUE](Your attention is caught by another device with a big magic light blinking on it. Neither the mage nor his apprentice has noticed it)[] And what's this contraption, and what does it do?
3c89d85b31	Well... I'm the one who freed the witch queen from the statue... But it was as if someone was controlling me, making the decision for me.
3ca7751c2a	[BLUE](The young-looking sorceress looks sadly at the monster's corpse)[] A pity it turned out like that with him, but we had no other choice. All right, I'll tidy up here. Don't wait for me. I'll go to Hugh without you. It's better not to be seen in Icemist with shady types.
3cb01ad480	Hi, good to see you again!
3cb3c10e3f	I'll hurt you very badly. I'll break you completely, despite your pleas, until you tell what Sansa wants to know.
3cbc91be4d	Magister Mundric agreed to give me the key stone from the Temple of Knowledge if I bring him a purple medallion.
3cd7e7ec27	Where can we find him?
3cda30b5f5	Put your hand on the door and hope for the best.
3ce4267014	Calm down, hero! We're not plotting anything bad or doing anything wrong! It's just an old abandoned tower we want to get into. There's nothing criminal about it!
3cedf68dc6	[BLUE](This seems to be the entrance to the main vault, but a magic barrier blocks the way. You need to find its key)[]
3d038c53b1	Hi, Gigi, I'm here on the boss's errand. We need to find one of the feuding groups of sorcerers who practise some special magic that supposedly lets you grow yourself all sorts of things.
3d13710878	I feel like I'm running around naked! Give me good armour!
3d2cb46779	[BLUE](the man's already bulging eyes widened even more with fear)[] Your... Your Highness... this... this is some mistake... I... I can explain everything...
3d30271db8	Then again I'll go alone first and scout everything out, and then you'll catch up.
3d34147577	Then let's get to work. Where exactly should we look for this mad wizard?
3d34b34681	You're too categorical. You won't be alone in the Council...
3d571df4d2	Not far from Kingsbridge. Christine will go with you to help you with this task, and you'll help them too, since you had nothing to do with this kidnapping.
3d5933a1d8	I helped the missing villager return to the village by Dawn Lake.
3d5fe95225	I delivered the gatekeeper's message and received a reward from him.
3d690e9c08	How horrible...
3d6a9b71b1	Layla owes money to local bandits; I offered to get rid of them. I must kill them in a rented house she'll lure them to at night.
3d74e1b88b	Of course.
3d85cfe085	Reforge this greatsword.
3d92baaf88	Well, that's what I'm saying: a couple of days in Lannegar and a week in the woods, that's how we live...
3da8a1ca60	What is there for me to talk about with you, necromancer?
3dae259d40	Thank you. I'm developing a new recipe for our brewer and I need blue seaweed. It grows on the warmer sea shores. Could you bring about six of it?
3dafb09bee	Oh come on, how could he be dangerous? He ended up here by accident and got trapped. He'd clearly be glad to be freed and go back home!
3db723d4dc	And this fellow will help us get the artifact?
3dba9bbb36	[BLUE](The mortal remains of one of the prisoners. Next to him you notice a steel key. Perhaps it opens one of the gratings on this level)[]
3dc43c3754	Then we go back to town.
3dc5e75428	Woof-woof.
3dc8cff6d1	The Archon and I must reach the rebels unseen and deal with them.
3dddc72355	Enchant this Mighty Power.
3de31974b5	For sorceresses that's no problem, especially for one as inventive as me! [BLUE](The girl takes out of a drawer a thing imitating a man's member and, with her hands, brings it to working readiness as if it were real)[] My special toy! But that's nothing compared to what they're used to getting up to here in Icemist!
3ded194992	I must collect the body of Adaon's double from the cemetery on the outskirts of New Garand.
3e08c63e35	I don't need a reward. As I said, I was bound to do it.
3e0dba80fb	What you want from me?
3e19bb4b14	I need to bring something that belonged to the founder of Castle Storme to the necromancer Gwen in the Deadwood. Perhaps Grissenda's sister can help me.
3e216f3fa9	Looks like that's what we'll have to do.
3e21b7536e	Ha! Then let's find out who's stronger, you or me!
3e2a0fac31	Do you seriously think your childish grudges are more important than family? You don't care that you're going against family with the bastard who kidnapped my son?
3e3ce83596	We can help you deal with this problem.
3e3f855d98	Yes, I'll take the job.
3e42da00c7	I want to thank you again for your help! We're going to bring in more righteous people to study the curse of the burial mound, so we can defeat this evil once and for all.
3e4befed78	Well, hello. I know sweet Agnes and the lady who came with you, but I'd like to know who you are.
3e5d3bd086	I hope we manage to come to an agreement with the Varannari.
3e6f675067	I defeated the thief; now I need to return what was stolen to Whitetower.
3e7b0a9848	All right, where is this tower?
3e7c570e0b	Maybe to you it was silly and not serious, but not to me, left here all alone all those years ago. I managed to survive and even fought my way to the top of the gangs, but I never stopped resenting you. You say we were too young then. Well, now we're grown-ups, so let's settle this like grown-ups, don't you think?
3e817b390a	Its previous owner is dead, and now I'm sure you are worthy to own this relic.
3e8b809eaa	Well, thank you for sharing such interesting knowledge.
3e8ddd2c6c	Balthazar is dead; now I need to talk to his apprentice.
3e8e76ed46	Where can I find that bastard Durant?
3e8feeadec	A dog's death for a dog!
3e95a19739	Of course, I'll keep helping you.
3e9823331d	Instead of giving you that kind of money, I've decided to finish you after all.
3e98481b70	All right, here's 50 coins.
3ea1dc4197	He needs a mage safecracker for a profitable job, and you're his best candidate.
3ea41cd9cd	For a warrior and a cleric.
3ed25c0f7b	The Magister has attacked us again!
3ed708089d	Boss, while you mess around here, some nasty people are going to cut my balls off! So let's finish my business in Liberty!
3eec1e01d6	A merry and happy holiday!
3eed36b60d	Yes, I have a cursed sabretooth eye with me.
3ef68d7a62	I must deal with the mad wizard.
3f01d09d4a	Right, let's hurry.
3f035b4b9f	And what difference does it make, backwards forward or forwards back?
3f05fb126b	Thanks for the offer, but I'll manage myself.
3f069169d1	All right, there isn't much information, but I'll think of something.
3f0a702d26	Ha, you can't ask much of an old man... Wait, what was that noise over there?
3f0f092791	You want me to find and destroy these zombies?
3f10f6c144	Please move over a little, you're in the way.
3f1247fc6d	I suggest we pay him a night visit and find out why he set this up. As I understand it, he lives in Icemist?
3f1ae4b43d	Can you enchant this Adamantite Shortsword?
3f2645a99a	[BLUE](finishing filling the sacks)[] I'm done, time to get out of here!
3f2d93efd5	I suspect a conspiracy in the Guild. Someone is getting rid of the wizards most loyal to the queen by various means, and suspicious characters are taken on in their place. So far none of it is obvious, but if only I could get some kind of proof.
3f302a43db	Enchant this Heartseeker.
3f37027dcb	All right, good luck, friend. [BLUE](the man turned to the table, did something and vanished in a bright flash)[]
3f37b00fd0	What? Alaric is dead? If he's dead, we don't have to follow his orders. He can't punish us for disobedience anymore!
3f3e104c93	Mmm! Uuummm!! Mmmmyyyvv!!!
3f4421b14c	The man-eating bear turned out to be a brigand in a bear costume! I must deal with him and take the costume's head as a trophy.
3f44ed133a	([BLUE]A knight in unusual armour[]) Quiet! I heard something...
3f4799ba1b	You needn't worry about the sorcerer any more; he won't show up again.
3f4e79f121	How sad that all my efforts to bring you to your senses, brother, have been in vain. [BLUE](walking past the soldiers standing in a ring, she circled the surrounded trio and stopped behind Havis)[] I hoped that you at least, Havis, seeing all my pressure on Alarion, could knock some sense into him.
3f55ce5927	Boss, this person is tried and proven. I've seen it for myself.
3f5c24df62	All right, restoring mana will cost you 50 coins.
3f5f327211	Well, so you want to know death. Then behold it with your own eyes!
3f6c5fef67	Yes?
3f72014184	Magister Mundric agreed to give me the key stone from the Temple of Knowledge if I bring him monkey meat.
3f757c4fba	Hello. Have you come across zombies around here that look like clergy?
3f817f435b	Yes! Like crypt-mates, for example? Or friends till the grave?
3f8190b378	Thank you, glad I could help.
3f838a0d70	The bastard mentioned that he'd gone over to someone else, but he didn't tell us anything more.
3f89bb0a4c	I never doubted it, buddy!
3f933133f8	[BLUE](You come across the mauled body of a sorceress. Clutched in her hand is a notebook. The last entry reads: "...and I hoped I could catch up with him, to warn him of the danger and give him the enchanted cloak he left at my place, but sadly the blizzard covered all the tracks and I couldn't find my knight. I hope he'll be all right and we'll meet again in Icemist..." Nearby in the snow you notice a bundle, in which you find the cloak mentioned)[]
3f9a321b3c	Hey, sister, instead of that thing you'd better find yourself a man!
3f9ce07af5	[BLUE](Perhaps these are the very ruins you're looking for. Maybe you'll be lucky and find other pieces of the magic map here)[]
3fa74032f6	We need to search and clear the whole mine. Some of the Varannari are surely hiding somewhere deep inside. If we leave them be, they'll cause us much more trouble. My friend and I will deal with them.
3fb530d457	I'll take care of that myself.
3fbda0aa79	Though it's a pity we won't get Bill's money back now. But he's not the only one who's suffered from these thieving girls. Dealing with this bitch won't fix the problem. This has to be settled seriously! I need to talk it over with my boss, and I'm sure we could use a fixer like you! We won't stay in your debt if you help us out!
3fbfab41e5	I intervened in the conflict between the mage and his apprentice, taking the apprentice's side.
3fc840b26d	I helped Dominic defeat Duane "the Mountain" and his squad; now I need to talk to him.
3fd91a68f1	Hurry up...
3fe332e71e	And meanwhile I'm making new costumes for our girls! Mine will be a leather corset and panties with little bat wings attached right above my butt! For Alice we'll make a costume of strips of cloth that wrap around and cover only her intimate places: a super-sexy mummy! For Violetta, ears and a tail like a wolf's, only I hope she'll agree to attach the tail to her butt in a special way! And for Layla, a white see-through hooded dress, with stickers over her intimate places so nobody's embarrassed!
3ff34da9ac	I helped Princess Bernadette deal with the rebels; now I need to talk to her.
3ffe3eaf2d	Great, I have that armour with me: an Armoured Bra.
3ffffb10ac	[BLUE]("...long days of travel brought us to the edge of a boundless green swamp. There was no other choice: we had to make our way through the marshes. The poisonous fumes drove us mad, but we did not turn back; it was too late to return anyway. Luckily we suffered no losses and found a way out of that deadly place, and the majestic peaks of snowy mountains rose before our eyes...")[]
4006ca2c08	This whole mess with the witch queen is the Ilmarans' doing. Let them deal with her. I'm going back to Icemist.
40089c6402	They clearly don't like seeing the likes of me and this big green woman!
4008a4c6c6	Well, alive or dead, you will serve me!
400f8e55d6	Call them what you like, but what do you think they'll become when they grow up? The same bloodthirsty monsters. And which do you think is better, to destroy them now, or when they've grown up and can hunt and kill ordinary people?
40200a003c	Here's your artifact that you asked us to bring back.
402763db54	If you're not looking for easy ways, look for me: I complicate everything.
4032660d07	All right, we'll look in there too, if it isn't too dangerous for us.
4033deb7dc	I'll join you.
406e29b6eb	Can you bless this axe, Thinker's Argument?
409db32d85	In your place I wouldn't pick up strange things, especially in the sewers. Hm, the crystal is certainly magical, you're right there, tied to the element of fire. Unfortunately I don't have the proper equipment here to study it in detail, and it would take a lot of time. But in town I heard that some red ghost has suddenly started wandering these parts at night. Perhaps there's a connection. Try asking it, if it doesn't kill you, of course.
40a326399a	[BLUE](A dark figure, as if woven from darkness itself)[] Come into my embrace, mortal!
40a6d95142	Thank you. There are no deer in our forests, but Sagar is full of them. Could you bring one pair of deer antlers?
40a9f204f1	Let's chat later, all right? Otherwise Agnes will kill all the freaks there without us.
40abb0f917	A troupe of the dead has attacked our troupe! I must deal with the attacking undead.
40abb6eae4	All right, Your Highness, I'll pass on your words.
40effcffcb	Bless this Bluesteel Hammer.
40f3c03d37	All right, I'll take you there.
40f57e014a	Damn, it's as if she sensed you'd arrive today of all days. All right, my uncle may still change his mind. He needs time to think it all over and make a final decision. But one way or another, I and many ship captains support Alarion's idea. He can count on us.
40faf0b3e2	You must have noticed that the city sewers are full of undead, and we have to use protective spells to keep them from getting out. The cause of this calamity is a certain mage. He used to serve at the royal court, but then took up black sorcery in earnest. Other wizards exposed him and banished him from the city, but the villain settled in the sewers and took up his evil deeds in revenge.
410221eb45	Here's the giant mead you asked for.
4105f1a03b	Great, I have that armour with me: Armor from Adaonium.
410b981f7a	This is your own tower? How cool!
410ed6c064	All right, how about this?
411eabcd48	"By the tree you notice scraps of some cloth. Coming closer, you find someone's torn clothes, ripped books and broken vials; most likely these are Princess Evelina's belongings, which the orcs took from her. A little further off you find a beautifully decorated staff. Unlike the other things it is intact; perhaps you should return it to its owner."
415a604366	Great, I have that armour with me: a Thuramiam Breastplate.
415d15f59f	This hammer will be even deadlier than it already was!
416842c9fe	I'm ready to help you rescue Dariel.
418cc29b57	What do you mean? What rumours?
41944a2368	All right, it's none of my business any more.
419acbf191	Enchanting a bow will cost you [BLUE](250 coins)[], wands [BLUE](300 coins)[], and staves [BLUE](500 coins)[]. If you already have a suitable weapon and the ingredients you need with you, I can get to work right now.
41a7ded2a2	All right, I'll get a dragon heart.
41aab5b501	Any weapon you have that isn't tainted by any charms, but for the blessing you'll need to make a donation to the temple.
41abdf4123	I have deadweed with me.
41ade6c486	Exactly. Obviously he's also behind the attacks on me and Lady Philippa. I don't care what title this type has. I'm going to pay a night visit to his mansion and make him answer for his doings. I'll do without a crowd of helpers so as not to draw attention. Tell your mistress about it. She'll probably want to deal with this baron too. If so, we'll see each other in New Garand at night.
41b431b95f	We can still settle this peacefully.
41bd0b8502	[BLUE](it seems Ryurger's team has already gathered at the inn and is waiting for you)[]
41cd63c29b	So the girls are safe and sound? Good, only that idiot is late for the arranged meeting.
41cf3c9f02	Lady Ironstone asked me to deal with a swindling sorcerer; I agreed to help her, and now I just have to wait for him to return to the city.
41d3937a45	We need to learn from him the coordinates he found out shortly before his death.
41d6ca1cab	Seriously? And who's interested in a performance like that?
41d93aefcb	The treasure awaits us. The main thing is that nobody eats us before we get it.
41e85a4be8	I was glad to serve you!
41f05fd285	[BLUE](in the cage you notice a beautiful young woman wearing practically nothing, sitting in the far corner with her head bowed. Noticing you, she immediately perked up, jumped to her feet and ran to the bars, and the scanty rags left of her clothes fell off her body)[] Oh, I'd stopped hoping anyone would find me and save me!
41f55db5e6	What the hell?! Is he deaf and dumb or pretending? Let's whack his sick head, and while he comes round, we'll take the horse!
41f6be777c	All right, I'm leaving.
422383e807	Not all the brigands are here; some of them went back into the forest.
422a4ab545	Don't worry, Kiara, we'll do it right!
422d995d0f	Duck Tail agreed to tell me about wild magic if I destroy the beastmen; I can find them at night by Mount Orogg.
4236f15ae8	The wizard Balthazar asked me to help him with some business; I refused.
423f19283f	Grissenda, maybe your sister has something that belonged to the Storme family?
4243ec574b	Ummmm-mmmm.
4246a80974	[BLUE](The half-naked wild woman you know)[] Hello, traveller, glad to serve you!
424dca03c1	[BLUE](the man looked at her for a long time, then sighed heavily)[] All right, as you wish, Havis. We'll need a third fighter as well.
4256bd325e	No idea. Probably because you're a spirit of envy and you take everything you like!
4258fb75f3	I must find the artifact "Eye of Tol 2.0" in the cellar of the Friguld governor's mansion.
425bfb6fb8	That's not your problem...
425fd22908	You know the Silent Kings' Gorge? I'm the one who shut them up.
4273d776e1	[BLUE](The sign reads "The Merry Passer-by")[]
42798a1dc8	I still don't understand, where is my opponent? Who will I fight?
42b3de7dd2	It so happened that I found out my husband was cheating on me, and he'd been doing it for almost our whole long marriage, and he was cheating on me with his best friend. Normal women's husbands cheat by screwing other women, but mine cheated on me by getting fucked up the ass by men!
42c9d004f0	That was an impressive demonstration of power, Your Highness.
42d90d4c9f	We'll be grateful to you for that! So where does your necromancer live?
42e55e4ea0	I have emeralds with me.
42e926ba1e	Got it, boss.
42efc06fe1	Oh, no. This body has a royal signet ring on its finger. It seems we've found Prince Vardie after all. He must be delivered to the castle so they can establish the dead man's identity for sure.
42f117b00a	"A musty cave. I'm unlikely to find anything interesting there."
42f27e64a4	I activated one of the teleporter's four obelisks.
430275edc8	The younger son of the queen of the Northern Kingdom, Prince Vardie, went missing during a hunt several weeks ago and couldn't be found. But a forester saw the prince; I can find out where to look for this forester from Sergeant Wintercalm in Dreamsnow Valley.
430776d16e	All right, I'll definitely solve this problem so the people can live more easily.
430f2a4561	They'll put us back in the cages!
431067d8da	Let's look around and think of something.
4311e3eabb	These things don't look very strong. Easy: we just need to find something heavy, a couple of good blows and done!
4317aa5099	Here is my ring. And since you got what you wanted, you can leave the Temple of Knowledge. The portal at the very bottom will send you to the surface. But if you are brave and strong, try your luck with the other portals. They'll take you to other places, where mighty enemies dwell.
43315b4c4b	One of the oldest settlements in Varannar; there's nothing more to say about this place.
4333f2a555	I learned that Hirge has gone to the Sanctuary of Irossia.
433c405444	We're glad to see you too, Mika.
433e3b5a1e	I must help Hirge and her comrades defeat the Varannari army.
435238104b	I think we've searched everywhere. Most likely he was never here! I suggest we don't hang around here for nothing, but go back to town and question that type again!
43525aac1f	I helped Princess Bernadette solve her problem with Alarion.
435591d402	Well, I'll send my people to search that dungeon, and I'll take him with me for questioning. Thanks to you my investigation has moved forward. I value your help and will immediately do everything necessary to clear you of the false charges. You have proved yourself a worthy member of the Mages Guild, so I will spare you the rank-confirmation tests and help raise your standing in it.
436b8d0644	Who are the Sky Knights?
436ed14ac3	I got the spotted bear pelt; I need to give it to Magister Mundric.
437246a93a	[BLUE]("...lock all the entrances, all the exits! Every tiniest crack! No one leaves and no one enters! Evil will not get into my tower!..")[]
438300a17c	Well, back in my youth I became fascinated with studying the legacy of the ancient empire, and what fascinated me most was finding and studying the armour and weapons of those times. Myrosian armour, for example, is a true work of art! And, incredibly, you're wearing just such a piece! Now, in its own time this armour was essentially mass-produced, and there were truly unique pieces.
438c94fa79	I have sparkling powder with me.
43a3b3ae69	Actually, I just need some information, nothing more. I've got a chance to make much more than in all our old tricks in Icemist put together.
43b0228c64	And our driver, Dominic. He's a bit of a strange type, but I don't know anyone better at handling any cart. He travels around all the towns, but he stays longest in Rhöneis.
43b4b18665	We must stop his madness!
43b83de21e	Hm, an interesting choice. I'm planning a visit too, and I was thinking of gathering some friends for the occasion, only I haven't decided exactly whom to visit yet.
43ba472ea7	Oh, so you're the hero my teacher found! He told me you'd come! Excellent! The teacher has gone to the old tower in the Southern Bluemist River, and he warned me that if you showed up we should go to him. So let's be off!
43bc3f91d0	Remember, we are responsible for those we pour drinks for.
43c1701c05	I have a contact in Icemist. Maybe he'll find out something useful about these mages.
43c25dd355	Oh, I'll give it to you for free, as a trial. After all, you got rid of that monster, and I won't have to fear it biting my bare backside, which you and your friend worked so well, when I'm bathing.
43c3754049	What exactly needs doing?
43c88c8d06	We need to see what's going on!
43cfe90b50	Are you serious?
43d2f9936a	Hello. Would you happen to know where we can find a wizard named Janod?
43d58c933f	I've assembled the whole crew for the heist; now I need to return to Hugh on the outskirts of New Garand.
43d6a395c8	Hey, I've got nothing to do with it! I didn't touch that type. I was paid just to watch for that witch arriving and rat her out to the guards!
43e43d4da3	Hello, Sybil. I have the right number of mamba fangs for you.
44010e7fc9	I don't want to be in chains again!
440a8c7551	Of course. You'll take the money and we'll part in peace?
440b1109a9	"This seems to be a teleporter, but it isn't working."
441d7a0048	Then good luck to you. See you in the Royal Forest.
4420d3c3ab	Good, I'll be sure to do that.
443b091733	"A staircase leading down into someone's basement."
44431eaafb	If you like, I can help you look for him. I've nothing to do here right now anyway.
44468d3da9	The bridge won't let you? Yeah, that happens with him. I usually piss on him and he stops acting up right away, but that trick clearly won't work for you.
444bec68c7	And how does this thing work?
444e6f76c9	It can't be?! How could you betray your comrades, your kingdom, your faith?!
445110abed	I saw how it all went in the castle. I'm sorry about what happened to Havis and that boy; my condolences.
445f412fdf	No need. I'll try to arrange for the Warrior's Guild to help us. Safe travels. May Arbenos bless you and smite your enemies!
447f5e385d	Restore my mana. [BLUE](pay 50 coins, restore 80 mana)[]
4487883979	Yes, shall we get down to business?
448d667b97	I was glad to hunt together with you!
4493dc5d49	This is an unofficial visit, so let us do without needless ceremony. [BLUE](the man said hoarsely, straightening up and looking at you closely)[] My daughter and the governor of Istril have told me much about your deeds; such zeal for the welfare of my people cannot but be admired. I am glad to meet you, hero.
44966b6fbf	However hard you strike the glass, not a single crack appears. It seems to be magically protected!
44987b7d91	I think I'll do just that.
44a5d763ad	[BLUE](A young-looking wizard)[] Good luck dealing with your and Neville's problem.
44a6e75b7e	How long can these charms work?
44a9fb8f94	And in life there are always two roads: one is the first, and the other is the second.
44b54e879d	The problem is that our stash was cleaned out, and you were the last one there. Getting the picture now?
44ba3bd17c	I am a copy of the Oracle ship control system. A poor-quality backup and damage to my current hardware have reduced my operational capacity and usefulness. The critical state of the hardware may lead to my permanent deactivation.
44c6045660	Thank you. Strange creatures called yeti live in the white plains. I'd like to compare them with ordinary polar bears. Could you bring, say, a yeti paw?
44c726cdcd	[BLUE](The picture of the moon begins to glow)[]
44ca129680	Senior Royal Ranger Haghenge knows how to get to the snowy plateau, but he'll only tell me if I bring him 6 Merples.
44cc2b8d79	Glad to see you again, hero.
44d641128a	[BLUE](Time has been merciless to the notes, and only the latest can be made out, but they were written as if by a madman: "...no doubt the chasm can be crossed, but must the sun really come first? For those who live in the earth it plays no great part. No, it must be at the very edge, and something else at the start! And the sky after? It must be right! What next? Clearly the rainbow? Yes, that's it, and it is the very last! Something more... There must be something more here, but I can't find it! They clearly want to confuse me! And there are only three of them! Where is the fourth? Where is it?! I'm tired... But I must go on...)[]
44e87fdf71	I'm very grateful, Kiara. I hope I can make up for the mistakes of the past and you'll forgive me for hurting you!
44e8dbf56c	[BLUE](when he'd gone, you checked your belongings and found that one of your items was missing. It seems the tramp robbed you!)[]
44e9235560	[BLUE](The monster towers on a mountain of corpses, paying you little attention)[] Look at yourself. You think you're worthy of challenging me? I see before me only dust, to be swept away by the wind of my breath. Run, while you still have a chance to save your pitiful life.
44f112b0dd	[BLUE](A stone structure with recesses on each side. One of them is shaped like the stone you took from Magister Mundrick, the others like the stones you found in the temple)[]
450226bf11	Go on your way, don't meddle in other people's business!
45022b4405	[BLUE](A young, beautiful, barefoot girl in a rather revealing outfit)[] Damn it, I had a feeling they didn't want to make me a pirate for nothing! I want to go home!
4510054d7a	Even in our cruel and unfair world, you mustn't be selfish. First of all, think about yourself!
4516213daa	Oh, I hope it really did work out with him. All right, be careful, and don't disappear for long.
4519b54f10	What the...
4528596764	I helped Lady Philippa deal with her enemy.
452e9000b7	My work will cost you 700 coins, and I'll also need two white wolf pelts, five fox tails and four blue seaweeds for dye.
45324ae29c	It's not that simple. I'm not alone, and you're one of many of our targets...
453610c3b0	I've had enough. I have to hang around in this unbearable hole, and on top of it put up with some local fool!
453b2e90a1	Aha, a ladder! Maybe we can get inside the tower this way!
453bf7f156	You were the ones enjoying yourselves; it wasn't very pleasant for me dealing with you.
453c029ebe	What?! What devilry are you babbling? Are you serious? Let me out of this cage right now!
4542f2dda6	Enchant this Brigand's Cudgel.
454b392082	A spirit of envy? I've never heard of such a creature.
454d700316	I really hope you'll bail me out!
455116091d	Well, damn, and I nearly took the fall!
455c2e1a8a	Just a small one more!
45602303d6	[BLUE](A bald man with an athletic build)[] Zheket! I can't believe it, you're back!
4572acd317	First let's find my new staff, the one the magic council gave me. It'd be awkward to demand yet another staff from them!
4575001284	Good thing we managed to beat this monster.
4577d93a8a	Of course not, Your Highness. I have plenty of free time right now.
457ba7b435	I managed to get the book; its defenders tried to take it back but failed. Now I need to return to the mage Albeno so he can deliver the book to the client in New Garand.
458164f68c	While we were dealing with the Chief Philosopher, some lunatic took advantage of our absence and kidnapped my son.
45857a2389	I found and destroyed two of the three protective totems.
4592224658	A little boy named Kai asked me to help him organise a celebration; I agreed. I need to talk to the craftswoman Jeanne.
4599907ab0	We go back to the city. We must tell the high priest the errand was completed successfully. He'll reward you generously for your help!
459b4f9b9b	So be it.
45a3f8e40a	It's not cool bringing in outsiders to solve our problems, but since it turns out both you and we need help, we'll both benefit from working together.
45a411d7b4	Let's not dawdle.
45a46e9a07	You'll answer for all your lawlessness.
45b4f79061	Calm down, I'm a human, not one of those monsters. Tell me, what's going on here?
45b7a20509	Very well, I know where you can find that thing, but you won't be able to take it without a key. I'll give you the key if you answer my questions correctly. If an answer is wrong, consequences await you. What exactly, you'll soon find out if you make a mistake. Are you ready?
45b964e7ac	Where and to whom should this message go?
45be4be580	I doubt she'd order my murder.
45c139839b	Agnius's and my venture is up and running, and the first customers have appeared! Takings can be collected every day.
45cdf841eb	My own house in Icemist? Of course, I agree!
45d8d2c5f7	The freaks got what they deserved! Time to get out of here quickly and quietly before the guards come running at the noise!
45df484208	"The gate leading to the Lady's refuge."
45f5e38e42	Listen to good advice from good people, or rather, from me. So here's my advice: remember this, or you'll forget it!
45f8f3bed4	([BLUE]A kindly-looking old wizard glancing around fussily)[] Greetings, traveller! Have you changed your mind and decided to help me after all?
46059aabf6	Maybe I can learn something useful from him. Where can I find him?
460983b08b	[BLUE](the beggar spotted Sansa from afar and immediately ran away)[]
460f0e72d1	Here it is, please. [BLUE](he takes a sealed envelope from his bag and hands it to Sansa)[]
46154f4c6d	You take a run-up, rush forward and jump! Gusts of wind tear off everything but your underpants, but you land safely on the other side of the pit!
4623ab03e8	The necromancer Gwen of the Deadwood asked me to bring her four skulls of Tolassian priests; I can find them in the Tolassian tombs.
46270a3a8d	You'd better clear off yourselves while you're still in one piece!
462814e59e	And nobody understands you like nobody does.
462ba43d70	Sure, show me what you've got.
462c28a385	I've got nothing to do, so I write all kinds of crap. Do I really have nothing to do?!
4637fcce10	[BLUE](Suddenly a loud noise sweeps through the house, and a gang of minotaurs bursts in, led by an especially huge one)[] Hello, I'm Bull Dick! And there's no dick in the world like my gigantic one! But rumour has it there's a rival worthy of me here! I'll say one thing: size matters for the anus too, so the loser can take my dick!
463a49fc86	I've teleported into an unknown dungeon; now I must reach Grateroll.
46409d84c2	Great! We have the Dragon Crown! Shenron said he'd wait for us in the Great Plains, near some bridge. We'll meet there!
464a466d56	No, it'll be exactly as he said.
464c472583	Hey, friend, want to send all the living to the other side? For a small reward, {LEVELx500}, I'm ready to help you with that.
4652a30575	Then let's not linger. Let's be on our way.
465a11bf69	All right, I understand you. Let's finish what we came here for.
465dc9ea35	I can heal you in exchange for a small donation to our temple.
466138fe6e	Leave me alone, I'm looking for an important lady, and you're clearly not her.
4668e1cf4a	I killed Zeref of the Forsaken so that no one would get Balthazar's device.
466c9d9d89	Enchant this Silver Shortsword.
46729a03dc	I need a little time. Obviously this isn't defeating impotence with magic!
46759825e1	I'll try, though I could use your help...
4679d4e98c	Not in the least! Don't be offended by my words! It's just that I tried to find a way to rid myself of the curse, but nothing worked, and then you burst into my life and fulfil all my wishes, even those I thought impossible! How lucky I am to have met you!
4681bf18dd	Sorry, grandpa, that I didn't believe you and wanted to check everything myself! I'll never doubt your words again!
4686322896	I must meet Alarion in the Royal Forest after he rescues Dariel.
468c0d18e9	I must defeat the vampire lord to get into the dungeons of Castle Storme.
46952515e4	Yes.
46a19c0b5a	Brother Gabriel asked me to check whether the villagers near Mount Storme are safe.
46a378c085	I must find four magic artifacts that will destroy the seals holding the being from other worlds, to free it.
46b19ac340	They hide in any Tolassian tomb. Four skulls will do for a start. If you bring them, I'll be sure to reward you.
46c271001f	I see you've returned from the cave alive and well. So you managed to kill the creature living there?
46c29755c2	To hell with family!
46d44d60d9	One deer will turn up in your forests too, only a dead one. I mean you. And then I'll take your stone!
4702186a64	But we know where to find him. We'll give you a tip if you help us deal with a little problem. A fair trade.
471bdd29c0	I have an epic omelette!
4721fb9668	[BLUE](A middle-aged huckster)[] Let's be professional and not waste time on idle talk.
472790107f	[BLUE](it seems you've met this undead before)[]
47295edad4	We could never have hoped for such kindness!
4736f97171	[BLUE](It seems the transformation is complete, and the woman has turned into a huge, uncontrollable monster about to devour you!)[]
4743048e9e	Yes, I understand, Your Highness.
4759a58693	Excellent work, hero! I hope the scoundrel didn't pester you too much with his lying speeches? Here is your reward!
4777d90774	Disgusting!
477cc4540b	Everyone has their quirks.
478002acc5	Well, actually, I was counting on it. I gave up a young girl's dreams long ago, and right now I've got enough problems. I don't care about old grudges or settling scores with you, for now.
478374925e	Perhaps the lock can be opened with the patterned key you found.
478f46909f	[BLUE](The guards draw their weapons)[] Now it's someone else who'll regret it! Better not resist, so you don't get badly hurt. Our city needs healthy, unmaimed slaves!
4792bf2af9	Maybe I should go straight to Andoria to bring you some unknown crap from there, or is it easier to kill you and take your stone?!
479f345ccc	Destroyed.
47c4de6d57	I found 6 fiery cores, 3 more to go.
47ca2d5e9b	I'm not sure I can, Your Majesty, we're not that close, but I'll try.
47df8459aa	When the orcs captured me they took all my gear and clothes! [BLUE](the girl answered, wrapping her cloak around herself)[]
47e1c8cddb	I sense a magic key somewhere on the second floor. The Whitetoads' son must have it. Let's go get that key. With it we'll remove the protection.
47fbafede2	In exchange for information on Bubba's whereabouts, Freebag asked me to return a magic artifact stolen by bandits; their lair is not far from Friguld.
47fc0f98ff	Good. Go there together and finish all the freaks, but if possible leave someone alive, so we can find out who's behind all this.
48146b9c02	I found the second camp of little green men, but the forester wasn't there.
4820c1e53a	Two hundred and twenty-three years isn't that old for me, and you're not such a looker yourself that you can turn your nose up at everyone you meet.
48279c20e7	Thanks, buddy! I'd certainly go with you, but my lady wants me by her side all the time. Good luck, we'll meet here when you get back!
483109820b	Exactly! You called a devil, and here he is! Behold the lord of hell!
483a4feb3b	Baron Enterprise, then. Hm, that could make sense, considering the rumours about his ties to the Seventh House. And what does this Rickman intend to do?
4846298912	My work will cost you 300 coins, and I'll also need a bear pelt.
484a19601d	Pleasure doing business with you!
4856d4dfe4	I found two fragments of the magic map.
485edf8d3b	I killed Lady Papewidow; now I need to tell Neville.
4863d0c892	All right, let's go there.
486c5f3c62	So get your ass ready, little slut. Tonight you'll have to work it hard, since you can't earn with your hands or your brains.
486e2a8707	Not yet.
48758fdc04	Tell me more about Arcane Blade
48793af81a	A music troupe? That's so cool! I remember back in my day I tried to start my own boy band: long black fringes, tight striped clothes, little black glasses, heaps of bright badges and bracelets, those were great lads! Too bad those days are gone. Now that kind of thing is frowned on in hell! But anyway, I've been summoned here and I have to do something, for example, I wouldn't mind joining your troupe!
48841d221a	Thank you. In the Wyvern Mountains, as you'd expect, there are wyverns, and I've long wanted to get at least one tail of those creatures. Could you bring me one?
48940297d1	Captain Dors will wait here until you come back with your friend, but if you take too long, I'll head back alone, got it?
48a7062cee	Unsurpassed Craftsmanship
48a8e14aa5	All right, let's go to your village. Show me where the monster is.
48ab8ed4b1	Well, did it work?
48b0f8cda4	Great, I have that armour with me: a Blessed Chain Shirt.
48cf83ab6b	What nonsense?! Undead means you don't live, don't exist, but I'm very much alive and I have lots of needs and desires! But what am I talking about? What are you doing here? Alaric will clearly be displeased that we let strangers wander around here!
48de8ed23b	You're right there. Besides, Ironstone is getting harder and harder to deal with, so I'm ready to break off all contact with him for the sum of [BLUE]30 thousand gold[].
48ee90ad0b	Thank you. Very ancient information has come into my hands about a certain Ark of Lothasan, which should be at the Ashen Cape. That's where mysterious things called ancient batteries can be found, a most curious object for study. Could you bring five of them?
48ef03d1eb	We are an ancient people who lived on the plains and the shores of lakes and rivers long before you came to these lands. But our eternal feud with the green-skins led to our near-total destruction. The survivors had to go into the mountains and adapt to new conditions. Now we are highlanders, and all that remains of our people are pitiful remnants, a couple of hundred scattered through these mountains.
48f11f3c4a	[BLUE](a man in light armour came down into the cellar; you immediately recognised him as the leader of the bandits you ran into in the Royal Forest, but he didn't recognise you, or pretended not to)[] Follow me.
48f2161822	Priestess Anabel, the strongest warrior in the kingdom. We'll all miss her.
490ea93398	What do you need us to do?
49157fca6d	The boss is waiting for us.
4915c3610b	Try to connect the Ancient Battery to this machine somehow.
492a77659e	Wait, actually I...
492fc82361	Hey bro, for a little something, {LEVELx200}, I'll come along on the job with you.
4934607f11	[BLUE](A short, fair-haired girl, immodestly dressed)[] Alice! Hi! You're the last of my friends I'd expect to see here! How are you? Here on business or just passing through?
493d625d9e	Wait, but he was here recently! I asked him to help me with a little business and he agreed. Only, why did he go back to New Garand?
493f704e9f	That's blatant blackmail, but it looks like you have no choice, Adaon.
4943cfe8c9	Great, I have that armour with me: a Traitor's Chain Shirt.
495c7ffd0b	You shouldn't have paid that goat. I didn't take anything that wasn't mine. But thanks for helping, though I'd have dealt with that jerk myself.
4985ac0902	Go ahead.
4987dec5f7	I agreed to help the runaway slaves get to Kingsbridge.
4988fb6100	Pleased to meet you, Evelina. But why are you like this? I hope these orcs didn't do anything bad to you?
498eec087b	The dragon Shenron took offence that I didn't bring him what I promised.
498f2520cb	I suggest you go to Nivarian first, so Anika has more time to spy for us. Then free Katasakh, so he has time to recover his strength for the robbery. Next hire both mages we need, and the driver last. Meanwhile I'll carefully sound out the ground around our target. Let's not dawdle, get to work.
49acc7d94c	Boss, I get it, heroics to save the world, but I'm no saint to go fighting such dark creatures!
49b925dfcd	To start working in the workshop, you need to find instructions for each individual item.
49b9efd299	[BLUE](A young-looking sorceress)[] I don't really know you, so let's keep it that way.
49ce1f14b9	Let's do that, but for now we need to find a way out of this place.
49d3067cce	You may not believe me, but I used to have a perfectly normal, ordinary life: my own house, my own farm. I was even married.
49da2d0bf8	I'm glad to be your friend.
49e3a4448f	Do you know exactly who attacked you, and how to find them?
49ea07db64	Ryurger asked me to find and destroy the zombie clergymen wandering in the Coal Quarry or nearby areas; perhaps one of the locals can tell me exactly where they are.
49f49ac53a	[BLUE](But you don't manage to, because several guards burst into the house)[] Damn it, these are the killers! Soldiers, arrest them, and I'll call for reinforcements!
4a0c3f982c	Thank you. I'm running some experiments in my laboratory and I need reagents. Could you bring three each of fire salts, living ice and sparkling powder?
4a225deed6	Alice, Violetta and I must eliminate the second rival troupe, made up of cultists, who are in a cellar in New Anthur.
4a24c43484	I can't. The evil curse has taken hold of one of my comrades, the priest Morgen. Although I'm only a senior novice, I must try to bring him back or kill him to free his spirit.
4a3b1e507f	I helped Zeref get Balthazar's device.
4a3be274ef	South: Istril. North: Quiet Haven. East: Royal Castle.
4a3cfda31d	A manual for creating a magic staff of monstrous power. It needs these ingredients: a gold ingot, two demon skulls, three large emeralds and three small diamonds.
4a4b74844c	[BLUE](A young-looking wizard looking at you suspiciously)[] Well, look who it is, Neville. And I thought they'd long since sent you to the mines with the Varannari, or you'd become vulture food dangling from a noose, or were rotting on "the Farm", or drowned in the Nivar, or maybe become a dissection subject for the students in Icemist, and here you are again, alive and well.
4a5450fb7a	I managed to kill the gang boss; I must tell Lady Philippa.
4a7248675b	I'll stay here to the end, to see you breathe your last!
4a8755eae5	There's nothing else of interest here.
4a913e04ea	May we take it?
4a97fdfe85	Your zeal is commendable, but we're more of a girl group.
4a9e5271f5	All right, let's try to do that.
4aa59c3eac	[BLUE](a girl who looks like a sorceress, but is dressed in light leather armour and armed with a long enchanted sword)[] Oh, you're back already. Nothing seems to have changed on the mountain so far. Did you learn anything useful?
4aa662496c	I'll control you too, right now, with a sword and some chopped-off limbs, unless you give me your stone!
4ab541ae06	I'll gladly make a few more and trade them for 15 pouches of poison, or 8 vials of spider venom, or 4 vials of scorpion venom, or 6 mamba fangs, or 4 coral snake fangs. I'll welcome any ingredients you bring. There are too few suitable creatures in these parts because of the swamp beasts.
4ac6360183	Then, if you're ready, let's set off.
4ac6f60b50	Understood.
4ad36fbb69	[BLUE]("...a mysterious labyrinth of strange walls, blazing with unknown energy. It seemed one careless touch could kill. But we went on, searching for the right path to our goal: in the depths of this creation, a magic portal leading to the desired reward...")[]
4ad804b07c	Great, I have that armour with me: an Elite Myrosian Breastplate.
4ae0ea4c78	They hide in any Tolassian tomb. Four skulls will do for a start. If you bring them, I'll be sure to reward you. And you seem to be a mage, so I can teach you something.
4ae7d576c6	[BLUE](The horned creature bursts into bright flame and vanishes without a trace. Now all that's left is to find a way out of this place)[]
4aea6bf686	And where, even roughly, should I look for these ruins?
4af3a0c62a	Honestly, no idea, you'd have to ask the sorcerers. As I understand it, it's some evil magic in the ancient mines; they say it drives people mad and raises the dead. And there really are plenty of undead in those parts.
4affc170e7	[BLUE](a man in a cloak stopped in the middle of the road, looking over the scene of the slaughter)[] Oh, just look, the Blood Lords' servants have had their fun here, but you managed to defeat them! How unexpected! Only now I'll have to clean up after them.
4b0a0c2c57	Well, of course it's true. He's a mad genius and a mighty mage capable of destroying a whole kingdom. So it turns out that while the Magister pointlessly hunts some children, I'm doing something truly useful, trying to deal with Balthazar's madness and stop him from switching on his hellish device!
4b282f3a4f	You don't have to take part in this unpleasant work, Mika. Our friend and I will do it all ourselves.
4b2ca9db3e	What an unusual weapon! To bless it, you'll have to donate six small diamonds and [BLUE](500 coins)[].
4b311b83e0	Don't belittle my dignity! When the job calls for it, I can be quiet and inconspicuous. And as for respectability, I come from a noble and wealthy family, so I know how to behave with my equals in status.
4b325b87f9	He isn't going anywhere with you, and you'd better clear off while you're still in one piece.
4b4aa873dc	We managed to catch and question one of these black types. From him we learned that somewhere in the forest there's an ancient cemetery with an entrance to an underground complex, and that's where they've settled. They have some kind of leader. If you find him and kill him, they'll hardly leave for good, but at least they'll leave us alone, and the people of my settlement will certainly reward the hero.
4b4c98f828	[BLUE](you step outside, where a squad of guards is waiting for you)[] Damn, looks like that bastard managed to raise the alarm!
4b4f0fa7e7	Great! This time I'll take fewer punches, since now there's someone else to take them for me!
4b564ffdf7	Nothing will work without the ancient seal. Do you have it?
4b5ddfb91d	I helped senior novice Peter defeat the traitor and the evil witch.
4b5e461e0d	This necromancer is reforming under my supervision; I make sure she doesn't get up to her dark tricks.
4b6963149a	I helped repel the orc attack; now I need to talk to Sergeant Killet.
4b70e33d05	I must deal with Kiara.
4b8a9c0376	You want me to kill this sorcerer?
4b9031f90e	[BLUE](Suddenly the bushes rustle and a gang of nasty-looking types jumps out)[]
4b9d87cc7d	Forgive me, my queen...
4ba3ed48ab	[BLUE](A young-looking wizard)[] Good luck with Mundrick.
4bae9015e3	I found four fragments of the magic map.
4bcafb63b7	We did what was necessary to save many lives, sacrificing my teacher's life. He would never have turned back from his plan!
4bd8505348	Great, this is Sol-Laqueul, but we need to get to Istril.
4beef4d4ec	It seems they're playing it safe and left lookouts. Let's go around them so we don't raise the alarm too early. The rebels are on the other side of these rocks.
4bf025074b	I need to find Percival in New Garand so he can help deal with Mikaela's problem.
4c059d36be	Uh, all right, let's do that. I think we'll visit Kingsbridge first, so Layla has more time to prepare the instruments for us, and then New Garand to look for Violetta.
4c1ee527c8	Hello. Of course I don't mind helping you. What's the job?
4c26173ec8	The secret guard is hunting Dominic; I agreed to help him get rid of them. I must meet him on the bridge near Castle Storme.
4c282dcf36	Yes, she told me. Here's your cut.
4c2bca8eb4	[BLUE](The baron hasn't changed much since your last meeting, except that his skin has become sickly pale)[] Well, well, what a meeting! You again, robbers and murderers, barging into my home.
4c30a51f22	Sadly, no. After Sturdy Trunk died, the eldest shamans of the tribe decided to take precautions in case the witches attacked again. They dried Sturdy Trunk's penis, ground it to powder and made from it a potion that could grant great manly power. But disaster struck: one of the witches stole the potion. Nobody knows whether she simply wanted revenge on my people or wanted something else, but the witch drank the whole potion and grew a huge member. The other witches banished her for what happened, and she went away to the distant southern rainforests. Perhaps she knows the secret you seek, but nobody knows where to find her.
4c49d1f8f2	We're in no hurry and ready to scour all the kingdoms for the best of the best.
4c4fb43429	Are there any other options, someone who could help?
4c5267331f	I couldn't find you for a long time, but your old tub gave you away fast. You're caught!
4c56e43d9a	[BLUE](A table with a pile of notes. One of them says in big letters: "I hope these idiots don't forget to clear the roof. Nobody has repaired it in about a hundred years. If a lot of snow piles up, the beams won't hold its weight and the ceiling will fall on our heads! Just in case, I'll leave the spare key to the roof entrance here, and to my study as well. It hasn't been cleaned in ages, let someone see to it!" Next to it you notice one of the keys mentioned)[]
4c5f901c2b	Hmm, the other day one of the scouts reported a group of zombies to me which, as you said, look like clergymen. No idea why you're looking for them; those zombies were last seen in the Royal Forest near the king's old castle.
4c733eaacb	[BLUE](After the woman's strange gestures and spells in a language you don't understand, the room seems to darken, an icy wind chills you to the bone, and suddenly the ghost of a man appears in the air)[]
4c7c8476de	No, I'm not interested.
4c9370e444	Yes! I'm never coming here again!
4c980d56c7	I think the more important question right now is how we get out of here.
4ca02d7d4b	You all look unwell. Perhaps I can help you somehow.
4cb26bb62f	I took the real bear's head as a trophy; I need to return to Captain Whitewater.
4cbf6918ff	So you came back to Freeport for that, but what kept you here for several weeks?
4cc4485ba2	You clear off, before I get angry!
4cc9a8c9b2	Hm, I have news too, but it's bad. My elite girls, who serve the aristocracy, have been kidnapped from their houses in New Garand, and I suspect who exactly is behind it.
4cc9bf0cad	Let's save the talk for later. Now it's time to kick the asses of these shitty bastards!
4ccfbb2093	A manual for creating a crushing axe that a rogue can use in the off hand. It needs these ingredients: deer antlers, two rubies and a wolf pelt.
4cd3ed494f	In recent years there have been many bad rumours about Bernadette: that it wasn't illness but she who was to blame for her older sister's death, that she arranged the murder of the exiled treasurer and his family and personally killed one of that nobleman's sons before his eyes, and that she carried out bloody purges of the royal army's command after the failed defence against the Heavenly Knights' first invasion.
4cd677611c	If you keep talking to us like that, I won't care that Alaric needs you for some reason. I'll tear you to pieces!
4cd9eecc04	We'll go back to the troll and bring the right eggs.
4ce2a146d7	Whether Dominic died or survived, I helped him defeat his enemies.
4cf31d878a	Well, here's what I found out. Many years ago an adventurer who worked for the Golden Hand stole the sword we need from them. This fellow was very interested in all kinds of antiquities and sought out and studied all sorts of historical records. Before he fled he was looking for a way into a place called the Silent Kings' Gorge, and supposedly he set up his hideout somewhere in the Emerald Valley. That's all.
4d0cb6c1ce	We'll see about who dies.
4d1124f971	As you wish. Shall I help you get back to Icemist?
4d250a53f7	You have all the required ingredients, and you begin creating the item following the instructions. A couple of hours later you hold the result of your labours in your hands.
4d2a4c500e	Prepare for your deserved punishment, unclean creature!
4d2e0c7dcf	Sorry, no.
4d464d870e	Hi! Why are you here alone? Are you lost?
4d613ffac3	Try to insert the missing part of the tile.
4d6598d8d8	Yes, I'm fine.
4d6b3df996	Damn, maybe something happened to them!
4d75a0bcd1	Great, I have that armour with me: an Assassin's Cuirass.
4d75c93261	[BLUE](It seems Dominic and his friends are already here and fighting the enemy!)[]
4d78a5b5ac	I dealt with the attackers; now I need to discuss what happened with Adaon.
4d808d8411	[BLUE](a girl who looks like a sorceress, but is dressed in light leather armour and armed with a long enchanted sword)[] Hi, how's it going?
4d8a328330	Wait! Take your corpse with you, I don't need it here!
4d8d9ca38d	I suggest I go there alone first and scout it all out, and then you yourselves.
4d94266deb	I destroyed one of the four seals holding the being from other worlds.
4da1f4527a	Well, the artifact's condition is our business now.
4da71263bc	I found 8 fiery cores, one more to go.
4da72fbf9c	Lately she's been helping Gunnhild with her business. I think you'll find Alice there.
4db2a31139	Percy found out the blackmailer has been killed and we were meant to be blamed for his murder; he also spotted a watcher, who must be caught before he leaves the city.
4dbbc3b7b0	And if you decide to stay with us, could you do me a small favour, and get to know our kingdom a little along the way? I need a message delivered to the head of the settlement in the Royal Forest, east of Istril.
4dc4e0a30f	Duane "the Mountain" told Dominic that his girlfriend is alive and asked him to return the stolen artifact "Eye of Tol 2.0"; I agreed to help Dominic with this. I must meet him in Friguld.
4dd781df5c	Vince told me I can find Johnny in some dormitory in New Garand.
4de889bf41	You can count on me, I'll be glad to help you again.
4df5971453	Only you won't need eyesight anymore, since the dead have no use for it, nor for your stone, which I'll take!
4df63e2ab2	Thank you.
4e0345a8b6	I killed the scoundrels who were blackmailing the blacksmith Hilt; now I need to tell him.
4e15e8f159	I think you're the ones who need punishing, for your intrusion and your behaviour!
4e29ddbc96	It would be great to do that, but I haven't worked out yet who exactly is acting against me. First the current problems need solving. Someone is luring away the fishermen who work for me. They need to be scared back under my control. I'd send my own lads, but they're not good at settling things peacefully, and I need those fishermen in one piece so they keep doing their work.
4e40bec5b6	[BLUE](This is a magic door. There's no way to open it and go in)[]
4e577b7fca	The poet's name is Dustin White. He recently arrived in New Garand, but he spends the nights somewhere on the outskirts; that's where you'll find him. It's night-time right now, so you can finish him off without witnesses.
4e5d5acf91	Maybe you know something about the moon curse and ways of lifting it?
4e6a5c60ad	[BLUE](I have nothing to do here)[]
4e79a2ecda	[BLUE](A red-haired girl who isn't in the mood for talking)[] If that fool showed off her butt a bit less, she wouldn't have problems with such crazy, obsessed fans!
4e7c94084b	Great, I have that armour with me: Platemail Leggings.
4e86312401	I wanted to meet Princess Evelina Lightwind to return her staff, but she has left the royal castle and is somewhere in Istril or on the outskirts; perhaps I can find out from someone where she is.
4e866482bc	Thanks for the help.
4e8cb55ffc	Let's head back.
4e908b3731	Oh, enough talk for today, I want to finally get to the castle and have a bath. See you, my hero!
4e90b8c995	Yes, a friend of mine needs a certain body part enlarged, and you seem to practise that kind of thing.
4ea0668898	Great, I have that armour with me: Wolf Armor.
4ea391b0be	[BLUE](A motley group of men led by Bubba stands facing Rickman's crew. The Master who came with you steps forward, looks the enemies over, then turns to his allies)[] Well, friends, look at these faggots who came here to fight us. Clearly they think they're tougher than us, stronger than us, as if their pricks were bigger than ours, but that's clearly not so. They're just more losers who want to make a name for themselves, so let's put them in their place. Don't spare them, fight to the end and expect no mercy! Victory or an ass full of dicks!
4eb0783547	Maybe you've had enough?
4ec7ed7ea2	I'll be there too; we have to prevent bloodshed and get the "Eye of Tol 2.0" back.
4ecf022291	These must be the wrong kind of trolls. So, who are you, and what are you doing here?
4ed879e954	[BLUE](The naked girl has stopped writhing in her bonds and looks at you expectantly, trying to say something despite her mouth being gagged)[]
4ee369dd02	I eliminated three orc scouts, two more to go.
4f000d7cb9	[BLUE](A rather old-looking wizard, though quite lively for his age)[] Greetings, traveller, glad someone has dropped by. My name is Ronald. For many years I studied elemental magic, and sadly my research ruined me. Now I live in this tower, offering my magical services to the townsfolk to make a living.
4f06d208a6	Maybe they were just following us until I spotted one of them; they didn't seem to be planning to attack.
4f0df07da6	Well, but I have you, Alice, and our new friend! Together we'll put together the best team for performing all over the kingdom! I'll sing, you'll play the viola, we'll find someone to play the other instruments, and our friend will protect us from all the envious and ill-wishers!
4f0efe9f31	I've ended up in dark caves; I need to find the way to the Temple of Knowledge or a way out of here.
4f1d340a0a	[BLUE](She looks like an ordinary middle-aged woman, but there's something beastly in her features and eyes. Greenery and slime cover her naked body here and there in place of clothes)[] Hello, my young hero, I'm very glad to see you again. How have you decided to please me?
4f413ead18	Yes, though it wasn't so easy!
4f556e3db5	[BLUE](By the look of her, this warrior woman has clearly spent more than one day fighting undead)[] If you've got nothing to do, you can help us destroy these creatures. If not, don't hang about here and get in our way!
4f5acfb016	Oh, great! Can I have a look at them?
4f615917a0	Yes, that's sad, but I'll come back to visit you again.
4f85a9a165	And why did you need me?
4f86b7bab6	[BLUE](Another vampire appears out of nowhere)[] Leave him. First we must deal with the uninvited guests.
4f8b1c3aae	Well, yes, because I don't leave anyone alive who could blab about my enterprise, so you'll have to die now too!
4fa495618c	Maybe we should check; what if something's happened to him? He clearly loves getting into trouble, but he's not such a useless guy.
4fa54f51f4	Do you perhaps have any other work?
4fb74334c1	I must find 9 fiery cores of lava elementals to charge the crystal.
4fbc411916	No, going back the same way isn't safe, especially as our loyal guard can only arrange free passage once without drawing the other guards' attention. I know another way, leading into the sewers. The other day I got in touch with one of the castle servants loyal to me; he checked this loophole, and it's still open. Once in the sewers, we'll easily get out beyond the city.
4fbfc74362	All right [BLUE](You repeat the wizard's phrase in the unknown language and say the name Damian, and at once magical energy envelops you and pulls you into darkness)[]
4fc1943aeb	The right choice. Nothing personal. Next time be careful dealing with strangers.
4fc69713cc	Go down.
4fc7c3c1d1	For you mortals it will be hard to grasp who I am and where I came into this world from, whatever words I chose to explain. So I will not torment your minds. It will be much simpler to tell you about those who summoned me. It is in their temple that you now stand.
4fd5340a14	My work on this armour will cost you 280 coins, and I'll also need three white wolf pelts.
4fe4923397	In this tower you've found a workshop.
500708fce3	And by the way, in my youth I was a blacksmith, and I still have some weapons left. I have no use for them now, but they may come in handy for a hero like you. Come to me if you want to buy something.
500a030588	That's me! I hope you'll get me somewhere safe?
500c675162	Until we meet again, Havis.
501c3f5421	Bless this Thief's Blade.
5022461b61	Here's your reward: wonderful armour, as I promised.
502d65ef0e	Oh! Will panties do? He keeps stealing them from me. If you can find my panties, you'll find him!
50344c6818	What weapons can you offer me?
503c86978d	Take this as thanks from me. And if you're a mage, I can teach you to wield elemental weapons more skilfully.
50411777a5	I found the key to the magic barrier; now I need to get into the Whitetoad vault and take its contents.
504209123b	I have Friguld rum!
5044c2b988	I'm the one who was incredibly lucky to meet you! Before you my existence was empty, but you changed everything. You made me feel alive again, made me try to do things not only for myself, but for someone who has become so close and dear to my soul!
504a98690d	Maybe one of the lads went too far while drunk, but don't say it happens all the time!
50666fcbd4	I must deal with the brigands holding the missing villager.
50676bb6be	Excellent! And I've already found the first buyers, and we'll soon have takings!
507d373cd5	I need to lead Nail and his gang out of the city through the sewers.
508db145a8	[BLUE](The young-looking sorceress looks sadly at the monster's corpse)[] Don't hang around here for nothing. Go back to Hugh.
50a4da9176	"This is the entrance to a burrow giving off an unbearably foul stench."
50a7cd1e6f	And I don't remember you ever hunting at all. You like to show up when everything's already served.
50b0bd7ed8	[BLUE](glancing warily at the Varannari woman)[] You know, I don't think it's that important for me to prove I'm the strongest woman; I've already proved everything I wanted to everyone. Anyway, I have to go.
50b9360673	Okay!
50c175f540	On the snowy plateau I found human remains that may belong to Prince Vardie; I need to take them to the castle of Rigordion.
50c2035cf7	Freaks, get away from the girl!
50c3acf710	Oh, sometimes I forget how much people have shrunk these days in every way, especially men, in certain dimensions, as far as I can judge by you.
50c767b107	Greetings, wanderer. If you need help on the road fighting dark creatures, for a small reward, {LEVELx50}, I'm ready to join you.
50c8d24b03	[BLUE](Among the human remains one skeleton catches your eye, in rags that were clearly once expensive clothing, with expensive ornaments)[]
50d0136fde	[BLUE](A short, pretty girl with unusually coloured hair)[] Girls, I'm so glad to see you all! How great that we could get together! We'll make the best and most excellent music troupe!
50d120807b	I need a little time. This clearly isn't curing constipation!
50d4a90e35	I don't talk to types like him.
50dfc2663f	Hand over your money.
50ee742d60	[BLUE](the pace of the chanting changed, becoming more sinister, and you began to feel as if someone was watching you, although those at the table were busy with their work and the man in armour and Bernadette were watching them. Then you noticed the corpse lying motionless on the table suddenly twitch. It happened several times, the chanting stopped, and the dead man's eyes flew open)[]
50f0ad0ff7	[BLUE](Someone's corpse lies in the mud)[]
50f19ac580	Oh, finally, someone's come! I thought I'd have to get out on my own!
5127ba396e	I have rubies with me.
512da25b89	I try not to remember those days. All right, if you're ready, we set off.
513dcd1007	[BLUE](you notice passers-by stopping by the wall to look at something and quickly hurrying away. Coming closer, you find a headless woman's body lying by the wall, and on the wall above it a pike bearing a woman's head. With a shock you recognise Princess Evelina. Beneath it hangs a sign reading "traitor")[]
5143a91650	All right, let's try to find her.
514853426c	In the New Garand Farmlands. That place was chosen for the meeting.
5148d83ca4	Enough talk, we have to take back our stash!
51591e851a	All right, I'll think of something.
5164e20847	Any weapon you have that doesn't already carry other charms. But I'll also need ingredients: four each of fire salts, living ice or sparkling powder for the charms of one of the elements.
516701487b	A gang of minotaurs has attacked Rickman's house; I need to deal with them.
5176f3377c	See you, young hero. I almost forgot: behind the hut there's an enchanted stone. It can teleport you closer to civilisation, if you don't want to find your own way out of here.
517829f65a	I hope so...
517ba8ebc3	Adaon, of course.
51933dbada	Not much, but I found the panties you asked me to get back.
5198ebd6b5	Fine, you won't destroy the world alone anyway. See you around.
51b96e711a	Last Honours
51baa7e1e7	Well, I wandered around these parts for a couple of days, avoiding danger with my magic, so I got all dusty and dirty and decided to bathe in the Royal Lake. That's when the orcs caught me. I had no time to react; they took my staff and all my gear and clothes and probably threw them away somewhere in the forest, and dragged me here and locked me up.
51cc9dbb05	[BLUE](a fairly large man with long hair in a leather outfit)[] Hello to the new guests! I'm Charlotte, pleased to meet you! A great championship has been organised here, and I hope to win it and prove that I'm the strongest woman in all the kingdoms!
51d575a1b0	Here. This is a collar, but not just an ornament. It's steeped in ancient, dark, perverted magic, thanks to which its owner can take control of any person, but for that, of course, it has to be put on the victim. There's no protection against these charms, since no one studies them, because they're very ancient and vile. Except me.
51ef2671bc	And how's it going?
51f7b622cb	[BLUE](the bloody monster is defeated, and the mage, now safe, set to work. The stone seal turned into a sparkling sphere of intertwined fiery threads; as it released its power a roar swept through the dungeon, the walls shook and rubble fell from the ceiling. Soon everything went quiet, but the echo still rang and thick dust hung in the air)[]
51ffce01f8	What is this fortress?
5200af1ce5	Then we're going there. We'll get my son back, deal with all the scum, and knock some sense into my brother.
52036671e0	Stop, this criminal must answer for his crimes before the Church of the Three!
520cbcb769	What's that castle north of your settlement?
521431f068	All right, I understand you.
52175eacb2	Dominic suggested meeting him near Lannegar so he can thank me for my help.
5226216794	A Saving Escape
522698a848	[BLUE](Ignore him)[]
522d5496f1	Oh, the brutes! [BLUE](the girl said, breathing heavily, once you had dealt with the minotaurs)[] I'd barely sat down to relax when these bull-men jumped out of the bushes! I think I was so scared I wet myself!
5246ccaaaf	[BLUE](A young pale-skinned woman. She doesn't look at you as angrily as before)[] Do you need something? Speak while I have time for talking.
52477b70f5	I dealt with the attackers of Lady Philippa; now I need to talk to her.
525799b08e	[BLUE](The master weaponsmith is clearly glad you've come)[] Greetings, traveller. If you have a suitable weapon with you for reforging, I'm ready to get to work right now!
525c4b5570	223?! Seriously?!
52969dc21a	I helped defeat the Varannari army, but the Forbidden Mines must be completely cleared of them.
52afdbd8e6	I'm glad too. And I didn't tell you straight away: my search for you began when I found the body of a sorceress who had a note about you and a cloak she wanted to return to you.
52c7235a69	[BLUE](you see a suspicious wall, and on it you notice a bloody inscription in symbols you don't understand, "T.ME/EXILED_KINGDOMS_RPG"; you have no idea what it means, but perhaps somewhere you'll be able to find out something)[]
52cf24cbee	I found and beat up three of the Bridge's friends; now I need to talk to it again.
52d9b5655e	Wow, he must be a truly divine vocalist if they're that famous!
52de96efef	I need hunters in Rigordion.
52df888795	I must follow Kiara's man, who has gone to a meeting outside the city to the north, to find out whether or not he's a traitor.
52e28efdec	I'm afraid I have bad news. I didn't manage to meet him, and my acquaintances told me they saw Bernadette's people take him to the castle. Maybe he'll be lucky and end up free, though there's no knowing how it will really turn out.
52ef585117	I'm coming to help you, teacher!
52f0169942	Bye!
52fc697f58	I need to get to the Whitetoad mansion in New Garand.
5301ce8344	[BLUE](A young pale-skinned woman looks at you in surprise)[] What in Tol's name? Why have you dragged a corpse in here?
530a5ad009	If I had seen such desecration of my brothers, I would have laid their mortal remains to rest with my own hands!
5325b7d1f8	Luckily, it all turned out fine.
532d12ae70	And I'm supposed to believe that two robberies happened on the same day, and that it wasn't your gang that robbed my father but someone else, because you were on a job somewhere else?!
53342285a4	It's easier for me to find some ordinary wolves nearby, feed you to them and take your stone!
534110c30c	I helped senior novice Peter defeat the traitor and the evil witch, and High Priest Gideon rewarded me.
535214e9fc	I have no questions.
5359af1067	Well, about the performances, we have one big problem, and that's the competition, especially two groups that have been well known in the kingdom for quite a while. They take all the audience's attention, and it'll be hard for our still-unknown troupe to find its audience.
5369a1560a	My work will cost you 250 coins, and I'll also need a wolf pelt.
536c306a09	[BLUE](a frowning man in armour, no longer young)[] Greetings, I am the captain of the city guard. If any problems arise, turn to my assistants or to me, and above all, don't become a problem for us yourself.
53705a9d70	[BLUE](a sturdy-looking old man with a stern face broke into a broad smile when he saw you and the boy)[] Oh, you're safe, lad, how glad I am!
5379d61428	Don't trouble yourself, captain. I have been watching you lately, so I know about your illegal activities.
53848f4c9d	Thanks, but I'll stay here for now.
5387c6f055	Expect no mercy, you'll all die!
539c165838	I dealt with the unknown attackers; now I need to talk to Dominic about it.
53b204a62c	How did you find out where I'm from, and my former name?!
53b23fc308	And we're to keep an eye on how it goes?
53bd308347	Hugh is planning something serious; he'll pay you far more for your help than the people you're working for now.
53bda8943c	[BLUE](The sorceress starts tidying herself up)[] That was unforgettable. Now I understand why no enemy can defeat you.
53c9d15755	I helped the priestess Anabel deal with the werewolves; the high priest of the temple of Rigordion is ready to reward me for my help.
53cf174b38	Where is the kidnappers' lair?
53cfbf4c18	Of course, but if we have no other choice we will have to kill him. He would hardly want to spend the rest of his days as a dangerous madman.
53de4ceb2c	And there are also rumours of an alchemist from overseas who has settled in Friguld. Among his potions there's supposedly the one I need.
53de6c5cea	[BLUE](This prisoner has clearly spent a long time locked up, but despite that he's quite lively)[] Thank you for freeing me from the cage!
53dffdc668	You promised to help me with my friend after I helped you.
53e0877a45	I'm the one who kicks the butts of all sorts of lousy scum who stop decent folk from living normally! In case it isn't clear, I hunt the undead and those who use black magic, and thanks to you I just let one of those brutes get away! So, who are you, and what are you doing here?
53f11355c3	[BLUE](Imperceptibly and quickly put a collar of submission on him)[]
53f3c0345a	I managed to free the kidnapped girls; I must tell Lady Philippa.
54086c9a15	Thanks, I've changed my mind.
540e42ceaf	I'm listening, comrade?
540f067a6c	[BLUE](Having caught your breath, you start putting your clothes and gear in order. Evelina has no clothes at all, and she keeps lying on her bed of branches, looking at you)[] I hope you're pleased with your reward, since I wouldn't mind thanking you again sometime.
5415b271ed	Yes, I'll take on this search.
5417554490	Bye.
542927f759	Oh, come on, seriously? As I recall, you ran into him too, Azalea, and ran away from him just the same without doing anything to him.
542b1514de	[BLUE](the man sighed heavily without taking his eyes off the woman)[] A lot could have changed over the years; you've seen for yourself how her character changed, and her behaviour with it.
542ea01db9	And what are you going to do?
542ec6e047	Hm, I think this should be enough... Let's not waste time. Come!
544081b33d	Enchant this Bluesteel war pick.
5446f52a17	What?! That can't be! You must have decided to keep the Dragon Lord's Crown for yourself?!
546e245c3b	Yes, from the bandit Freebag we found out that Bubba's lair is on one of the pirate islands. Vince and the Philosopher went there to scout. In Friguld there are people waiting who'll take us over to that island.
5474c3eee1	Our work here is done.
548661f719	I found the body of a sorceress and her message about a lost knight; I need to find him and tell him what happened. Perhaps I can learn something about this knight in Icemist.
548971d691	Uh, all right, we'll do that... I mean, yes, sir, right away!
548ac61933	I'm sure our boss won't object to such a solution. He has long wanted to talk to your Lady in person. As a guarantee of safety and trust, Johnny will accompany you as, uh... a temporary hostage.
548bff3e71	One of my deputies, nicknamed Bubba, decided to get himself promoted and take my place. I'd deal with him easily, but the bastard has earned a fair bit of respect and has quite a few allies in the gang. Anyway, he cleared out of here and went to ground, but he keeps luring my lads over to his side and recruiting outsiders. The catch is that he needs my contacts, who won't deal with anyone else as long as I'm in charge here.
5493674729	Adaon is alive! But unknown mages have attacked us yet again! I must deal with them.
54a3e63571	The villagers by Dawn Lake asked me to find a missing villager in the forests of this area or Kalion's Ridge.
54af2ce3c5	Great, I have that armour with me: Zeref's Mantle.
54b8a1d0c7	I don't have them with me yet.
54ca3def30	Um, I suppose we'd better carry on with my errand after all. You'll help me, won't you?
54d61499f5	I'd gladly set off on travels with you, but I don't need anyone's help right now.
54dbe55d83	Hi-hi! Glad you're back! We're going to hold a showcase rehearsal, and we've invited famous guest musicians for it! And how are things with you?
54e081b439	All right, I'll talk to them about your holiday.
54ebf17d2e	But not all is lost. My sister is carrying a child, the last heir of the Storme family. For its sake we must destroy the vampires and cleanse the family castle of evil. We managed to find some of your notes saying there is a way to defeat these monsters.
54f32a6f69	Very easily. I have chosen a new religion for myself, one that grants me not imaginary but real immortality! Don't be a coward and a fool, Peter, join me!
55086f6355	I can teleport you to one of the big settlements of our kingdom, Quiet Haven or Sol-Laqueul, for [BLUE]250 gold[].
5519ae46ba	All right, tell me what you want to intrigue me with.
551aecbbf2	How many ingredients are needed for the enchanting, and how much will it cost?
552d136a3a	You have used up your trust, captain. Lorcan, carry it out.
552dec67bf	[BLUE](Someone's remains. Among them you find a steel key and a note: "...some unknown creatures have appeared in the mountains, gnawing through rock as if it were rotten wood. They damaged part of the tower's foundation, which badly damaged one of the sections of the lower level. The boss is still thinking about how to solve the problem and has ordered that section locked. The key is kept in my bedroom, in case he asks...")[]
5541ac3772	Come back when you've collected the amount of substrate I need.
5542f45696	[BLUE](a woman in a hooded cloak looked at you warily)[] Greetings. If you want to discuss something sensible, go to Alarion; as for idle talk, Lukan's your man.
554c2e4218	Some ice women have attacked Whitetower; I must deal with them.
554e9263d4	Looks like the monster is dead. Well, now he can't cause us any more trouble, and perhaps we can reach some kind of agreement.
5551f36adf	Your words sound ill-meant, stranger. Who are you and what are you doing here?
555bbe2a0d	Enough yapping! Tie up this bitch and throw her in the basement, and kill the newcomers and send them to the sea devil at the bottom!
5568b1edbd	The job's done.
55849378e5	Really?! Then we can convince the stubborn magisters in Icemist that we're right!
5589728629	I'm ready to check again whether it's so, my young heroes! [BLUE](You pull off your armour and zealously set about proving to the woman how much of a man you are. Adaon, without delay, decides to join you. Her moans echo across the whole swamp for a long time)[]
558a94e8c6	I'm glad to have your help. Those bastards have settled not far from Sydarun. We'll meet there.
55947f0dfc	The Zamohr Pass is open!
55949da7f6	You're back? And Vince is here too. Have they told you a solution to your problem has been found?
559b36fd72	[BLUE](A short, pretty girl with unusually coloured hair)[] Phew, I'm back in the refuge. At least here that stalker can't get to me! And my favourite panties are back with me. I need to wash them properly, who knows what that freak did with them!
55b41b973f	I found one of the little green men's camps, but the forester wasn't there.
55bab376d2	I need to find a way out of the strange place I've ended up in.
55c841fad3	All right, I'm happy for you. But how's my errand going?
55cdb31a2e	Um, yes, I've come to rescue you. [BLUE](you tried not to stare at the naked girl standing in front of you, who was bouncing slightly on the spot, clearly overjoyed to have been found)[] You wouldn't happen to be the missing royal mage?
55cee5a256	Well, I had to prepare properly for the journey. The road was going to be long and dangerous, only I didn't have the money for all the preparations. So I borrowed money from a local dealer, promising to pay it all back. And while buying what I needed, I met a girl, and together we blew all my cash.
55cf87b578	The lady needn't trouble herself. I can see you're not from around here. Judging by your looks, you're an islander, and the captain here, as I know him, really dislikes riff-raff like you. If I take you to him and tell him you tried to rob me or even kill me, which of us do you think he'll believe?
55db0d3c54	Boss, we'll sort this situation out!
55dc88a6a9	On the road between New Garand and Kingsbridge I came across a bandit and a girl quarrelling; I decided to take the bandit's side.
55ee5a12ea	I came to terms with them. You don't owe the bandits anymore.
55f2738dfa	All right, I'll find and destroy these totems.
55ff2506dc	[BLUE](You are about to leave when you hear a deafening splash behind you. One of the surviving dead men is pointing that way)[]
55ff7883ea	Let's not linger, we'll catch him!
560d897efb	Yes, Your Highness. We can begin the rite right now.
5618d681f4	Certainly.
561ea7d92f	Here are the coins.
5623057e7d	I'll visit the workshop next time.
5649bf0bff	Agnius suggested hiring three hunters to supply us with pelts; I've found all three and can tell Agnius.
56520219a4	I've found one of the manuals and can start creating items.
5657db86cb	A Guest from Other Worlds
565b1b961c	[BLUE](Right before your eyes Hermes is wrapped in magic fire and his body begins to turn into a monster, which throws itself at you in a rage!)[]
565b930f90	Be careful: Magister Daggett is a mighty mage, and although he is mad now, he has lost none of his skill or power.
565ed4d9c4	I hired the private detective mage; I need to meet him in Icemist to hear what he has found out.
565f58a59b	This could be a very dangerous job, Havis, you could get hurt...
5666e2223e	Huh? What blasphemy is this?! Leave, and don't come back here with such a weapon!
566b682991	But you said yourself it's a very dangerous device that could destroy the whole kingdom. Maybe we shouldn't try to understand how it works and just get rid of it straight away!
566cd5e75b	What happened to you here?
567b6566a8	I managed to kill the necromancers' leader; now I need to tell Captain Ribbonhair.
569649c1ca	I'll be grateful to you. Saving a young soul is a noble deed, and it will surely be rewarded. Good luck, and here, take these things; they'll help you if you have to face the glowing people.
56987f95c4	Just our luck, we'll have to drag ourselves to Icemist! I know one of the boss's men there. Maybe he can help us, if we find him!
56a0c46387	Some unknown creeps attacked the boss while you were chattering here!
56a1bd4d57	Yes. The last time we saw each other, he was about to come here, but he never made it.
56a476b7db	[BLUE](It seems their leader has stepped forward)[] Just look at that, damn, what a rich spot this is, lads, another customer this week! Hey, you, sucker, hand over your money and things, or you'll become the wolves' damn dinner!
56a7bcd656	Hey, I hope you can control this creature?
56ac0912f0	I decided to spare you the dangers of the road.
56bdb1758b	Can you bless this Adamantite Shortsword?
56cf169c1e	My work on this armour will cost you 270 coins, and I'll also need two white wolf pelts.
56e0bc9549	All right, so we need to find this suspicious settlement. When do we set off?
56e88380f1	I'll gladly make a few more, and since you proved to me how much of a man you are, I'll trade one for only 8 pouches of poison, or 5 vials of spider venom, or 2 vials of scorpion venom, or 3 mamba fangs, or 3 coral snake fangs. I'll welcome any ingredients you bring. There are too few suitable creatures in these parts because of the swamp beasts.
56ea642aa3	Enough talk! Let's do what we must!
56eb0a931a	Is it really that simple?
56eb18bf8d	Break through! Dominic is waiting for us on that street; he'll get us away from them!
56ee056515	The Heavenly Knights are an order of rather fanatical and aggressive warriors who have been seizing and settling these parts for several months, but it's still unknown where they came from. They're quite dangerous, tough fighters.
56ef7fb5cd	Let's take a look at it first. I can't work with junk.
56f27722b2	Yes, I think that's just what we need to track this scoundrel.
5703800dec	Dominic told me his girlfriend was killed and he's out to avenge her; I agreed to help him. I must meet him near Sydarun.
570b43e37b	My sister and her unborn child are now the owners of the castle. They'll welcome everyone who helped rid it of the evil that had settled here.
5710ffcfa3	Alice and I must find Violetta in New Garand; an acquaintance of Layla's will help us with this.
571780c3ad	You can't say anything but words.
571989f834	[BLUE](In a back alley you hear some noise, someone's loud voices)[]
5720e17d09	Let's not dawdle. The sooner we find our target, the less we have to hang around here!
5730a3752c	Janod? I don't know anyone by that name.
573130f4c4	Great, I have that armour with me: a Scaly Robe of Adept.
573aa92287	I'll strangle you with that cloak right now and take your stone!
5743879f73	Indeed, a couple of days ago one of our hunters saw a group of zombies like that coming from somewhere in the west. Most likely they're now roaming near the old royal castle to the north. That cursed place draws all kinds of undead; it's frightening to imagine what goes on inside. For many years no one has dared cross the threshold of the old castle, and anyone foolish enough to do so certainly never came back.
5743ea1d7f	Now is not the time for talk!
574ad85243	I don't doubt it.
574cda5a4a	Sorry, but I have no free time.
5758e5d78a	Well, a stunt like that changes things. That wizard's name is Murlon. He's from Icemist, perhaps one of the queen's inner circle. He gave very little information about himself. The meeting with him was supposed to take place in Lamis. Maybe you can learn something there before you go looking for him in Icemist.
5772887924	[BLUE](A group of young people who look exhausted and are dressed in rags)[] Go your way, stranger. We don't need anyone drawing unwanted attention.
57780f108f	The rotten city of mages will soon fall into the abyss on its own. You only delayed its fall, and one saved life is nothing compared to the hundreds ruined in that hole!
578588b45f	Hey, buddy, how are you down there, alive?
578a73e5dc	So this is Prince Alarion you told me about, the son of that upstart who took my throne. Do you know who I am?
578c0569f8	I suppose you're right. We shouldn't stay here any longer.
57963521f3	No need to be so alarmed! Actually I have my own group too, and I'm its leader, and since all the members are dead, we mostly play dead metal! Anyway, I wanted to offer you a collab with my troupe!
57968814b7	I don't like this place; you can clearly feel some ancient, bad magic here.
57a68ef2d9	The swindling sorcerer turned out to be the mage Albeno, whom I had crossed paths with before; I couldn't settle our problem peacefully.
57bfddbc7c	They searched for fragments of the ship and even organised expeditions to the site of the main crash on another continent, taking everything they needed, including me. I hold the necessary data on the design of every component of the ship, so I became very useful despite my limitations compared with the original system.
57c252435a	I hope that next time we meet, you'll be all right.
57cb474fab	Hit the scum!
57d7630612	I have a bow.
57deb2c3d0	Cool, just what we need! I hope she can deal with my problem!
57ebae7a9d	A magic item would suit me very well.
57f75eaf86	That sounds very clever. All right, good luck.
5804663907	[BLUE](a girl with a striking look and unusual hair colour)[] Don't relax, these cultists won't be easy to handle.
58065c0491	Ignore it.
5806e2368d	Here are your coins, as I promised.
580cc398eb	How trivial. Goblins breed like rabbits. Soon they'll fill the whole valley and the mine again!
580eef13eb	You know Deadwood? I'm the one who killed it.
58199c4b7c	Nothing yet. But there'll be something later...
582ef19b53	I must deal with Mikaela's stalker once and for all.
58327e0b4c	We have the last artifact, which means we'll finally get our riches!
5836cbac16	Greetings, traveller, I am Dorothy, head of this settlement and captain of its guard. These are troubled parts, but my guards and I do everything we can to keep everyone in our settlement safe. You can call on the trader or rest in the local tavern before you continue on your way.
583dd83511	[BLUE](A short, pretty girl with unusually coloured hair)[] Oh, you're here too, so our best and most excellent music troupe is all together! We're settling in here before we start preparing for the performance!
584142ab5a	Can you bless this Adamantite Greatsword?
58474e2995	I think I'll pass.
584a164b84	Hi, I've been told you work for the Lady. I can help you get to our refuge quickly.
5858de78e2	[BLUE](Looking around the cave, you notice some movement. With a roar a monster leaps at you out of the darkness, but you manage to jump aside and join battle)[]
58642a0aa4	Why go there if you know danger is waiting for you?
586adbfe38	Hi everyone, glad to see you again! Ready to help you beat up some more villains!
586ef3f6e5	Be more careful. There are plenty of other dangers in these parts besides the demon bear.
588f6bb4ce	Your peaceful negotiations went to hell long ago. Now instead of words, it's the end for you queers.
5890ad6ba8	[BLUE](An elderly, slightly haughty-looking priest in rich vestments)[] Welcome to the temple of the Northern Gods, traveller. This sanctuary was founded by my ancestors. Any wanderer with good intentions can find refuge here!
5890c1ff8b	Well, as you wish.
58a3c333b9	The witch we defeated is here too, and it seems she's still alive.
58b5287a07	Only attack enemies that attacked you first.
58bf2cbe0a	[BLUE](You should probably find out what happened to this knight, and if you manage to find him, tell him of the death of the sorceress he knew)[]
58c2843946	The way back is blocked, and it seems we can't leave this fortress until we deal with its master.
58c6a7f719	Sure!
58d27ba35e	I didn't want to upset you, Mika. I've changed my mind and I'll be glad to help you!
58f1eab93c	Make yourselves at home, friends.
58f4685a1f	As you say. I'll honestly admit I've been bored lately. After the Ark I haven't had anything interesting or serious to do. Your problem seems laughable to me, but since you say this type is so elusive, maybe he'll manage to entertain me a little. I'll pull all my strings in the kingdoms, hire spies, and find out who this type is and where he can be found.
5907301f8c	But you're a wizard. Dealing with some dirty pirates is no problem for you!
590e7a0741	Yes, quite. It's actually a simple ritual. Now, you'll need this potion, and the spell formula. Only I no longer remember which of them is the working one, but one of them will definitely work!
5919f0addb	The man-eating bear turned out to be a brigand in a bear costume! I took the costume's head as a trophy; I need to return to Captain Whitewater.
5920f55fcc	My work on this armour will cost you 200 coins, and I'll also need a bear pelt.
592c19f28c	No! No! He's not my son! Don't touch him!
5934b40aaf	Well, brother, see you in Freetown.
59361d028b	I've got the required number of hides.
594041eea4	Hm, I think not. Such a masterpiece of a device should be studied thoroughly and put to use!
59429fd87f	[BLUE](the animal bares its teeth, unsheathes huge, sharp claws and hurls itself at you; it seems to be a wildcat, and it's ready to tear you to pieces!)[]
5945516368	[BLUE](The sorceress has gone a little ahead of you when you notice some movement. With a roar a monster leaps at her out of the darkness, but you manage to push the sorceress aside and join battle)[]
594a9040d6	Magister Mundric agreed to give me the key stone from the Temple of Knowledge if I bring him 3 chitin shells.
59586003cf	A team is being assembled in the temple of Rigordion to exterminate the demon bear; I decided not to join them.
5965562405	Don't risk it, if you value your health.
5966f848b1	Hm, no idea why anyone would need that, but I'll have no trouble doing it. Bring your friend to my abode, Gigi will help you get there, and I'll fulfil your request.
596d2a5b06	Well then, we'll have to shut their dirty mouths!
5979af2404	Of course, the dark powers have taught me a lot. Do you want to see simpler creations or something special? For the first I need at least a minor potion, and for the second a strong mana potion. Or do you want to use the teleport?
597ede3d05	Magister Mundric agreed to give me the key stone from the Temple of Knowledge if I bring him a dragon heart.
598b483fcf	Get away from him, dead whore!
599c7b4ac3	The Trouble with Knowledge.
59afb3818b	Bless this Bluesteel Mace.
59c0ba8c8d	The dead man's body must be delivered to the castle, to find out for sure who we've found.
59d12a9411	None yet.
59d8396edf	An old lever turned to the left. Who knows what will happen if you turn it to the right...
59e6fa9459	I found and beat up two of the Bridge's friends, one more to go.
59ee666007	I saved Grissenda's sister and stopped the vampire threat!
59f2f2130e	Great, I have that armour with me: an Imperial Platemail Vest.
59fb023782	I wanted to warn you straight away about the princess, [BLUE](the wizard said, looking after the girl)[] she is prone to recklessness and promiscuity, so I wouldn't advise counting on a lasting relationship, especially as she is a titled person after all. Though of course it's none of my business; how you act is up to you.
5a01a80b80	Oh, thank you for helping me deal with this problem, only how can I repay you?
5a05ae74da	I'm great! Just wonderful! Our troupe [BLUE]"Lilac Blackberry in Trembling Clouds"[], by the way, we're thinking of using the abbreviation [BLUE]"L.B.T.C."[] for convenience! So, our troupe is setting up a new tour, and I'm coming up with a new show for it! The updated repertoire is almost ready. All that's left is to learn it and start rehearsals!
5a096bbc8c	Before setting out to find the ancient troll, Neville suggested getting a weapon from his father in Whitetower.
5a225956ad	Calm down, ladies! You can sort out your relationship later and somewhere else. Right now we're going to deal with our business.
5a343c76be	Uh, I don't feel any change.
5a3ab35d07	[BLUE](The innkeeper takes the coin, examines it carefully, gives it back to you and calls the serving girl)[] Take our guest to our best room. [BLUE](The serving girl nods. Following her, you go up to the second floor and enter the room she shows you. The serving girl closes the door behind you)[]
5a45d4bf01	Evidently, since its memory was not damaged, it told you many useful things.
5a5966a9f1	Back? Did you find anything out?
5a5a12f3ea	The being from other worlds told me about a Whitetoad relic imbued with strong magic, enough to break the seal; perhaps Neville has friends in New Garand who can help get it.
5a6042d60b	Good. Giving these riches as a gift to the Northern Gods, may they grant you a piece of their might!
5a67ebcda0	I wanted to ask: have you come across zombies around here that look like clergy?
5a725ce363	[BLUE](Adaon clearly hesitates, not knowing what to say)[] When we last met?..
5a7538ffe0	We'll break through, as always.
5a7f76fb4a	So, my hero, I've realised all these adventures aren't for me, but it's another matter in your company: nothing will threaten me, and I can give you my magical support. So, what do you think of my offer?
5a84d1af0b	This is Istril prison; let's not attract the guards' attention.
5a84f5bf7d	I've ended up in the castle's throne room, where I'm to meet someone.
5a8bb27326	Oh no! Has that stalker really made it to the refuge?! He can't get in here, can he?!
5a904fddd8	[BLUE](Use the first variant)[]
5a9ceb952f	I must kill Lady Papewidow.
5a9dd770ac	What?! Are you serious?! I prepared everything here especially for you, dolled myself up, picked the sexiest underwear, and you turn your nose up?!
5a9e6d1fb5	All right, all right, I'll enchant this thing, but don't you dare stick it anywhere on yourself afterwards! As usual, I'll need ingredients: four each of fire salts, living ice or sparkling powder for the charms of one of the elements.
5ab5ffc210	Dominic has started a fight with the Chief Philosopher; I must help him defeat him.
5ac5a9aa8d	Excellent, we could use a sword like that. Did you manage to find out where it can be found?
5acdbe62cd	All right, then we'll see each other in New Garand to discuss all the details of our plan.
5ad94305ed	Teleport me back to the [BLUE]Cloud Fortress[]!
5adbe06c67	[BLUE](A fairly young-looking wizard)[] So we're here? Let's look around.
5adffac182	Enchant this Devourer Sting.
5ae716d513	Well, first you need to talk to my Lady, and she'll decide how you'll be useful to us.
5b0c0a395a	I helped Nail and his gang get the stolen goods out of Freeport, and he rewarded me generously.
5b35dc0e68	I am a descendant of an ancient people who lived in these parts in a kingdom now lost. Now I am the last keeper of this piece of the kingdom, which is what these ruins are.
5b3783ba50	I found out how to lift the moon curse; now I need to tell Neville in Freetown.
5b39a987b4	You need medical help, Kiara!
5b42fa3650	I helped Boss Rickman deal with his enemy.
5b5c9cc1b3	Do you know who they are?
5b60129abd	That can't be! This is the first time I've seen someone walk on the ground. Nobody but you does that!
5b6504d727	Baldwin agreed to give me the enchanted knife if I bring him the head of the giant bear that lives in the forests of the Whitetower valley.
5b653f5d1b	Why, you bastard! You damned rat! You won't get away from us that easily!
5b70340026	Hey, don't get cocky, old stump! I bail you out when your men make trouble in the city, so you help me too.
5b777b7805	With pleasure! Nobody will mind if I break a couple of their limbs, right?!
5b8346ceca	And so for almost a hundred years the king has lived by taking the lives of his subjects. What's more, I suspect that for some time now his most loyal advisers have been practising this vile ritual too. No wonder the Istril sewers have been flooded with hordes of undead in recent years. I think now you understand why I want to stop my father.
5b8887e3af	Frankly, you've worn me out, hero, trying to meddle in other people's business you know nothing about. I don't know exactly why the Magister needs you, but I don't care; I'll get rid of you so you don't get in our way again!
5ba9329c8c	Who do you mean?
5bc3317f0a	Yes, of course. We'll hand him to the priest of Kingsbridge to be buried, and head to Balthasar's tower.
5bdf88cf6b	I saved Icemist from possible destruction by mad mages and saved a man doomed to die!
5be23f2c37	[BLUE](Once you've dealt with most of the attackers, the survivors teleport away. The woman looks over the battlefield)[] And what were those freaks? Care to explain?
5bfe6aecf9	All right, thanks for the help.
5c221cf721	Good. I hope they all perish here, and if any survive, we'll come back to destroy them for good!
5c2ceb6352	Good. I'll take you to Lexus's camp. There you'll spin him some yarn about unbearable life under Astutus's wing and leak the location of the laboratory, where the trap is actually set. I'll tell you now exactly where it is, in case you have to lead Lexus and his people there yourself. [BLUE](The wizard quickly explains how to get to the place where the trap is set)[]
5c3cbc8dc8	I've found three pieces of the map.
5c413bbab6	Use detection.
5c4ea39f9a	So do I. Let's go.
5c520a3fd9	Hatred Through Space and Time
5c60012a59	And I thought that after Hugh's job you'd earned enough money to find ways to amuse yourself.
5c631e4e45	Your new pals will hardly change the balance of power, which is in my favour, or help you in any way.
5c65426aed	Hey there, mate! I'm One-Eyed Will. Want to know how I lost my eye?
5c688bdd34	I've found four pieces of the map.
5c6a100c25	[BLUE](Behind you stands a group of men in fur clothing)[] These are the sacred flowers of our people. No outsider is allowed to touch them!
5c6d7efdbf	Start working in the workshop.
5c79b53287	Brother, are you an idiot? I'm used to listening to your drivel, but this is not the time for sermons. Do you even know who this freak is and what he... Wait a moment...
5c7ba9f83c	What do you say, wolfie?
5c7fab5f7a	[BLUE](The picture of the sun begins to glow)[]
5c82106935	No idea, we've nothing to do with it. Usually we only eat fishermen, and only on Fridays!
5c836d9b33	I helped the brewer Tonel deal with his problem; now he can help organise the celebration.
5c948017ec	[BLUE](A friendly-looking sorceress at the entrance to her workshop)[] Greetings, traveller. I enchant weapons, but unfortunately, by the queen's law, I'm forbidden to serve people unknown in the kingdom! [BLUE](requires reputation 10 in the Northern Kingdom)[]
5c9e21d1a8	Hey there, little brother.
5ca1d865b2	[BLUE](Show the coin Alarion gave you)[]
5cadeaf36a	I want you to find Oberon and bring me his heart. Perhaps his ever-burning heart will let my icy one feel something for the first time in the endless years since it died in my chest.
5cc2aba4bc	Never attack anyone. Not even in self-defence. I'll do all the fighting myself.
5cc68d984e	I'm impressed. Three seals are already destroyed. One remains, and I will be free.
5cd85edd3b	Is he in trouble? If so, he could be anywhere, although... There's a good spot in the city where you can lie low for a while, not far from the temple.
5cddf717c1	[BLUE] The snow-covered stone tunnel ends at a wall with a magic gate.[]
5ce81815b0	The whole crew is assembled; we need to discuss the heist plan and get to work.
5cee1fa2af	Second, someone has to deal with the captain of a ship carrying goods to Varsilia. He took my cargo for himself. Whether he dared it on his own or on someone's orders doesn't matter. What matters is that the ship and the goods must come back to me as well.
5cf47c4018	The Holidays Are Coming
5cff46a94c	You'll be behind bars yourself very soon!
5d0c6c66a1	Get lost. Can't you see I want to get drunk without company?
5d0deb7a92	[BLUE](A kindly-looking old wizard, clearly worried about something[]) You're just in time! How glad I am to see you! This is one of the outsiders I talked about, and he's hostile and refuses to make contact! Help me deal with him!
5d16076ce7	All right, I'll bring you this armour from the stash.
5d198d749e	Royal Will
5d255dc1d8	I have lard!
5d263b8a5c	It is not so simple. The seals were created by mighty sorcery and have strong magical protection. Brute force cannot harm them. Magical artifacts no less powerful are needed to destroy the seals.
5d3ba41a29	And what exactly will this give you?
5d4a5b09d7	I've collected the required number of trophies, but I need to complete one more task: find and kill the creature terrorising the villagers on the Chill Shore.
5d580eacf5	I found two Tolassian priests of the four needed.
5d587a87bb	Deeper into the Woods...
5d5ad89d20	I helped Lady Ironstone solve the problem of the swindling sorcerer.
5d5b4d73d0	Enchant this Bluesteel Greatsword.
5d5dd68835	Excellent! This is the last missing piece of the magical construction I've been assembling for many years! [BLUE](The wizard shoves the artifact into a strange contraption, and at once it lights up with many little lights and a magic window begins to glow)[] Yes, it works!
5d6088bfb0	My work on this armour will cost you 190 coins, and I'll also need a bear pelt.
5d9afffe15	I heard zombies roam somewhere far to the north-east, but there aren't any around here.
5d9b9d45f5	"This seems to be the entrance to the house of the local bandit boss."
5daf998218	You need a real driver? Then you've come to the right place, but I don't know you.
5db1954e3a	So you know what these pale creatures are? It's the first time I've met anything like them.
5db40c3867	But those witches weren't defeated?
5dbd7aebca	The secret that our king is not who his entourage tries to present him as to the people. You have probably heard that the king has lived almost a century and a half thanks to the pure blood of an ancient imperial line. But then why would the king's firstborn, supposedly just as long-lived, die at forty of some blood disease? No, all this nonsense about an ancient line is just a screen for ordinary folk, hiding the vile truth about the real reasons for the king's incredibly long life.
5dc12dfccf	Hello, Mighty Rock.
5dc3b06bfe	So we got out.
5dc8af49b9	Oh, from the description you look like the hero Lady Ironstone told me about.
5ddf017a6a	[BLUE](a frowning man in armour, no longer young)[] Greetings, so here is the brave one our spies reported on.
5df22a7baf	No idea. I'm cool with everything anyway.
5dfdf9c2d1	I've talked to various people who work in the Whitetoad mansion. Inside the building there are never more than twenty guards, and they're not seriously armed or equipped. In short, they won't give Katasakh and Neville's new friend any trouble.
5dfff70a3d	[BLUE](Go down there)[]
5e000e3d26	But nearby, in a separate little house, there's a team of extra guards on duty, and they're much better equipped. Another problem is that the mansion has only one entrance. The vault is in the basement. Thanks to my acquaintance with the head of the guard, I managed to get impressions of its keys, so Neville won't even have to sweat over the locks.
5e07ef3f6d	[BLUE](This is an enchanted tombstone)[]
5e213b8610	[BLUE](Another very pale girl, but older, with no clothing at all on her slender body)[] Ah, so this is the villain who killed our brother?
5e27f27674	Enjoy it.
5e29d1bd77	Unfortunately, yes, most of them must be killed. They are the main instigators, and in other settlements, even in Istril, there are sympathisers. Some of them have probably joined the rebels without fully realising who they really are, and among them are people you know, for example Magister Kaledor and his assistant, that silly girl Princess Evelina.
5e417083a8	Yes, exactly, take us there.
5e475184c0	Yes? Then try to stop me!
5e62d81d20	One of the seals is destroyed, so a start has been made.
5e62e5f7c3	The founder of Castle Storme discovered some way to defeat the vampires and left notes about it; we have to find them somewhere in the castle.
5e6d600a35	Well, for example, a warm cloak you won't die in even in the harshest frost, or a less frost-proof but more fashionable cloak to show off in Icemist, and also smaller things, like gloves, boots or a scarf, that will protect you from the cold.
5e70decec1	[BLUE](A kindly priestess, glad to see you)[] Welcome to the temple of the Northern Gods, traveller. In our sanctuary even non-believers can receive a blessing or have their weapon blessed, for our gods protect all warriors!
5e71c4de00	I see there's no reasoning with you. I'll have to solve the problem the old-fashioned way!
5e8fae2130	Fine, but these lovebirds could raise the alarm too early; we need to do something about them.
5e9fa9f486	[BLUE]("...snowy trails through seemingly impassable mountains. We suffered from cold and hunger, climbing up and down the slopes. Terrible icy winds burned us with frost and tried to throw us from the cliffs into the abyss. Days and nights merged into one. The storm grew ever fiercer. It seemed the end, but we beheld salvation, a new path...")[]
5eac0fefca	[BLUE](an elderly man in a robe, perhaps a wizard, who had kept to the shadows, stepped forward)[] Yes, Your Highness?
5eb70ee3f9	We must save the surviving villagers!
5ec08cb2dd	Their leader needs a mage. See that thing behind you? It's a portal...
5ec970ef57	That's terrible news. The servants of the Northern Gods have always been merciless to creatures even a little different from humans, letting no one escape. But this time it'll be different: we'll be no less merciless!
5ed136a3fc	Enchant this Axe of the Depths.
5ee5f995b5	I wanted to enchant this Terrifying Sword.
5eee506e92	Easy, lady, no need to boss people around here! And you, by the way, promised to help sort out my problem!
5ef113ff6f	I need access to the magic vault.
5ef1eeb4e7	Here's your reward: a superb and deadly weapon, as I promised.
5ef3c040b6	I took back the stolen drink; now I need to return to Tonel.
5ef846371e	Thank you for your concern, but we can't just trust a stranger.
5f0997d320	Well, let's say I'm Maurice. What does Hugh want from me?
5f0c7e01af	Me!
5f140866ee	I solved Adaon's problem by helping Kiara.
5f19128e04	If you're a mage, I can teach you [BLUE]Arcane Blade[], so you can use weapons enchanted with the elements much more effectively.
5f1af7f94c	I understand, my love!
5f1edf5f7e	Any magical protection can be cracked. It's no problem for me. The main thing isn't just cracking it, but cracking it so the owners don't realise for as long as possible that their protection isn't working.
5f2117ed38	Stay out of what's not your business! We're just taking this creep to our boss, and the boss will decide what to do with him there!
5f2c9d09d3	[BLUE](Having found a suitable fir, you've barely raised the axe when you notice movement among the trees. Looking closer, you see a huge creature coming your way, its body like an old tree. Its voice rumbles, echoing long through the forest)[] Who has dared once again to disturb the sleep of my trees?! Another meat creature?! Know the punishment of nature!
5f4be0be43	[BLUE](This is a big pile of mud, and perhaps not only mud. It gives off such a pungent smell that it seems you could suffocate if you stayed near it for long)[]
5f5dffbe6b	The unique construct is ready to serve. Insert the required number of coins, {LEVELx200}, to activate the service protocols.
5f611f2c99	Nekhar Valley.
5f6a0e1212	Hey, you're a lady yourself, you little punk. Show us some respect. We're not some market matrons, we're spirits of nature!
5f6d459f42	Then you watch out too, or I might fall right on top of you and squash you!
5f6ff7b6f1	Quest failed.
5f72adbde2	Oh, thank you for bringing back my new staff! [BLUE](the girl took the staff and threw the cloak over herself)[] You've rescued me again. Maybe you should move to the castle and become my personal dresser?
5f78015d3b	Oh, what a shrimp. Walk carefully, or I might accidentally squash you! By the way, what are you even doing here, little one?
5f91559c6c	([BLUE]There's nothing else of interest here[])
5fa01296b6	[BLUE](a girl with a striking look and unusual hair colour)[] Did it all go well? Right, our second target is in this city. The cultists' troupe has its own rehearsal base here, in a cellar. Their guards are more numerous, and there are far more of them in the troupe than in the last one, so I've called for some help.
5fa0db2c0d	And who cares at all what panties you're wearing and what's drawn on them? By the way, what are those boxes you've got there?
5fad4eadec	Hm, you're right. I've seen heaps of different treasures in my life, and next to them this thing looks pretty lousy. Though to be sure it's genuine, we should go to someone I know. He's a very ancient goblin who loves studying all these dragon legends. He'll surely understand it better than we do.
5fb0d13a73	[BLUE](It seems the negotiations are going calmly, and you won't have to intervene)[]
5fb2e3de78	I helped Mikaela get to the refuge.
5fceb28f6e	Oh, that's my competitors trying to keep me from working, but I can easily control these dead. Why have you come, and who have you brought here?
5fd565b7c4	[BLUE](This type looks even nastier than Makbul)[] So Makbul recommended you to me? I hope he wasn't wrong about you.
5ff9c35d35	Looks like you really hate these bandits. Or is that how you feel about all gay people?
60287dccd6	I found the artifact "Eye of Tol 2.0"; now I need to return it to Duane "the Mountain" in Lannegar.
602bc5b67d	I killed one of the beastmen.
603790d0b6	I'd be very glad to join you, but you already have someone with you.
6038f348c8	The captain on the outskirts of Istril said Evelina went to the Dragon's Nest; I'll have to look for her there.
603b9d8760	Understood. Where exactly will this meeting take place?
603ccd8fe1	Is that place somewhere far to the north? I'm sure those snowy forests will become as much a home to me as these lands.
604469587e	Through the brigand leader, Percy sent a message to Magister Windchaser setting a meeting place with him in Solliga; I must discuss the plan with him.
604b7d4850	Greetings, traveller. I'm the only one providing magical services in these parts. Teleportation is temporarily out of order, but you can look at my magical wares to buy or get access to the magic vault.
604c2194b5	Damn! I could never have imagined anything like this!
60613a7376	I would gladly fight these evil spirits at your side, but you need a companion with more experience in such matters.
6073e30fdd	[BLUE](Adaon the guard writes down what the dead man said, then asks him to repeat it to double-check, after which the dead Adaon falls still again)[] Excellent, we have the coordinates. Now we head to Balthasar's tower!
60848bb3b9	[BLUE](A serious-looking young woman)[] Good to see you!
608b815b49	Wonderful! Follow me. Welcome to the team.
60945b3852	[BLUE](Following Tonel's directions, you find the scene of the wreckage. Looking around, you notice giant footprints the snow hasn't yet covered. Following them, you come out onto a small clearing where there are ice giants. It seems they got drunk and started fighting each other. Not far from them you notice barrels, some of which clearly haven't been opened. You should probably wait for them to kill each other, deal with whoever survives and take the barrels of liquor)[]
609525411b	Less talk, more action!
60a65c404f	Most of my clients are elderly folk whom I relieve of back pain or other old-age ailments, but you clearly don't need that. Although during my research I learned to lay various elemental charms on ordinary weapons. Perhaps that will interest you.
60abb32855	Remember this, or you'll forget it!
60c02c7ef9	Listen, let me go! Take the costume's head as a trophy, it's made from a real bear's, and I'll put in a good word for you with the right people!
60c4b45606	All right! If I pay the coins for her, will you calm down and leave the girl alone?
60c8185264	Hello, my friend, make yourself at home.
60c8a0129c	Yes, yes, go complain to your mummy!
60d011d2a2	Happy to help.
60e6ee2ef6	I need to learn more about the Lady of the Night; perhaps someone in Icemist can help me.
60e744a5b9	Thieves, bandits and loose, venal girls. In your place I'd be ashamed to boast of ties with such riff-raff!
60e8bb36ce	I don't need your company right now. Thanks for the help, see you again later.
60f202ab16	We could come to an arrangement right here, and you wouldn't have to take us anywhere.
60fabae351	No! Don't touch it! The last thing we need is for such a crude break-in attempt to trigger extra defences! And I'm sure whoever made this door built in some nasty trick for just that case!
60fb3fd45c	Dominic and I were attacked by unknown people; I must defeat them.
60fca661af	We're looking for a friend of ours. Maybe he went this way. What danger awaits us there?
6108a13c93	There weren't any foresters here. Better go look for him in the mountains, where you have to jump over the pit!
61121992c5	Striking a deal with sorcerers will be even harder. They keep themselves even more hidden than the Varannari!
6118d5d531	All right, I'll prove I'm an excellent hunter.
611ad12ce4	Agnius Northson? I remember him when he was still tiny, running to this little river with the kids in summer. As for work, I'm on the queen's payroll, but why shouldn't I or one of my men do some work on the side? We'll have a deal if you get five good steel axes for my team.
6123fa284d	[BLUE](An elderly, slightly haughty-looking priest in rich vestments)[] Priest Ryurger told of the help you gave in laying to rest the zombies of our former brothers. Accept this gift as a reward!
6133b84c76	Of course I tried! I spent quite a lot of time on research, but unfortunately the process can't be reversed. So you can do two good deeds: rid me of this freak stalking me, and end his suffering from living in this state.
613ee29fb4	Idiots! Those are the wrong eggs! I didn't mean the troll's testicles, but the eggs of an unknown creature, endowed with magic power by someone, which the ancient troll keeps somewhere in its lair.
61404d4c69	My device will help with that. [BLUE](The wizard begins doing something with the magic window, and a map of Varranar appears on it, strewn with glowing dots)[] There they are! The outsiders we need are shown on the map. Thyr Ridges, north-west of the Sagar forest, north of the Sagar forest, Nekhar Valley, Eastern Inori, Steel Coast, the Solliga coast. Now I'll teach you a simple spell that extracts substrate from outsiders, and you can begin our difficult task. And these things, I'm sure, will help you with it.
614c13629b	Let's go back.
6150525b7b	Next time.
6152db144e	Yes, yes, of course! One time she's creating a drama club, another a circle of romance-novel lovers, or some other nonsense. Thanks, but I'll pass. I've had enough of her silly schemes. They never ended in anything worthwhile! Go back to her and pass on my refusal and everything I think of her new idea!
615367515c	Good idea.
615bbde149	[BLUE](Alarion vanished in a flash of magic)[] Lorcan, clean up here. [BLUE](the princess looked around the room, and it seemed to you that her gaze rested on the little balcony where you were hiding, but she turned and walked off down one of the corridors)[]
61669ab249	Most likely there's nothing left to hope for. [BLUE](you tell him about Bernadette's message)[]
616a192b0c	"This is the entrance to the house of the local bandit boss."
618b430692	Bless the mace Beastgrinder.
619236ec88	I also wish to join you and help in this hard task.
61a88177e7	Magister Windchaser guessed the ambush set for him and sent a squad of assassins.
61a98a352f	Don't you blaspheme, ignoramus, Arbenos will punish you!
61add8995c	I must deal with the captain who betrayed Kiara.
61b375e8a6	[BLUE](A young-looking sorceress)[] You need to deal with this freak.
61c5b7739b	So, do you need help or not?
61c744f681	I must deal with Baron Storme.
61cb09f7db	Omar agreed to hand over Makbul's goods if I bring him 5000 coins.
61cdf7be0d	[BLUE](This is a magic door. It is open)[]
61d99dd6da	But I don't have any money!
61e6ef3924	Get away, you moron, she'll eat you!
61eaea691f	I'll be glad to help you!
6205cda378	Magister Mundric agreed to give me the key stone from the Temple of Knowledge if I bring him 6 white wolf pelts.
6207f32974	I managed to get into the suspect wizard's home; now I need to find proof of his guilt.
620e555ee9	No, I'll manage on my own without talking dogs.
621b2b81bd	Glad I could help.
6222620048	All right, here's your damned book.
62226c81b5	I helped kill the bandits who came to the talks; I must tell Lady Philippa.
6227d14c82	I managed to collect this from his body.
623a27cbab	I found 5 fiery cores, 4 more to go.
623a81d012	Hm, you're right! I'm not the little girl anyone can push around anymore! And since my sister got the rank of captain and was appointed royal guard, she's become completely conceited and unbearable! She thinks she knows what's best for me, and she has no interest at all in my opinion!
623aa70c9b	This axe will be even mightier than it already was!
624160f1ed	[BLUE](One of the rescued slaves leaves and soon returns with a group of people, who also start thanking you)[]
6242054660	What the hell?! You're a werebear?!
62471aaca1	I think so, yes.
626a557007	Excellent! You know, so you don't have to fetch hides yourself, we could hire at least three hunters to deliver them to us!
627651fa25	[BLUE](Princess Bernadette sat at a table looking through some papers. When you appeared she set them aside and smiled at you)[] The Archon told me everything went well. I'm glad I now have such a reliable ally as you.
628c5376f9	[BLUE](The woman laughs softly)[] Oh, no! I know of those creatures. We clearly have a lot in common, but no, I'm not one of them. The way one is turned into a vampire is rather unpleasant, and I doubt I could have survived it. I'm like this because of a curse, a very ancient and merciless one.
6293bbfc2d	[BLUE](The hunter Colt grins at you, holding the club he hit you with)[] What a klutz. Maybe I can't handle the bear, but I'll deal with you easily!
62b454c02d	[BLUE](...and yet, gathering all your willpower, you managed to tear your gaze from the wizard's eyes; the spell vanished, and you felt you could move again)[]
62b4cb109c	I'll need four each of fire salts, living ice or sparkling powder for the charms of one of the elements. Enchanting daggers and swords will cost [BLUE](200 to 300 coins)[], hammers and axes [BLUE](250 coins each)[], and anything heavier [BLUE](over 350 coins)[].
62b88e5db0	An ancient stone with barely visible carvings, worn away by time.
62df296e10	What's the matter, traveller?
62e1126ece	[BLUE](A very strange-looking dog with green fur)[] Blow off wherever you like on your own!
62ec1d2c72	[BLUE](You spend a couple of hours exploring the area and manage to find a good-quality bow lying in the bushes, marked with Scarlett's name. Now you need to go back and tell the huntress the bad news)[]
62ec41a2b5	[BLUE](A swarthy man in a hooded tunic)[] Hello. If you wanted to buy some goods, you've come to the wrong place. You want Han.
62f52a0db7	[BLUE](a richly dressed man)[] Welcome to our kingdom. Visitors from overseas rarely call on us, although the times of the reign of terror are long gone, and, rising from the ruins, we are restoring the empire's former greatness. Along the road south you can reach Istril, the capital of the kingdom, protected by our most serene and eternal King Kalion the First, who is now one hundred and forty years old.
62ff4e653e	Got it.
6311902c3a	I'll decorate your home with a pelt right now, and it'll be the one taken off you, and then I'll take your stone!
63176752ab	I'm not surprised. That rascal is always getting into trouble. But maybe I'll help, if it's not too much trouble for me.
6318d740dc	Hunting Moon agreed to help me find Mikaela's stalker, but she needs something belonging to the girl to track our target.
6336f193b1	What the hell, what's this green talking dog?!
633bed1043	All right, you suggested it yourself.
634be35e19	There was no time, everything happened too fast. All right, let's not linger.
63560b6e69	I understand, Your Highness. Then we'll begin the rite. [BLUE](the woman and the robed people stood around the table with the corpse, while the man in armour and Bernadette stayed where they were. The sorceress began chanting a spell in a language unknown to you, and her helpers took up her words. Gradually their chanting grew more intense, and soon it seemed to you that the cellar had grown darker and colder; a quiet, unintelligible whisper began to fill its walls. Looking around, you could not find its source; it seemed to come from everywhere)[]
63568653ff	Uh, you don't look much like a woman, Charlotte.
6366e05624	This Grateroll is in the Guild, but not for long. I've hardly had any contact with him. Why would he try to frame me?
638f7cb0b8	[BLUE](sturdy bars; they can't be opened without a key)[]
63a499a8ab	Adaon and I have arrived in Liberty; I need to talk to Adaon so he tells me how to deal with his problem.
63b4790db2	I don't trust this guard. Apart from words, he hasn't actually shown his loyalty to you in any way yet.
63ba19f863	Honestly, I moved here recently, so I've no idea whose boy he is. Sometimes he helps me tidy the workshop, and I mend his clothes or sew him something new.
63bb4ce835	Yes, I have a sabretooth eye with me.
63c6b02e25	Fans, probably. Dragged yourselves after us from Lannegar to get autographs, right? Am I right?
63c9841fce	I got Oberon's heart; now I need to return to the sorceress Ginevra.
63d5643e0f	A childhood trauma?
63d56f57b5	Thank you. A wizard I know from Icemist borrowed a magic sphere from me and vanished with it somewhere in the Icemist sewers. Could you bring my sphere back?
63df207033	Let's go talk to my lady.
63e139bccd	Buddy, did you manage to find that poet and get his poems?
63e90ebf02	Hunting Moon's messenger said she found the lair of Mikaela's stalker in the south of the Sagar Forest.
63fbd2f7c8	I'll twist every joint in your limbs. Before you know it you'll be a cripple, unless you tell Sansa what she wants to know.
63ffd89b0b	And what do you think about this troll, the Whitetoad relic, and where to find the other two artifacts?
64096b46d0	What the fuck?! I went through all kinds of shit running back and forth to help you, and it's all gone to hell?!
6413877d86	We must collect the bodies of our comrades and see them off properly on their last journey. [BLUE](the woman said, and you see her mutilating the faces of the brigands she killed herself)[]
642e029ed5	Oh, I have a candidate in mind for that role.
6440ef7a8c	I destroyed the zombie clergymen; I need to return to Ryurger and report it.
644beff545	Enchant this Silver Bow.
6456d2d51f	Oh, you're handsome, of course, but not my type, although... You're ready to sacrifice yourself for Adaon, and heroism like that is hard not to admire. I accept your offer. Let's not drag out the ceremony, shall we?
645e94475d	What?! Where are you going?! Lousy bitches! Servants, all to me! Kill them all! Destroy them!
646e124123	Bless this Bluesteel Dagger.
646f292def	Yes, she told me, but there's nothing yet today. Come back tomorrow.
648501d4df	[BLUE](A red glow envelops the hellish creature, and when it fades, he has turned into a demonic girl)[]
648673a79b	Also tell Alarion that I'll step back from his affairs for a while. Princess Bernadette clearly suspects that someone in Istril is helping him; many of her people have become active, constantly questioning someone, spying, and until things calm down I'll stay on the sidelines so as not to draw attention to myself. But I will continue to support Prince Alarion and his cause.
6489f9898d	A mage from the settlement at the Mouth of Despair agreed to obtain an ancient book for an unknown client from New Garand. I refused to help him.
6494d48653	[BLUE](You kill the last of the orcs, look around and notice a strange-looking thing has fallen out of one of the corpses. Perhaps this is the magic artifact the wizard needs)[]
649665ba68	Mikaela gave me her underwear; I must give it to Hunting Moon in the south of the Bluemist River so she can use it to track Mikaela's stalker.
6499827c52	All right, I'll try to find something out.
649c1687b4	Thank you. You've done an old man a great favour by fulfilling all my requests. Here, take the stone from the Temple of Knowledge, as I promised you.
64a11e7dff	Wait, how will we manage without... we're both girls!
64a2d22141	Under the glass display case lies an extraordinary sword, but the case is locked.
64a63959c5	The Keeper of the Temple of Knowledge said there's nothing useful here, but perhaps I can find something.
64ab4da65b	I'm looking for the forester you kidnapped to eat. Where is he?
64aec00a15	You're wonderful, Evelina! But won't there be problems for me or for you? You're a princess, after all.
64d88c2e7f	[BLUE](The monster is still alive. It's somewhere nearby and clearly wants to devour you!)[]
64e0dd971a	I'm one with wild nature. It gives me everything I need. Any tree can be my home. For food I can easily beat any animal or find edible plants, and my body is so hardened it doesn't need extra rags!
64e59eb449	I'll deal with him myself!
650c91e5e4	The mage Elizar told me about the Temple of Knowledge, where I can find a magic artifact; I must find out where it is from Magister Mundric in Whitetower.
65108fa9a5	I want to leave your village.
651b53a7b1	Very well, then we go straight to the main part! Time to suffer!
653dc441e5	Yes, it really is grim.
6554bd2454	The Last Ride
65563062e1	Yes, he's close now! I can feel his hellish breath! [BLUE](In the centre of the circle a flame flares up, gradually growing stronger, swirling and rising higher, and among the tongues of flame someone's vague silhouette becomes visible)[]
65572bf69a	I've known Astutus for quite a while, and honestly, I wouldn't count too much on him really helping you. His knowledge of magic is shallow, and whatever halfway significant things he's managed, he did with other wizards' help. But that's your business, since you've already made a deal with him, though you'd do better to look for help from someone more capable.
65692667f3	Looks like the watcher decided to run. We have to catch him!
657052b12e	[BLUE](A very pale girl in scanty clothing, her slender body almost completely bare)[] What's that noise? Ah, so the little fool couldn't handle you? And where did the rest of your companions come from?
65778da9b2	I'll get in touch with that secret guard and tell him you've settled your problems in the gang, so he'll leave you alone. Anyway, farewell, maybe we'll meet again. [BLUE](With these words he vanishes as quickly as he appeared)[]
6577df1d02	All right, teleport me to [BLUE]Freetown[]! Here's my gold.
658db00c98	I don't like it, but for the common cause I'm ready to put up with it!
658e6ccf90	Appear, black cursed dead!
65ab11eaea	I was just patrolling outside and saw this spy sneaking along the castle walls, so I dragged her here for questioning!
65bb90b6f7	Excellent plan. That freak will pay for his crimes!
65bc96473c	Neville is courting a lady who has a diadem imbued with strong magic, enough to break the seal. He wants to give her rare snow flowers that grow far to the north in the Thyr mountains; I must find them.
65c2bef99c	My work on this armour will cost you 180 coins, and I'll also need two wolf pelts.
65c320a048	[BLUE](the man in armour hesitated, wanting to add something to the official's words, but decided to keep quiet)[]
65c3f84e3b	Rabid cats like that ought to be neutered!
65cd0b02d6	[BLUE](A young-looking wizard)[] Look at that, both alive. And how's the ancient troll doing?
65d1fbcdca	I met an exiled arcane knight named Duncan; he wanted to offer me some work, but I refused.
65d38b7bd2	Hello, Sybil. I have the right amount of scorpion venom for you.
65dd5c9725	Well, thanks at least for helping me fight off the goblins here.
65dfdee776	Can you bless this greatsword, Dragon Slayer?
65e7e117aa	Of course, take them. It's your Thuramian amusement, though with you it's always the same: you want the best, it turns out as always, and everything has to be flushed down the sewer.
65e8268062	Great! Show him the thing!
65eed1ed74	Well, I wouldn't mind travelling with you from time to time. All right, we'll discuss it later, in a more pleasant and safer setting.
65f8264cb1	Understood, boss.
6607991f93	[BLUE](You've barely taken a dozen steps when the gap in the rock behind you, through which you entered the cave, is buried under falling stones)[] Walled in, the demons!
6625cd9955	Oh, practice! That's wonderful! In all my long years of studying the moon curse, I've only once managed to test the method I developed for lifting it. And you'll be the second to test it!
66330e00d9	Can you tell us more about this job, so we can work out whether it's connected to Adaon's murder?
6644b9a7c5	Interesting. And who hired you for a job like this?
6653935bad	I had nothing to do with it! I wanted to talk it all over with her in a friendly way, and he's the one who gutted her! [BLUE](And the bandit starts jabbing his finger in your direction)[]
6661d39cf9	[BLUE](a woman in a hooded cloak came up to you and spoke in a displeased tone, glaring at Alarion)[] I don't need help, but if you think it's better for me, I won't object.
6670f53bc6	[BLUE](The key unlocks the lock without trouble, opening the grating)[]
6676c43551	Do you know where they might have taken him?
66800748ad	Hi, you haven't by any chance seen Princess Evelina Lightwind? Perhaps she left the city through this gate?
6689bebf46	All right, teleport me to [BLUE]New Garand[]! Here's my gold.
668b196863	In your last message you agreed to help us...
66a06c20e1	[BLUE](This dead man seems friendly)[] You know, I think the ship isn't held in place by the ground, but by some huge thing living under the water!
66b7d3d3f0	I'm here.
66ba4121e1	Thank you. A travelling merchant told of the distant village of Lamis, where he saw wonderful totems made by the Varannari that have magic. It would be interesting to study them. Could you bring at least one such totem?
66cb57721b	And what do you suggest I do?
66d5933e33	I see. We need to report this to the captain of the guard and let him deal with it. And you really do need to find some clothes. [BLUE](searching the orc camp, you found an old cloak and handed it to Evelina)[]
66d74d9d0a	All right, I'll work for you.
66e3f7e7d4	[BLUE](a woman in a hooded cloak looked you over appraisingly)[] First we'll stop by my hideout in the north-east of Kalion's Ridge; I need to pick up some gear, and then we'll set off.
66f2721194	Percival suggested setting a trap for Mikaela's stalker using her underwear; I must discuss this plan with her.
66fbfc6679	Yes, don't you remember? You said you'd come back to me for sure and make me your wife. You even left me a ring to remember you by, one you'd pinched from some rich old lady. Sadly, it got lost during one of the orc raids.
670c15fe67	You're a cheeky little one! Haven't had your bottom spanked in a while, tot? I'll fix that right now!
670c937c47	Damn, couldn't you just tell me right away you needed to get to the other bank so urgently, instead of starting a brawl! All right, go on through. There are three camps of little green men over there. You'll surely find your friend in one of them!
67212bfcd3	[BLUE](the portal is active and nothing prevents you from using it)[]
6727fcd324	[BLUE](Evelina's naked, alluring body in its wanton pose and her beckoning smile awaken desire in you. The girl doesn't object to what you do. On the contrary, she responds with all her passion, stoking your ardour even more)[].
67533fe9b7	Curse it, what happened? Where are we?
675cd266df	To lay the charms effectively I'll need other ingredients, namely six large sapphires, rubies or emeralds for the charms of one of the elements. And because the work is difficult it'll cost more: [BLUE](700 coins)[].
675f5cde6c	Ah, yes. Thank you for your help. It's a great pity my people couldn't be saved, but you've earned a reward in any case.
676189321b	[BLUE](You've defeated all the ice women, of whom only a wet spot remains, literally. It seems there are no more dangers for the villagers)[]
676ca48525	I don't need to go there.
6771f65901	You're welcome, glad I could help you stay in one piece.
677263275a	You saw everything but didn't want to step in? If you'd helped us, we'd have broken through the line of soldiers, and then Havis would... Oh, no, I'm sorry. There were too many of them. If you'd given yourself away, you'd have died there too. It's all my fault, and now I'm just trying to justify myself by looking for someone to blame. How pathetic I am!
677d0d6a20	You may go. [BLUE](the richly dressed man opened the door for you and gestured for you to follow him; walking through the castle corridors, you reached the living quarters, and your guide showed you into one of the bedrooms)[]
677f688fa5	I must find the ancient goblin in the caves of the Wyvern Mountains to make sure the Dragonlord's Circlet is genuine.
6782c466b8	I'll be sure to find this sorceress.
678a639546	Vampires attacked the townsfolk! I dealt with them, but another threat has appeared.
679b720b11	Yes, you could call it that. You've become a good friend to me, so I can trust you. The freak who sent me the message also sent a magic portrait of me naked in the bath, and wrote that he has lots of portraits like this of me, and if I don't pay him, he'll spread them all over Icemist! And considering I'll soon have to confirm my rank in the Mages Guild, this will hurt my chances!
67a56ba3d2	Yes, the monster is dead.
67b0abe8db	Somehow I don't trust types with faces like yours!
67cb3c8e74	Well, nothing good worked out for us here from the start. Shall we move on to New Anthur?
67d9477c5a	What problem?
67e08552df	I must help Violetta deal with some uninvited guests.
67e273087e	All right, all right! I'm just a robber. I work the road at night in this costume! I scared and robbed travellers, but I never killed anyone, I swear! There have never been any real man-eating bears here!
67ee505921	I don't like lard, especially raw!
67fb07fde9	No, now you die.
67fc5ac32b	[BLUE](the socket is too big; maybe you need a larger battery)[]
67ffe3a0cb	Only the ignoramus here is you. If you'd studied history better, you'd know the Dragon Lord was killed by dragon-slayer mages, and they destroyed the crown. From its remains the mages made this useless fake, as a symbol of the shame and humiliation of the dragon people. So owning such a thing is rather shameful and disgraceful.
681b777c4d	[BLUE](A bald man with an athletic build)[] And don't forget that family is the most important thing.
681d694a3a	Yes, the totems are gone.
681f4e84b9	We'll meet later in Icemist, once I've found a house there for you.
6822fa6fe0	We've set up a championship to find the strongest woman in all the kingdoms. We want to hold bouts with wooden weapons as well as boxing and wrestling. Worthy contestants have gathered here, but there's one snag; speak of the devil, here she is.
6823653f5f	Hi, have you heard anything about zombies that look like clergy?
682a0847a4	Uh... I want to beat you up.
682d4acee5	No, your search is in vain.
6832e5c4d6	A sad story. I'm sorry, but I don't know how to help you either without bringing Mercia's wrath upon myself.
683ded3009	[BLUE](Use the bloodwood ring to activate the spell that destroys the seal)[]
683ec64fdf	Good that it turned out this way, otherwise I'd have had to step into your bet myself. Well, thank you, friend, for...
684afc6fe9	Or maybe you prefer blondes?
684ee29e39	[BLUE](you found yourself in a spacious hall with many unlit side passages; at the far end were a couple of doors, and Dariel is most likely locked behind one of them. You moved forward when suddenly a large squad of soldiers burst out of the side passages to cut you off!)[]
6876fcdfbf	Sansa told me about a hermit wizard living in a cave in the White Plains who knows something about the moon curse; I must find him.
687c2b65e3	I beat the goblins and made Lannegar safe!
688ad7ecae	Everything's fine.
688d353f0f	We've been attacked by unknown mages again! I must deal with them.
689054caa7	Here's the spotted pelt you asked for.
68a99c5aa3	Alive. Don't worry. Though he's hardly going to look as handsome as before, and whether he'll be fit for work is now in doubt. So you came here yourself to free him? I'm not surprised; you so often act first and think later.
68bc511f13	I hope you won't collapse here...
68bd4dd542	I must assemble a crew for the heist; I need to recruit the coachman Dominic in Rhöneis.
68be8d9160	[BLUE](a young-looking sorceress)[] Glad to see you. Well, shall we set off?
68d2e92d42	Take all your belongings.
68d8fec2ed	While the Three protect us, we are invincible!
68e5ba4ae0	I'll gladly help you avenge your friend's murder.
68e735a177	I've found five pieces of the map.
690efadc99	He's not very talkative. He was here not long ago with some type. I happened to overhear part of their conversation. If you've got a dozen coins for my booze, I can tell you what they talked about.
692e88997b	What the hell are you doing?!
692f9d2969	Just right for your ass, Vi. A succubus's dick is much thicker and longer, and you two often spend time alone together.
693330ddab	Pity, but at least the goods and the ship are mine now. I need to send someone there to keep everything in check.
693ce55d1a	All right, I get it. I hope this all goes quickly and I'm free again!
694d48faf0	I'll see to it...
69505dfe3d	I hope Hermes hasn't been harmed and you'll bring him here safe and sound!
695595833d	I got the bloodwood ring needed to destroy the containment seals.
6963953581	Deal.
696e29ff74	Um, why is there always someone who thinks a girl living alone out in the wilds like this needs some kind of help? Um, I mean, I do need help, but not because I'm a girl, or because I'm alone. Oh, I'm saying it all wrong... It's just so unexpected. Usually people come to me, warily, to ask for help, or with threats, but nobody has ever come just like that, offering me their help.
69729b6cd9	[BLUE](once again you stood on the seashore facing the mad wizard; this time you looked away at once so as not to fall under his spell again, but the madman was clearly enraged that you had broken free of his enchantment. He raised his staff, and icy whirlwinds of magic began to swirl around him)[]
697623cd61	The watcher said he works for a wizard named Grateroll who lives in Icemist; we need to go there and question him.
69852c101c	Of course not! We'll just borrow the knife for a while, and when we get the treasure we'll return it and add some valuables of our own on top.
6989498c7c	She's clearly a wise woman, since she decides everything for you herself.
698c322641	How can I get into this fortress, and where is it?
698d134898	What did you have to do after that?
699ef18172	[BLUE](in the shadow by a heap of rubble you notice a piece of some cloth sticking out from under it; perhaps the boy you're looking for dropped it)[]
69a06efd23	If you live in the forest, you must be an excellent hunter? I happen to need hunters to hire for a job.
69a07e1341	Neeeiiigh! Pfffrrr!
69a82e0721	And I'm not leaving until I get what I came for!
69abcae0c6	[BLUE](A middle-aged huckster)[] Let's wait until everyone's here. You can rest after your adventures, and then we'll all work out the robbery plan together.
69b793f7fe	We'll never see our home again!
69ba33cdc5	Got it.
69bf6aca59	Why not, only what exactly do I have to do?
69ca415727	"An old abandoned tower. The door won't budge no matter what you do."
69ce740935	[BLUE](a girl with a striking look and unusual hair colour)[] Our troupe's problems keep piling up.
69d4a334a6	Can you enchant this dagger, Wolfish Ferocity?
69d98b048d	A rat!
69ee8311e1	[BLUE](Walk past, paying no attention)[]
69f38ffa44	I have living ice with me.
69f5d1d308	So that's how it is. Well, what do you say to that, Bugs? Is he lying to slander you, or telling the truth?
69fa987cfe	Hey, what's going on? Who are you, and why am I locked in a cage?
69fc2dfe16	At night, north of town.
6a0a000884	Come to your senses, fool. Few people here respect or obey you anymore, unlike me, so don't throw your weight around. For now I'm trying to settle this kindly, for old friendship's sake.
6a20690cb1	[BLUE](the revived Captain Greedy was breathing heavily, writhing in his bonds, turning his head and looking around wildly as he tried to say something)[] Wh... what... hap... pened... wh... where... am I...
6a27c6789e	I have combat orders for you.
6a3206c1a3	It seems not all the villagers are dead; someone was taken to the castle!
6a45630864	The villagers by Dawn Lake turned out to be cannibals! They taught me their ancestors' ritual.
6a458206dd	I'm a courier, and I have a message for you from...
6a4fef91f8	This greatly worries the king. He wants peace and quiet in the kingdom, so on his orders I have devised a plan to pacify these troublemakers.
6a523b7f6c	All right, I'll try to find the missing men.
6a5b10ac35	Understood, we'll try to find out.
6a5f3dc77b	What an unusual weapon! To lay the charms effectively I'll need other ingredients, namely seven human skulls and one demonic one. And because the work is difficult it'll cost more: [BLUE](700 coins)[].
6a5f996e46	I activated two of the teleporter's four obelisks.
6a63d5e28f	I must find the courier who was supposed to deliver a magic artifact to Balthazar; he should be looked for in the south of the Bluemist River.
6a6820c572	Yes, I think I came prepared to explore caves, only what can we tie it to here?
6a6e6efbeb	[BLUE](A very strange-looking dog with green fur)[] So, have you been where you wanted to go?
6a84fe11c5	I must talk to Hirge and Orion.
6a92e74ac8	[BLUE](At the sight of you and Sansa, a scrawny-looking lad suddenly takes off running. You're about to chase him, but Sansa knocks him down with a spell and immobilises him)[] Going somewhere, kid?
6a932fae30	Oh, that's a royal signet ring on this body's finger. Perhaps you're right. These remains must be given to the royal mages to find out for sure whether it's Prince Vardie you've found. A terrible tragedy, if it's confirmed. For your efforts, traveller, receive this reward.
6a9a3606f1	First sign the contract. When you reach Rigordion, find me or Agnius Northson.
6aa01b1e8c	Well, I wouldn't be so sure. This protection was made by someone of archmage level, which I'm not, and it'll take me ages to remove it, and even then I'm not sure it'll work.
6aa4e32361	Yep.
6aa56e6837	And also, maybe you know something about two strong magic artifacts we could get without much trouble, and without making anyone too angry.
6aa8d82996	How can we help you?
6aab4ec273	Leave the dead man in peace.
6ab1468cc5	All right, I'll try to find him.
6ab167c020	Great, where do we look for all these fellows?
6ab69a056b	See you, Sansa.
6ab85b8bf0	What's up, man?
6ac63a7701	I met Mikaela, who is putting together her musical troupe; I agreed to help her. I must find Alice in the refuge and persuade her to join the troupe.
6ac8470513	I helped Dominic deal with Durant; now I need to talk to him.
6ad1287ced	We'll find him.
6ad3ea4cdf	I've spent the whole day in the forest myself, so I decided to take a break before heading back to Lannegar. Don't be shy, help yourself. The mushrooms are tried and tested. See, I eat them myself and I'm fine.
6adc73867a	I've collected substrate.
6adcdfee21	Far to the north lies the Northern Kingdom. The road there is dangerous, but if you are willing to risk it, you can visit that kingdom's capital, Rigordion.
6aeee1921d	Maybe, but they're unlikely to demand anything more serious in return than Astutus wants. Anyway, once we're there, decide for yourself what to do. According to Astutus's plan, I'm to take you to Lexus's camp. There you'll spin him some yarn about unbearable life under Astutus's wing and leak the location of the laboratory, where the trap is actually set. I'll tell you now exactly where it is, in case you have to lead Lexus and his people there yourself [BLUE](The wizard quickly explains how to get to the place where the trap is set)[].
6b07478cde	Words mean nothing now; they won't change anything. If we'd tried to break through the line of soldiers there, and nobody had lost their nerve, then Havis would... Oh, no, I'm sorry. There were too many of them. Havis would have been killed anyway, and you with her. It's all my fault, and now I'm just trying to justify myself by looking for someone to blame. How pathetic I am!
6b173f8975	I must meet Hunting Moon's messenger in New Garand at night to learn the result of the search for Mikaela's stalker.
6b17edb64c	Of course, but you'll need to make a donation to the temple.
6b1fa97419	[BLUE](A bald man with an athletic build)[] Millions come and go, happiness isn't in them. The most important thing in the world will always be the people in this room, right here, right now.
6b266e001e	Great, I have that armour with me: an Armored Robe of Adept.
6b2dcd4c11	I found Janod; I need to talk to him.
6b31f32b51	Oh yes! At last! Now with this relic I'll be the most respected and famous dragon. Everyone will admire and envy me, even the lizards who despised me! I can picture their faces when they see me with the Dragon Lord's Crown! All the she-dragons will be mine now!
6b36660dc6	All right, all right, calm down, Charlotte. Everyone will gather soon and we'll start our tournament. Oh, by the way, your first opponent has finally arrived! Meet Mighty Rock.
6b3bef66f2	Yes. An unknown shaggy green creature stole something from the people of the village of Whitetower. They hope you know who it is and will help find it.
6b5346caf0	[BLUE](a girl who looks like a sorceress, but is dressed in light leather armour and armed with a long enchanted sword)[] Tonight every undead in this castle gets what's coming to it!
6b55bf82b1	Adaon and I must get to Liberty, where he'll tell me how to deal with his problem.
6b5b82dab4	I know, but it's something. If we find that hideout, maybe we'll be lucky and learn where the sword is.
6b5d87a5b7	I think it'll be safe to hold this meeting in New Garand.
6b6569ede8	Well, it'll take some effort, but I hope it's worth it.
6b76e34d05	Bubba is no pushover. Vince and my friend will go with you to back you up.
6b7ca7dc83	All right, I'll bring them to you.
6b83cbf7eb	All right, I'm listening.
6bb1eb6ca6	Wait... What's happening?!
6bd9097c54	The Bridge told me about three camps of little green men on the other side of the river; the forester may be in one of them.
6be04efb6c	Hm? I'd better talk to Uncle Tonel, and you talk to Aunt Jeanne. She's cross with me because I tore the new caftan she gave me.
6be80c3c67	[BLUE](A very pale girl in scanty clothing, her slender body almost completely bare)[] That's not fair, I'm alone and there are many of you. Let Alaric deal with you himself! [BLUE](The girl turns into white smoke and vanishes)[]
6bf0e8e694	That's right. [BLUE](and you told him about the meeting with Bernadette, what happened in the cellar and her plan to eliminate the rebels)[]
6bffdaecee	No!!! I won't let myself be eaten just like that!
6c242c4f45	This fellow tried to frame me! We wanted to talk to him peacefully, but he attacked us and then escaped through a teleporter in his house. We followed him and ended up in some dungeon, where he attacked us again, this time with a group of his fellow mages. From him we learned about a conspiracy in the Mages Guild that he is part of! I'm sure he'll tell a lot more interesting things if he is interrogated hard.
6c27db4b3e	I'll gladly help you.
6c2a210a89	All clear. It'll be just as you said, Kiara. If your man turns out to be a rat, he won't get away from us that easily!
6c2a5e842c	Although I doubt I can influence Alarion at all; he's too stubborn, and something truly serious would have to happen in his life for him to finally come to his senses. Though perhaps I can make a deal with him. He won't like it, but any other outcome would be far worse for him. I hope you'll help me with this, since you have got to know my dear brother at least a little.
6c3b302481	All right, thanks for sharing the information.
6c3d60f21e	It's not about the sum. Recently the same thing happened to another young sorceress in the Guild. She paid, but the scoundrel kept blackmailing her, demanding more and more coins. Even though she tried to buy him off, the portraits of her still ended up in many hands. The freak was caught in the end, but the sorceress's reputation was already damaged, and under pressure she had to leave the Mages Guild.
6c43c3d0da	Under the Curse's influence, the wizard escaped from Istril to these parts, where he cast a monstrous spell that drove every villager around here mad; luckily it didn't reach the outskirts. The cursed mage's spell is still working, if not as strongly as before, and every weak mind falls under its sway. Fortunately, we have found a way to cancel the spell out.
6c485a89e8	[BLUE](A young, fragile-looking girl, but equipped like an experienced ranger)[] Hello, traveller. Good luck to you.
6c4c7063c5	Are you really a hunter? I happen to be looking for hunters to hire for a job.
6c4e3ef313	[BLUE](A pale woman looking at you closely)[] Don't stay here long. The cold of these walls can send you into eternal sleep.
6c50eed59e	Indeed, it's rather dangerous to wander here alone. But I've scouted the area and noticed a magic fortress to the south-west. Perhaps there we can find a way to leave this place. I didn't go in there alone, because something is blocking my magic powers, and its source is in the cemetery north-west of here.
6c670761a5	How horrible! How could this have happened to him?.. Well, thank you for helping me learn the truth and bringing back my bow. Take this hunting knife as a reward.
6c70f44010	It all began several years ago, when a wizard-inventor I know detected a great surge of someone's magic. Nobody in Icemist paid it any attention except me, but on my own I couldn't do much. But some time later the body of one of the outsiders was brought to me. Though I couldn't learn anything significant then, I kept searching for and studying these outsiders all these years, gathering information along the way about that surge of magic and who might be behind it. From all this knowledge I built my theory.
6c7fdd909c	I need to use your teleporter.
6c8ca48716	A settlement guard named Alarion asked me to find his people and give them a message; I can find them in the north-western part of the Royal Forest.
6c8efdf752	Enchant this Sacrificial Dagger.
6cb3c63165	You know the Rhöneis Plains? I flattened them.
6cbb1f7a17	I helped Dominic deal with the Chief Philosopher; now I need to talk to him.
6cbcb6919f	"No time to leave, there's a showdown going on in the house!"
6cc24c7b30	I delivered your message to Alarion; he says he agrees, but on his own terms.
6ccd30d1fa	I must help Balthazar deal with the alien.
6cce2c0bd7	[BLUE](the young man smiles at Sansa, paying no attention to you)[] Greetings. You match the description of the person I'm looking for. Are you by any chance Mistress Sansa?
6cd4bf5a2b	Quiet, nobody's coming to help. You've been told: give up the key and you won't be touched.
6cd8b0edf2	All right, tell me what this matter is.
6cdc31debd	We're coming!
6ce097e4c3	No thanks, I'm not getting into murky adventures!
6cf5310af6	Good, but the bastards you dealt with were most likely working for someone. A pity you didn't find out who.
6cf66ff61c	I'm not going to get into other people's fights.
6d1b8a96f4	Checking your belongings, you find that one of your items is missing. It seems you were robbed while you slept!
6d22442d4c	Hi. If you want to order, see the owner.
6d301c1cc2	Without a doubt. I have one suspect, a wizard named Grateroll. If you manage to get the information I need out of him, I will help restore your reputation. If you succeed, you can find me here again.
6d311616dd	Let's not forget the merit of Honorary Guardian Glover. He never feared even the most dangerous tasks.
6d3ce27b79	"The dead are keeping you from entering the house."
6d4b4ee402	But they're my favourites! I embroidered those cute vorators myself! I wore them at our first concert!
6d4eafe250	I'm supposed to meet the dragon Shenron's helpers at this tower. Where are they, what have you done to them!?
6d51f9935a	[BLUE](a serious-looking, richly dressed man, clearly some local official)[] Greetings, I am the governor of this city. Do not disturb me without reason. If you have requests, submit them in writing to my assistants; they will review them and, if they consider them important, pass them on to me.
6d52a72d4f	No detailed records of those days remain. The battle was over very quickly and there were very few witnesses. The result was the rout of the rebels and the forming of a new magic council, and the Sorcerers' Valley was left abandoned.
6d68e45cd7	She already helped me get out of this kind of shit once. And I don't want her to find out I've messed up and all her efforts went down the drain. I'll sort it out myself somehow.
6d746bb7e1	[BLUE](The man frowns, looking at you)[] Pirate blades could have been poisoned. They often do that. I advise you to go back to the city immediately and see an alchemist. The main thing is you helped deal with these brutes. We'll manage the governor's son and his pups ourselves somehow. I'll tell Princess Bernadette what happened. She'll find you and tell you about further work.
6d8435e2c0	Let's talk about something.
6d894a677f	And the Old Royal Castle became something like his summer residence, where he went to rest with his family. But over the years the king visited the place less and less, and soon stopped going there at all. After the revolt of the Magic Council, the new Council made this castle its informal home.
6da9b77a68	Don't call him brother, Amelia. He slept with all of us constantly. It sounds weird and wrong when you call him brother!
6dacd107a9	[BLUE](The little boy looks at you happily)[] I hope we manage to have the best holiday ever!
6dafb9a403	Thank you. Far to the west, perhaps in Mercia, live interesting creatures, minotaurs. Could you bring at least one minotaur horn for my collection?
6dcb606538	Thank you. I need someone in Alarion's circle who will nudge him towards making the right decision with my help, and you are a good choice for that purpose.
6dd6995204	I've solved your problem. You can forget about your debts.
6ddc252c83	Your Highness, give me a second chance! I made a mistake, but I'll make amends! I can be useful to you!
6ddd4e02d2	We'll see who finishes off whom here!
6de575c1d9	[BLUE](an absent-minded-looking elderly wizard holding some box)[] Oh, young people, I'm a couple of coins short for a room; could you buy some of my bits and pieces?
6de5afd9fb	He was lucky to meet me. As for your plan, I think it's doomed. You've caused a big stir in the city and the Mercians are constantly on guard. Even if you get into the sewers without trouble, what guarantee is there it's not their trap, with an ambush waiting there or outside?
6df1e5004e	From the leader of my attackers I learned that the man who hired them arranged a meeting outside the city; perhaps it's the swindling sorcerer I'm looking for.
6df5af57e4	Great work, buddy! Only my lady just won't calm down. At the queen's court she has a young rival, Papewidow, and she wants her removed. I've arranged it with an acquaintance of mine in town. You'll meet him at night, and he'll secretly take you to this young lady's home, where you'll remove her.
6e1445049b	We're free birds, not your lackeys. We come when we want, and if we don't want to, we're not here.
6e162b1a80	Fatal Eggs
6e2fa37daa	I found a broken teleporter that will let us leave this place; four obelisks need to be activated to make it work.
6e35284a4a	Who do you think we should go to first?
6e479f6486	Oh-ho, what an interesting sword! It looks like... never mind. To lay the charms effectively I'll need other ingredients, namely seven human skulls and one demonic one. And because the work is difficult it'll cost more: [BLUE](700 coins)[].
6e4bedaddc	There are cloaks fully ready, but only three of them.
6e63b0ba06	We'll try to find both the seal and a mage who can activate it.
6e6cfda18f	All right?
6e6e7aab9b	What? Our own little brother?
6e707c0fb4	Excellent. So, hero, if you help me get out of the city without trouble, you'll get a small share of our loot and my favour, which gives you the chance to keep working with me.
6e764c0628	No problem, I actually love girls. I won't let anyone hurt them!
6e7fdb47e3	Strangers in Foreign Lands
6e908a0352	I don't care about these outsiders! What matters is that they all get out of my world, no matter what state they're in afterwards!
6e929560dd	[BLUE](A slightly arrogant warrior woman who seems to keep order in the camp)[] If you have something important to report, speak. If not, get lost. I have no time for drifters and their trifles.
6e99010169	And of course you chose the eye?
6e9b1458c1	Perhaps it can be opened with the key found on the corpse.
6e9b6bcdf1	And why did they need you?
6eb3db5579	All right, I understand you.
6eb4756b81	There was no king's mistress, of course. Lukan's father, as the chief city builder, liked to pilfer the funds meant for improving the outskirts of Istril. Everything would have stayed that way, until one day a raging storm brought down several dilapidated houses that needed repair.
6eb5215178	All right, I'll try to take out this orc warlord.
6eb555e89a	The Sky Knights, fanatics who sailed to our lands from somewhere across the seas.
6ebc99ffe9	All right, I'll deliver your message.
6ecc42981d	Oh, sorry, but I'm, uh... not into girls, so to speak.
6eced03e78	[BLUE](You tell the legionnaire where and from whom you bought the tiara, then begin a long and tedious description of all the ways it differs from Lady Merinsalt's tiara)[]
6ed6dd7fec	Oh, then we could team up and figure out together how best to approach our hospitable hosts.
6eda8fb782	Go in.
6ee33290ff	The Day of New Beginnings. People used to gather at the old fir tree in the forest, bring a sacrifice, gut it and hang the guts on the branches, then dress up in animal skins and dance in a circle around the tree, and of course, then they had a feast!
6ee8267e8f	[BLUE](the man in armour frowned even more)[] I will send my people to the outskirts to investigate all of Captain Greedy's dirty, shameful and illegal activities.
6eec415a9d	Understood. I'll get ready for the sortie. We'll meet in Friguld.
6f0aed854d	Well, maybe some undead, but you'll hardly have trouble putting them to rest. Maybe some traps too, but my helper will go there with you. He's an experienced tomb raider!
6f0d6f2d41	All right, you decide on the route yourself. And now, Lukan. [BLUE](Alarion shifted his gaze to a man with a roguish look)[] Magister Kaledor seems to have agreed to help us, so go to Istril and discuss all the details with him.
6f0e3dc1fa	Of course I'm home, where else would I be? Long time no see, Anita.
6f11a2ca34	As for the first, the spirits of hunters told me of an ancient troll living in the eastern swamps, which has eggs endowed with powerful magic, enough to destroy the seals. As for another, a spirit of the Whitetoad family told me of a magical relic kept in their family, passed down from generation to generation. The power of that object can also destroy a seal.
6f1288cffc	This weapon will be even mightier than it already was!
6f1637f2b4	Get out of here, freak, before I roast you! Jerk!
6f202575aa	What have you done to Dariel? Is he alive?
6f217716ed	If you give me this sword, I'll leave this settlement in peace!
6f317bc3d7	The governor and I are old acquaintances, so this is no more than a simple friendly visit.
6f3894c361	In a Freeport alley I ran into bandits attacking some guy; I decided not to help him.
6f3c2e14ce	[BLUE](a very comfortable-looking bed)[]
6f5256464c	Yes, here's the head of the green bastard you talked about.
6f5af51702	[BLUE](The ghost freezes as if lost in thought)[] Indeed, I spent many years searching for information about vampires. And one legend caught my interest, about a hero, or rather about the sword he wielded. With that weapon he managed to kill creatures that, by the descriptions, resembled vampires.
6f5c8f3d4f	Here's the totem you asked for.
6f6a6a0d43	Seriously? Someone paid you a little money to pick up a large sum and bring it to him, and you'd get a bit more money for it? Are there really people in the world that trusting, or that honest? Or maybe it's simpler, and you're on the same team as whoever sent you here?
6f7e9d9f46	[BLUE](A group of young half-naked girls eyeing you with great interest)[] Look, what a gorgeous beauty! Hey, you must be tired and want to relax? We'd all be delighted to help you with that!
6f8ea205c1	Bless this Devourer Sting.
6f95f5384a	I defeated two ice women.
6fa07ef369	My friends, you can always come to me if you have any problems!
6fad204c75	The girl I helped led me to a gate, where I was knocked out and ended up locked in a cage. I need to find a way to get free.
6fb56309b8	Second, I got information about two feuding groups of wizards who deal in experimental magic, one of which practises enlarging various body parts.
6fc4aa49f1	I know a detective. He helped me with one difficult case. I'm sure he'll help us deal with your stalker.
6fc90131c1	I've rested after the arena, and now I wouldn't mind stretching my legs in a new fight!
6fd506ff26	Of course, I can teleport us wherever you need.
6fd8caf2bd	Let's do it.
6fe70c1b6a	What nonsense?! I was just patrolling outside and saw this spy sneaking along the castle walls, so I dragged him here for questioning!
7002ab0152	[BLUE](he watched the woman, wincing slightly, and said quietly)[] Havis comes from the wild southern tribes, and they have peculiar customs. We'll come back here to collect them, Havis. Your reward, hero. I could use a good fighter like you, but while the outskirts of Istril and the surrounding area are troubled, it's too early to act, so you can go back to the gatekeeper and tell him I received his message and agree to his proposal, but on my terms. See you later in our settlement.
700d8b2603	[BLUE](Perhaps these are the very ruins you're looking for, but without a piece of the magic map you won't be able to find its other pieces)[]
700dc91e5f	Hello. Perhaps your temple has some work for a hero?
701108db65	He's trying to build some device to eliminate an imaginary threat and switch it on without thinking about the consequences. For instance, he recently stole a dangerous artifact from us for this purpose and keeps collecting other equally dangerous things, not to mention his experiments on the dead and even on living, thinking beings. As you understand, he must be stopped for the common good before it's too late.
702802c199	I helped secure the seal in Mount Orogg, and so kept terrible shadows from breaking free!
702e0c0bd5	I solved Adaon's problem by dealing with Kiara.
7040f2aa61	Go on, try.
70421c08a5	Well, we've known each other a long time, and I see no reason to doubt your words. Besides, you are not the first Guild member loyal to the queen to suffer such attacks, which does not seem accidental to me.
7047e0e32c	I found and destroyed one of the three protective totems.
704d439f91	Great, I have that armour with me: a Blessed Platemail Vest.
705f97537d	Ah, oh, I understand. It's me who should apologise for throwing myself at you so suddenly... But I still wouldn't mind going on adventures in your company. I can give you my magical support, and maybe along the way we'll get to know each other better after all.
7062d167dc	I'm sure there'll be plenty of freaks who'll be unhappy and get in the way of what we do, and you can go all out on them!
7085b899fa	Curse it! Break through to that corridor; in the narrow spot we can beat them all!
70961a309b	I have a vorator egg!
709f8b7dde	I'm getting to the point. In recent years rumours have spread that some huge unknown creatures have appeared in those parts that can gnaw tunnels deep underground, and these tunnels lead to the temple. Many adventurers from Thuram tried it, but none came back, except in one case.
70a1594395	Bless the sword Orcslicer.
70a4c1ee9d	Well, how many points of charisma do you need for Tremadan's Image to tell the truth?
70a95bbc69	I want to go to your village.
70a9a140ee	Great, should have said so from the start.
70a9a47367	[BLUE](A half-naked wild woman by the look of her, but willing to talk)[] Hello, traveller. Welcome to my home, the sacred forests!
70ac419acb	I hope you're not serious, or I'll strangle you! Back to the refuge before she thinks of something else. Thanks for the help, friend, and until next time!
70ac61bed7	I'm very glad you weren't hurt and it all turned out well.
70ad6db871	You walk backwards, but it should be the other way round, like everyone's supposed to!
70b94a4ea7	[BLUE](A fairly young-looking wizard)[] We're waiting for that jerk to stick his head out.
70c2424d11	I'm looking for the wizard Balthasar. He told me I could meet him or his apprentices in this city.
70c4fe212b	Well, well! I didn't expect you to make it here alive and unharmed!
70d98de354	No, I'm not going to take risks and waste time on games like that.
70e61939c1	Is there any work for the Wizard's Guild?
710e1e96e8	I got a Yeti paw; I need to give it to Magister Mundric.
7119670fd1	Great! Then I'll go and find out how I can help Tonel.
711ae9ea44	[BLUE](A third pale girl, who looks younger than the others, dressed in some rags that do nothing to hide her slender body)[] What does it matter what we call him? He's dead anyway!
711da9179d	I'll try to be useful. I hope that together, wanderer, we'll surely win.
71288fd7b7	We also need to arrange transport with someone. We turned out to have more things than I expected.
7128d6ea79	Come on! It doesn't look that sturdy! A couple of blows from my club will do it!
712954a0a1	Which city are we heading to?
712a4527ed	All right, I'll bring it to you.
716179d5e8	My work on this armour will cost you 140 coins, and I'll also need two wolf pelts.
716229135e	Your villainy ends here. I won't let you ruin Kai's holiday!
7168d4c626	And how are things going on your side?
717a67fc1c	It will be done, Your Highness.
717cd7ed44	I must assemble a crew for the heist; I need to find a mage-burglar in Icemist.
71876aa687	I found and laid to rest the zombies who were once clergy. Here's the armour of one of the priests.
718a4d456e	So we need to protect the totem somehow?
719c41340f	[BLUE](A rather old-looking wizard, though quite lively for his age)[] Greetings, traveller! If you're not suffering from, say, diarrhoea or a runny nose that needs curing, I can enchant a suitable weapon for you!
71ae29a3e5	Well, damn, what times we live in, never met a talking dog! So, shall I show you the way?
71b49b8585	Pleased to meet you. May I look at this ancient artifact?
71ccc87e0b	All right, take me to [BLUE]Nivarian[]! Here's my gold.
71ce935816	I'd gladly set off on travels with you, but I don't need anyone's help right now.
71d2435d0e	I want to look at your wares.
71df75b4dd	And what do you suggest? Killing this goblin king?
71e1607576	We're taking too long here; the boss won't be pleased.
71f030402a	[BLUE](thick black smoke enveloped the necromancer, and when it cleared the villain had vanished)[]
71f918e6fd	Ah, such an inglorious end for a great mage, but at least he can no longer do harm unknowingly, and his spirit will be at rest. We must take his body to the city to see him off properly on his last journey. Let's use the teleporter.
71fd2bd4a2	I have small diamonds with me.
720e3890cc	Sorry about that, but there have hardly been wizards roaming the swamps making maps in search of an unknown creature, risking being eaten by ordinary trolls. But since this troll is very old, the smell in its burrow will be so strong you'll never have smelled anything like it in your life. And if you decide to go in there, it'd be good to have a good weapon enchanted with fire.
7213874fcd	There's a lot in our lives that's uncertain and not clear at first. Take the asshole, for example: a stretchable concept.
7216c346c3	Praetor Nazira asked me to find and eliminate orc scouts; I agreed to help her. I can find them in the swamp or by the mountains.
721aea7a0f	Oh, so you're the hero my teacher found! He told me you'd come! Only you look rather weak, and you're clearly not worthy of serving my teacher! Gain some strength and experience, put on some more decent equipment, and come back [BLUE](you need to be at least level 15)[]
721f6f0a52	Hello, stranger. My guild is extremely hostile to outsiders, but some, like me, are more tolerant of people from outside and willing to make contact.
722b816a0e	I found the maid of Lady Ironstone, whom I promised to help.
722eb12716	[BLUE](A group of men in robes and heaps of chains with massive medallions, sitting at a richly laid table. When you appear they all frown, and one of them speaks)[] This is Black Gang territory, and drifters aren't welcome here. Clear off if you don't want trouble.
7230c260d7	Oh-ho, another brave one. He looks even smaller, but I hope not everywhere? Well then, prove to me, both at once if you like, how much of men you are.
72591256f9	Meow-meow.
72680e0122	Take me home!
7272597053	I need someone to deal with my ex, who stalks me almost constantly, but there's one little detail...
72743220f9	Roughly speaking, yes. Ask the local people there. Someone will have seen or know something. Meanwhile I'll arrange with the high priest for him to reward you when you've finished this work.
7275423673	I am very grateful to you, hero, for rescuing Princess Evelina Lightwind. All the residents of the city are my responsibility; it is shameful that I failed one of them, and doubly shameful that it was a person of royal blood. I am ready to resign my post at once and answer before the king for letting all those horrors befall you before you were rescued.
72760f17e6	And who is that big man in heavy armour who's often at Bernadette's side?
727f268713	The dragon Shenron left me without a reward for my help.
729d409f82	I have sapphires with me.
72ce664fd0	Oh, it's Hermes! You saved him! He doesn't look too well. How are you, my friend?
72d241b087	I want the little dragon.
72e10c1419	I keep away from sorcerers. After I serviced one once, my whole body itched for days!
72eecd9b62	[BLUE](In the next box you find a supply of cognac, but the sender wished to remain anonymous)[]
7302695939	It's not in my nature to just stand at my post for hours doing nothing. I'll be glad to fight the terrible monster with you, wanderer.
7309e87f4c	[BLUE](take the dead man's gear)[]
730b9cc918	An ancient troll? There are lots of rumours about it, and I think some researchers from Icemist wrote treatises about it, but as I remember, there was nothing useful in them. As for where it lives, obviously somewhere in the troll swamp.
731224cde8	Then let's go do our job.
73168e31ef	Well, you're into girls, and a girl with a dick is the best option for you. Hey, when she finishes, does she happen to roast you inside?
7316fa7d63	Ok.
734834f291	[BLUE](A legionnaire who isn't much in the mood for talking)[] Hm, this tiara, I've seen it somewhere before. It looks a lot like the one Lady Merinsalt wore!
734ed1a339	[BLUE](also examining the contents of the chests)[] Don't open your mouth for nothing, or I'll turn you into a mule; you'd come in handy like that for carrying these riches. Whoa, this little thing is very old, and I can feel strong magic in it!
735c31c4ff	It concerns recent events. After you and Johnny took back our stash, you came back, but Johnny stayed there. He never showed up, and when I went myself to check on the stash, I found part of our goods missing, and Johnny too. Nobody has seen him since.
736592c641	What do you want?
737ef22309	The writing on the signpost is illegible.
738a2af758	[BLUE](The door leading out of the tower)[]
7394610aa8	Any more questions? Ask, I'll be glad to answer.
739525db6b	Greetings, traveller. I can help you on difficult journeys; for a small reward, {LEVELx100}, I'm ready to go with you.
7395fc9901	A country bumpkin like you has trouble understanding concepts like that. You just need to listen to our tunes and enjoy!
7399fa2618	As soon as you touch it, you feel as if you're falling down a very long tunnel...
739eb874c5	Oh, damn! What a size! I can picture how big that brute was. Well, the job's done. Here's my reward, as we agreed.
73a7e7ca23	Yes, and what are you doing here? You said you were too old to hunt bears?
73bb21ee7b	Shut up, I'm not talking to you! For that bear's head, I'll give you my knife for good. It'll be a fair deal.
73bc569ee7	[BLUE](push him away)[] Leave me alone, go beg from someone else!
73c3184e35	Together we'll beat him!
73cfa028a3	I need warm boots.
73d7c48ef4	[BLUE](Evelina turns out to be very demanding, but your stamina isn't enough to satisfy her completely, and you finish sooner than she'd like, disappointing the girl, who clearly expected more of you)[]
73e46d12d7	Great, I have that armour with me: a Kevlar Vest.
73eae05ab9	Honestly, almost nothing. Neither I nor anyone in the troupe has ever managed to talk to him. He always appears somewhere near me and runs off as soon as anyone notices him, and nobody can track him. He's like a ghost!
73f6b2354f	[BLUE](a serious-looking, richly dressed man)[] Oh, your ladyship! You've come back to us! What wonderful news! The king was already about to send several reinforced squads to search for you.
7403a693d2	And now it's time to move.
740a1f1044	Greetings, my friend. It seems you need my help to save the kingdoms? For a small reward, {LEVELx100}, I'm ready to help you.
740c7ef04d	[BLUE](A warlike-looking priest)[] In the fury of battle you'll hear the voices of our gods!
740f8f6222	I freed Catherine; now I need to return to Maurice with her.
74204a6e45	You have already taken everything you need.
742c90b7ec	Sounds great. You clearly have a lot on your plate!
742d76fa79	Thanks for the information.
7433d7ca4e	Thank you, I'll be glad to stay in your settlement.
74377ed1a8	Shall we head back?
7438ec23a6	Well, yes. I don't like queers, whoever they are in life, bandits or ordinary people. I'm ready to tear any one of them apart with my bare hands without a second thought.
7440a788fc	All sorts come here. There's a sorcerer too, who drops in from time to time, though he's more often seen somewhere else. If you want details, I'm ready to tell for [BLUE]30 coins[].
744dcce094	I must deal with the creature that appeared so I can use the teleporter.
745947cf85	"An unremarkable hut. No owners in sight."
745eb08e29	Let's not linger here. [BLUE](taking the same way as on your first visit to this dungeon, you climb to the castle's ground floor and leave it)[]
74676a7459	Oh, thank you for bringing back my staff! The magic council did give me a new one, only these madmen took it from me too.
746885fc44	Grateroll escaped through a portal; I must go after him in pursuit.
746a1500de	I'll try to help you, but I don't guarantee everything will work properly. My magic reacts differently to different people, and on some it doesn't work at all. But first you must help me with something.
746a91dae3	Sorry, but I'm not a lesbian, and you're not my type anyway.
746cf581b1	You don't have enough ingredients to create the chosen item.
7477461547	All right, it'll be done.
7493cd2594	Stop raging, idiot. Gwen holds you tight. You can only leave with her permission.
74a3f223f2	My work will cost you 280 coins, and I'll also need a white wolf pelt.
74a5ee6ce6	I got the Whitetoad family relic needed to destroy the containment seals.
74a9b9f88a	All right, I'll try, but she'll immediately suspect I was the one who revealed her plan to you.
74b3bf9bc3	Thanks, but I don't need any of that.
74bd034057	Great, I have that armour with me: Velites Chain Leggings.
74d9a808ca	[BLUE](A suspicious type who seems to be waiting for someone)[]
74e257f569	We want to ask you some questions. If we get answers, we'll let you go. If not, it'll be worse for you.
74f6611fcd	You led us straight into the claws of these beasts, you scoundrel!
74f8e635e7	[BLUE](a girl with a striking look and unusual hair colour)[] Far too much fuss over this show-off business, and nothing to show for it.
75051b2a4e	I'll stay here for now and wait for you.
7506095c96	[BLUE](Take the stone)[]
7511b1cba0	We need to get out of here before someone comes to check on these cultists, and go back to the Lady's refuge. But we have one more problem. To be able to hold our performances, we need a royal permit for mass gatherings of people, but I don't have good connections in the royal castle.
751b2b8c97	I'll help you get out of Mercia and reach the nearest city of another kingdom.
751ea85b2c	Thanks, you've helped a little at least, Elizar. And a good weapon wouldn't hurt us. You know, my old man has enchanted knives that can paralyse and sear with fire at the same time. He uses them to geld boars. We could borrow at least one of the knives from him.
751f5a8fd9	Magister Mundric agreed to give me the key stone from the Temple of Knowledge if I bring him 3 sabretooth eyes.
752c890f00	Of course. Don't overexert yourself or you'll die here. I'll take you to the captain and let him decide what to do with you.
752e881a68	Just as deadly, right now, will be a knife in your guts. Want to check, or will you give me your stone?!
7537102e0e	I hope we make it to the city without trouble!
75463bfa32	Enchant this shortsword.
7546b43755	Well, he's from Whitetower, though he certainly won't be happy to see me, but that doesn't matter. The main thing is to get our treasure.
754ffe603c	We've got a conflict with a gang of bad people. I won't go into how and why it all started. The thing is, those bastards recently wrecked and robbed one of our places, and above all they stole a magic artifact holding the recording of our new tracks.
75554914d2	I've been here so long that I've forgotten who I was and how I came to this place. All that remains in my memory are scraps: that I was the daughter of a rich lord, the owner of this barge, and of a bargain he struck with some mighty being. It ended in a curse that fell on everything my father owned. Because of the curse I'm chained to this place.
755dc67d35	In any town or settlement. The main thing is that they're ready to move to our kingdom. I'll even prepare work contracts. If they agree, they just have to sign them, or at least make a cross if they can't write.
756a9e253c	Did you know that "three words" is two words?
756b3b9b68	The captain in the port of Istril suggested I ask about the zombie clergymen at the Istril tavern.
756c3e0e0a	[BLUE](These seem to be the types the hunter talked about)[] Who are you? What do you want?
757cbc274e	I can give you a golden apple.
75842c5605	Well, a lot of things. I don't really believe most of these rumours, but I know her. For the king and the kingdom Bernadette is ready to do terrible things. So I advise you not to get involved with her and to try to avoid meeting her.
7585c7ac34	Yes, although I'm the third-eldest child of one of the king's younger cousins, and in line for the throne I'm forty-seventh or forty-sixth. So I don't like to go on about my title, and that's why few people know I'm a princess. For example, I got onto the magic council thanks to my power and talent, not because of royal blood!
7585da7c3f	Much obliged! [BLUE](the elderly wizard held the box out to you but accidentally dropped it on the ground right at your feet; multicoloured smoke poured out of it and began to envelop you)[]
758f8c4e61	Bless this Bluesteel war pick.
7599dbb360	Grissenda, how glad I am to see you, my sister!
75a283dbe6	I'm tired of getting beaten by every mob! Give me a powerful weapon!
75affe86f2	Thanks, glad I could help.
75b1184812	Haghenge supposes the demon bear's lair may be by the eastern mountains in Dreamsnow Valley.
75b7ce4911	[BLUE](A lonely little boy stands by the statue, looking at it. There are no parents or other grown-ups nearby looking after him)[]
75c7dfbbaa	So I see how wonderfully you do your job: Varannar is crawling with undead, dark filth stirring everywhere, in every corner!
75c99ddc86	"A staircase leading outside."
75d5ddb546	[BLUE](A stone monolith with a picture of the moon)[]
75dbd90cd3	I must defeat the blood lord who wants to stop the wizard activating the ancient seal.
75dd0d8e07	[BLUE](The younger man leaves the study, looking at you closely as he passes. The one who remains smiles at you)[] Havis, what a pleasant meeting! When did we last see each other? I think it was in Istril, at Prince Naelon's wedding. In those days Alarion wasn't yet out of the king's favour.
75dd49e334	What, you that cocky, damn it?! Kill him, lads, we'll split the loot equally!
75ed3993de	[BLUE](Drink)[] I'm not feeling so good...
75ed84f746	Blockheaded moron! We have to save him!
75f9550d51	I found the relic; now I need to return it to Honorary Guardian Nabiya.
7602242c2e	I feel somehow... strange... [BLUE](The woman's face and body begin to swell and darken)[] Oh no! What's happening to me?! What have you done?!!
761104f886	Tell us about them. We'd be interested to hear your story.
761b1c9136	Are you Magister Mundrick? We wanted to hear from you about the Temple of Knowledge, and about the only person who has been there.
761e3b9b3f	[BLUE](a very pretty young girl who looks both nervous and angry)[] Damn it, Neville, what are you doing here?! You'll blow my cover! I'm not supposed to hang around with types like you!
763dc0241b	Hi, the tavern owner has excellent moonshine. I recommend trying it!
764982795a	Then I'm glad to. I'll just gather my things, if nobody's carried them off while I was gone, and head straight to New Garand!
76580faa3f	Actually we were expecting a huge fiery demon, not some half-dead weakling!
7659154710	[BLUE](In a small study there are two richly dressed men. One, older, sits at the table saying something to the second, who stands nearby and looks younger)[] ...and not like last time. And there's no point going into Dead Bay. Our ships have no business there. All right, go, admiral of the fleet.
7663311d4b	What's the problem, boss?
766b1a3a90	The problem is that he doesn't trust me, but that's no surprise; I have never managed to build friendly relations with anyone. It's hard to make friends when from your first days rumours go around everywhere that Princess Bernadette was stillborn, that she was revived with dark magic, and that she is just a soulless shell.
767190f53c	[BLUE](the man in the robe falls to his knees, hands raised to the sky as if calling someone, and suddenly he is lit up and a huge winged creature descends from the heavens towards you)[]
7673c2d794	We've invited all kinds of musicians from all the kingdoms here! Not everyone answered, of course, but it's still packed! For example, a quartet of Varannari shaman rockers, or the industrial folks from Icemist, and there's a choir leader from Ilmara, and a folk singer from somewhere far in the south, and... oh, wait, who's that over there, I've no idea...
767a6085e7	I am the great poet Leoric, one of the most famous in Mercia, and my name is well known in the other kingdoms too! And I came here for good reason, for the muse herself led me to lands far from home, where I would fill to the brim with the inspiration that would give me strength to create the most important work of my life!!!
76977ff2bf	Good, you are dismissed, you may go. [BLUE](the large man in heavy armour led you out into the castle courtyard, where the Archon was waiting for you)[]
76a4521be7	I didn't know he was still in business, but if so, I'm ready to help him for my share of the cut. But first I need to solve a little problem of mine that could well get in the way of our work.
76be35ef7c	I found the magic artifact; I need to take it to Balthazar in the old tower in the south of the Bluemist River.
76c8494fd4	Thank you for this gift.
76db8199aa	Lost in Foreign Lands
76eada3504	([BLUE]Some noise beyond the walls catches the knight's attention. Nearby you notice a strange goblin[]) So there you are, you nobodies! I followed your trail, you goat! So much time and effort spent grooming that big oaf to gather my horde through him, and you killed him! I'll have to start all over again, but first I'll kill you so you don't get in my way again!
76ee13261a	A woman's place is by the hearth minding the children, not messing about with who knows what!
76f1bb4f06	I don't approve of brawling, but for you I'll make an exception!
76f45e35df	Greetings, friend, I'm Rickman. Johnny told me you bailed him out, and Vince praised you for handling the negotiations well, and Lady Philippa trusts you, so I can trust you too. It's very important to retake my warehouse that was attacked as quickly as possible, because among other things it holds Seventh House goods, and we clearly don't need trouble with them.
76f8fb82fc	I'll pass your words on to him. If he's interested, you can meet him here in the city at night.
77267783bb	The dragon Shenron took offence, deciding I was deceiving him.
7726ecc786	You can drop by my base too, friend, I'll be glad to see you. Let's get out of here.
772f09fab7	I collected Anabel's sword from the weaponsmith Hilt; now I need to take it back to the priestess.
773e847185	[BLUE](It seems you'd better not return to the city anymore)[]
773fe723c3	Alarion of the Royal Forest? I know him, I did some work for him.
774b0f5f49	How awful! But since you came to terms, maybe he'll want to help deal with my problem!
774f5fe5fd	Maybe, but that doesn't matter now. We need to get to Sol-Laqueul. We can go through the area around Dawn Lake and the Sorcerers' Valley, which is a shorter way, and we'll be less noticeable on it, but that valley is a dangerous place; or through Istril and its surroundings, a longer but safer way, though we won't be able to hide from prying eyes.
775aac5542	Cool! You're a real hero! The villains will be too scared to come back, right?
775aace57a	Good, thanks for the information. I'll go there and find the scum.
7767997bac	Then let's begin. [BLUE](You do everything written in the hermit wizard's instructions, but at the very end a problem arises: the last formula of the spell has four variants, and it doesn't say which one is correct)[]
776ba64e6c	What? A costume? Explain what's going on here, while you're still in one piece!
777063224d	[BLUE](a man shaking with mad terror)[] Aaah!!! No! Don't eat me!
77733b8e62	Coordinates? What coordinates?
777cd4444c	No idea who that was, but he paid for the evil he planned against the people of this settlement!
7781ee00dd	Then let's not linger.
7793f866c9	[BLUE](a man with a roguish look)[] Welcome to our humble settlement, traveller! Make yourself at home! If you have any questions, ask, I'll be glad to answer.
77952dfe57	Between Worlds
77a649ba3f	Enchant this axe.
77a8da73de	Can you bless this Adamantite Longsword?
77ac40a6b6	Yes! In my last months at Castle Storme, I came across the notes of the castle's founder, Holland Storme. He made a pact with the vampires but later regretted it and looked for a way to defeat these creatures, and as I understood it, he succeeded! But out of fear of the vampires he hid all the information about it, perhaps in the castle, perhaps not; I never managed to find anything.
77ad5674c7	This concerns all of us, not just Vince. He gave his word he'd win, since he has the biggest in our gang. If he backs down or loses, it'll be a disgrace for every member of the gang and our reputation will sink very low. Got the point?
77b1c8bba3	I need to talk to Lexus to lure him into the trap Astutus has prepared for him.
77b4769327	Greetings, wanderer. Glad to see you in good health!
77c6fcbdd1	Together with Rickman and Agnes I must reach Baron Enterprise and kill him.
77d30485b0	Yes, I'd be interested to hear it.
77e6fdf7a6	I'm sure you have servants who are far better at that role.
77f13a9ba9	Some necromancer attacked me; I must deal with him.
780014dfcb	Here you go!
7806d6493a	A group of desperate daredevils stole an especially mighty artifact, the "Eye of Tol 2.0", which can find anyone anywhere on the continent and watch them. We've identified almost all the thieves, and among them is your girlfriend Tsia, who was believed dead.
7810d20f48	A team is being assembled in the temple of Rigordion to exterminate the demon bear; I decided to join them, but to prove I'm worthy I must collect trophies from 10 white wolves and 6 polar bears.
781b9a4ae2	Well... my boss is trying to achieve exactly that. He has long wanted to establish good relations with your Lady. Now the boss is very serious. Everything will be different now: he'll keep a tighter watch on his people's behaviour, but he's hoping for something in return.
7823efe33b	Something bad happened here, but it's better not to talk about it.
78250db0cb	[BLUE](She tidies herself up as far as possible, with greenery for clothes)[] Well, it seems I was wrong after all about today's men, on certain specific points, which can only please me.
78273af0e8	Who are you, and what happened to you?
782f533279	I hope you manage to overcome the evil I brought upon my house, and the Storme line lives on. I have told you all I knew. Now will you free me?
7837b4a2d0	Bless this Bluesteel Axe.
784528d10b	[BLUE](He falls silent as the door behind you opens. Turning, you see a short, fragile-looking woman with a pale face enter the study, dressed in close-fitting leather with a short cloak, a sheathed longsword at her belt. The governor leaps to his feet and bows his head. Havis, turning, also bows her head and says quietly)[] Your Highness.
78482f7dc4	Who are you looking for?
784b556138	No problem, I'll remove this barrier now.
784ee71df5	I helped the Varannari escape slavery in Jabal!
78731255fa	I am the all-seeing and all-knowing. I see through space and sub-space. I know all the secrets of creation. All events are open to me, all of history, past and future alike. I can peer into the depths of distant space. I know the faces of all the living, of those already gone, and of those yet to come!.. But for short you can call me Sphinx, got it?
78821a9fca	My friends [BLUE](she pointed at two men who, judging by their grim faces, were not pleased to be called the princess's friends)[] told me about your deeds in detail, and they turned out to be more impressive than I had supposed from the rumours. I am impressed! I hope you received a fitting reward?
788e35e1a1	Fine, you can clear off. Well, good luck to you, and I'll get back to my daily business.
789149318d	With the "Eye of Tol 2.0", before it was stolen from us yet again, we found out that Durant's hideout is in Eastern Korne.
7895b95acc	Oh no you don't, you bastards won't get away that easily!
78a2f76e7e	But I must warn you: although our brave warriors guard the kingdom's peace, it is unsafe to be far from the towns. Besides that, the outskirts of Istril are besieged by creatures never before seen in our lands, the eastern parts are dangerous because of the dark curse, and in the north of the kingdom the very hostile Sky Knights hold sway.
78ad84b670	Bastard, someone betrayed me! Doesn't matter now. First I'll deal with you, and then I'll take care of the traitors!
78b0b4cc01	You take a run-up, rush forward and jump! Gusts of wind tear off everything but your underpants. Adaon flies screaming and swearing into the abyss. Maybe he'll be lucky and survive (but that's his problem). You yourself land safely on the other side of the pit!
78e9585944	Oh stop talking nonsense, look, she's tame-AAAAAA! AAAAAAAAAA!
78f71a086e	I do, but she'd hardly agree to take part in something like that.
78fba71a1a	The boss? But why, I don't get it? Vince, you told me the boss wouldn't need me for a couple of days.
7901de5fcc	Ooh! Here, kitty-kitty, who's a cutie!
790b7eacc4	[BLUE](This is the horse that was stolen from Dominic)[]
7914495524	[BLUE](another brigand appeared from the forest)[] The scout reports he's spotted someone else in the forest!
7919379c6d	I could help these unfortunates.
791c753af6	Here, three hunters have agreed to work for us.
7920a45e3f	What's there to talk about? Let him pay the 600 coins he borrowed from me and 200 coins on top for being late, or he goes to feed the fish!
79290f2aa7	Great, I have that armour with me: Iridescent Armor.
7936c7a8a7	I defeated the zombies; I need to discuss what happened with Magister Kendrick.
7939657a59	We do not share our secrets with the impiri [BLUE](requires reputation 10 or higher with the Varannari)[].
793ad52bb9	I'll be very grateful if you can solve the invader problem and bring the sorceress back, and the royal magic council won't leave you unrewarded for rescuing their colleague.
793dffc216	What? Who are you, anyway? Where am I and what's going on here? And where did that forester who fed me mushrooms go?
794d859c57	"This seems to be the thieves' house."
7951266fa3	I'll explain it to you quickly! If you need to get to the other bank of the river, follow this path straight on and you'll come right out at the bridge. All clear?
79587fd940	I found 7 fiery cores, two more to go.
795a03cc86	Come on! What example?! I really do have the money, I paid him back with interest on top!
795a786e68	You're here, good, so it's time to act. I'll explain where my old man keeps his knives. I'll sneak into the house first to check the situation. You follow me a little later, quietly and quickly grab the knife, and I'll keep watch. My old man has very sharp hearing, so be careful. Then we leave the house just as unnoticed. All clear?
795dcbf53f	Nice to meet you. So, how do we get inside the tower?
79691fe412	Enchant this Whirl of Death.
7973495ef2	Where are the surviving villagers you took?!
798bb74482	The huntress Scarlett thanked me for helping her learn the truth about what happened to her boyfriend and gave me a hunting knife.
7999330d2c	But, teacher, deporting outsiders like this could endanger their lives! We mustn't take risks until we've checked exactly how it all works!
79998eddca	I heard that Baron Storme is supposedly dead, and nobody knows what's going on in his castle now. Now I understand what's happening there and why these pale creatures are prowling the city. And my lousy necromancer pal is clearly mixed up in this. Well, thanks for the information, I have to go.
79a840a988	Don't, I've already told you everything on that score... [BLUE](the girl abruptly tugged her cloak aside, as its hem had tangled around her leg, and for a few moments the cloak fell completely open; she had nothing on underneath)[]
79a9b00827	That's no problem for me!
79b625b576	Good, next question! Which of these characters is not from Kingsbridge?
79c23369f6	We have crowds of fans. One whistle and they'll come running, and you'll really regret the nasty things you said about us!
79c6fa14e1	[BLUE](This is an enchanted tombstone, surrounded by impenetrable charms)[]
79ccccc3b8	[BLUE](the frowning man looked you over)[] Greetings, traveller. Dorothy is in charge here; take all your questions to her.
79ce364544	You're not that slow after all, man. Let's not waste time. Jude, you've been watching the area by the sewer entrance. How does it look?
79d5dfe100	I need minor healing. [BLUE](pay 20 coins, heal 30 HP)[]
79dd1a1e22	Hm, maybe it's the same man. When we get out of here, we can find that scoundrel together.
79eb6d0f5b	[BLUE](A red-haired girl who isn't in the mood for talking)[] With Mighty Rock it'll be much easier for us to deal with the cultists.
7a19325b3b	Well, now that you're convinced his stories are true, let's head back.
7a1b771c44	I'll be at the temple if you need my help.
7a26aaac11	If it's such a terrible secret, then how, by your own words, did an ordinary mage manage to learn it?
7a2c2a1d95	Fine, think as long as you like...
7a2d5b7350	Oh, I hope you mean to do it in deeds, not words? Because I know you men. A hundred years ago as now, two hundred years ago, you're only good at wagging your tongues, and as soon as it's time to get to the point, you vanish into thin air.
7a4d5cc145	Thank you for your trust in me, but I still feel responsible for what happened to you.
7a51f5fa81	You've done a very good deed! Without their leader the goblins will be divided again and their attacks on the villages will happen less often. Well, you must be rewarded as you deserve...
7a5781dfda	Yes, I know him, Your Majesty, but not very well.
7a6ebd812c	The king, of course, soon found out and couldn't stand such an insult. My father was arrested, accused of treason and executed, all the family's property was confiscated, and his relatives were exiled to the far corners of the kingdom. That's how I, still just a lad at the time, ended up here without a penny in my pocket.
7a797c5506	Where does such hatred come from?
7a893625c5	[BLUE]("...vile creatures, appearing as if from nowhere, devouring rock, have gnawed through part of my tower's foundation. They are clearly of magical origin. Could they have been created on purpose, to get in here and steal my treasures?! I must improve the main vault's defences, increase the guard, and hire the best hunters to catch and study these creatures. Whoever is behind this trick, I will punish him for his insolence and brazen attempt on my property!..")[]
7a8f450813	I'll be glad to help you, and we can hunt some rare game while we're at it!
7a996b61f4	Dominic! Some bastard set fire to your house and left a message that he killed Han, and all your other friends are next!
7a9bf8774a	Sure, I get it, I'm no saint myself, but stealing from the Seventh House is clearly a bad idea, so count me out!
7aa8dfcd7c	The sorceress Ginevra gave me an artifact that will let me get into the thief's lair; I must return to Whitetower to find out where exactly he was seen.
7aabed2a64	You're getting on my nerves! I'll smack you now, and you'll understand right away where I am!
7aabeecfb3	At the tavern I learned that the swindling sorcerer can be found at one of the city's piers.
7ab249069a	Do you know what this portal is? Where did it come from?
7ab712d912	You can go back to the Lady, my friend. I'll check around here in case some rat is hiding somewhere.
7ad82870f9	Your efforts are in vain. Our queen has returned. Everyone who stands against her will die!
7adbe2139f	If you're a hunter, I happen to need a hunter for a job.
7aea815968	Go to Tol! I won't just hand over my life's work to weaklings like you!
7af06af0b9	Screw you, jerk!
7afb813a62	Understood. Then I'll go looking for them.
7afc2db80d	Captain Bloodsilver said my help might be needed in the Seeing Hills to lay the undead to rest.
7b10c797c1	[BLUE](the girl wrinkled her nose at the sight of the cloak, but threw it on anyway)[] In wild country like this it will really come in handy.
7b131051b6	I need a scarf.
7b18aab53d	Can you tell me what this place is and how you got here? What happened in these lands, and who are these light people?
7b1da42a2e	That's good, of course, but I usually prefer to work with my own people. Next we'll need good disguises so you won't be recognised, and we can't do without an illusionist mage for that. You can handle the safecracker role yourself, Neville.
7b37a9007a	For now I do not know where to look for them, but I will focus all my power in the spirit world to learn about them. Perhaps you can find artifacts of sufficient power to destroy the seals yourselves. Meanwhile I will create the spells of destruction, which will need their power to activate.
7b38d49387	[BLUE](Use the second variant)[]
7b44a445b5	I've brought what you asked for. [BLUE](You hold out Oberon's still-warm heart to her)[]
7b47ecee5c	I found this magic crystal in the sewers of Freeport. Perhaps you know what it's for or how to use it?
7b59e69007	[BLUE](A red-haired girl who isn't in the mood for talking)[] We need to go to New Anthur. Violetta is waiting for us there.
7b61896301	I'll send him a magic message. If he agrees to meet, for old friendship's sake, he'll be waiting for you at that statue.
7b65d4fbcf	Hey! These are peaceful negotiations after all, so stop the insults and we might still manage to reach an agreement.
7b6ba0c1e8	I'd help you fight, but without my staff and gear I'm useless.
7b7079068b	Who we are is none of your concern! We've taken your buddy to the other bank of the river, where we'll put him on a spit, roast him and eat him, just like he did with our mushrooms! And if you don't get the situation, we'll quickly straighten out your brains with our clubs, so they fall out of your backside!
7b7153e531	The mage's apprentice is dead; now I need to talk to Balthazar.
7b7da8311e	It's so hot here! I'd gladly strip down to my underwear, but then I'd burn black.
7b82b4146a	Glad to help. Who are you and what are you doing here?
7baaac0b12	I found your artifact.
7baff0a006	Of course, I'll be glad to help you!
7bb02213ab	Just smash these round things? Is the liquid inside dangerous? It'll all pour out when I break them.
7bb1b67bb9	We have a weapon against the troll, so he's in for it. He won't keep his balls!
7bb2eb0aed	[BLUE](+10% bonus to XP gained for 2 days)[]
7bbb0bca25	And I'm glad the city has honest people like you.
7bbd8d4e5b	Enchant this greataxe.
7bbec764f7	Good luck to you.
7bc2b4e281	I also have an errand for you, if you agree, of course. So, although our warriors managed to rout the orc army, there are still plenty of orcs and minotaurs in the area, and people keep disappearing. Our scouts believe the source of these creatures is in the western part of the kingdom, around the Istril road. Perhaps you can find out how they got into our lands and how we can be rid of them for good.
7bd037a074	All right, I have to go.
7bd11da266	I learned that the forester who saw Prince Vardie can be found in the village by the southern wall of Rigordion, and I also persuaded Sergeant Wintercalm to help me in the search.
7bf095b9f2	Excellent, so for now we have a deal.
7bf46381df	Hm, I understand. All the men of my people are born with large penises, so we have no need of such magic, but clearly it is not so with you impiri. I do know one legend, though it will hardly be of use.
7bf521a93c	I'll try to help them somehow.
7bfec4204e	The only one who always supports you is your spine.
7bff771cb4	[BLUE](A fair-haired man stands motionless with a pensive look, gazing somewhere toward the horizon. Not far from him stands a horse matching the description of the one stolen from Dominic)[]
7c123ea904	Bernadette's people took her to the castle, and she never came back. There are witnesses who reported that Evelina was executed; they have no reason to lie about such a tragedy.
7c164a2e70	Time to deal with these rebel idiots.
7c19c10ace	Your efforts were pointless. I found trustworthy people who took care of all your shady little dealings. I've suspected you of betrayal for a long time, but I was waiting to see when and how you'd show yourself, and it came out pretty stupid, even for a dimwit like you.
7c1ddafd45	I've been framed, Magister! First they tried to blackmail me, and then they accused me of a murder I didn't commit!
7c3137fb22	Unknown people have attacked the bandits' warehouse north of the Bluemist River; I must defend it.
7c32d9b403	Stop it, your thoughts are making me sick!
7c39ef1b6c	[BLUE](he raised his eyes to her)[] And what are all these deaths for? Is our father's cursed immortality worth all the innocent lives constantly sacrificed for his eternal existence?
7c3b1c7c5e	I found one of the fragments of the magic map.
7c40a1366d	Ah, that's the work of a necromancer I know. With that creature he wanted to catch me so he could study me and experiment on me, but I managed to create charms that scared the monster off, and I could move under water, where it couldn't reach me.
7c44a56851	[BLUE](A nasty-looking type looks at you with a malicious grin)[] Well, looks like I was right to leave a lookout nearby, just in case some little rat came running past. And I was right!
7c4dae55c8	He was attacked right in this area, on the road from Lannegar. If they killed him, perhaps you'll find my artifact on his body.
7c5110b230	Oh, no! Havis! Havis! [BLUE](Alarion lunged towards his friend, but several soldiers grabbed his arms from behind; he tried to break free, but they wouldn't let him move, and exhausted, he fell to his knees)[]
7c57e747a3	Great, I have that armour with me: Green Leather Pants.
7c645f94e7	[BLUE](The little boy is literally jumping for joy)[] Hooray! You got our fir tree and presents back!
7c6b70bbfc	Yes, I understand such decisions aren't made in haste.
7c6ee48e34	When you find a suitable object, come back and I can perform the ritual.
7c8569bb40	Yes, of course, I'll help however I can.
7c9415e3e1	Thank you. They say some giants roam far off in the Wyvern Mountains, and they have giant mead. I mean to surprise our brewer, so could you bring at least one such bottle?
7c94433b86	All right, talk.
7cad095ec7	[BLUE](Poor Cryop, you shouldn't have gone hunting alone)[]
7cbfca2ac3	A fairly quiet and pleasant spot, as long as you don't stick your nose outside the village walls.
7cc2e83f7d	The time of reckoning has come for the undead hiding in this castle!
7cc39ac776	But that doesn't change my decision. You will come with me to Nivarian, where you will be put under guard, and our Queen Simeri will decide what to do with you.
7ccb2c9ec6	Right.
7ccc7f9b04	Not yet.
7ccec7db26	[BLUE](This villager is well equipped for a forest trek)[] Hello, friend. People don't often come here. The city itself attracts most of them.
7ccf48179b	What?! You want to bribe us?! Us, the most honest in all the kingdoms!..
7cd7304aad	I'm not going in, I'll die from that stink!
7ce3da2339	About ten years, I think. Hi, Kiara. How you've grown up, in all the right places... You look great!
7ce5b5c34f	Seriously? You come into my house and threaten me? I'd think carefully before trying anything stupid. There are archers hiding in these walls, ready to riddle anyone with poisoned arrows at my signal.
7cf8ce920e	Yes, of course. What should I give him?
7cfdfbf60f	I did find out a few things. First, the wild magic of the Varannari. It's no accident they're bigger than us, and their penises clearly outdo ours in size...
7d01a56ef2	Aaaaaaaaaaa!!!
7d1d962780	[BLUE](a very large and strongly built Varannari woman nearly three metres tall in scanty clothing; the muscles of her arm are as thick as Alice's or Violetta's waist, her mighty abs could deflect sword blows like tempered steel armour, and in her hands she holds a club that is the trunk of a full-grown tree)[] Greetings, impiri, I am Mighty Rock!
7d20fa80a1	I received the royal permit to perform; now I need to return to Mikaela at the mistress's refuge.
7d2b71c470	This seal is destroyed.
7d3381be41	[BLUE](A very pale girl with no clothing at all on her slender body)[] It doesn't matter how they got here. We mustn't let them into our temple.
7d3802d9d8	Our mutual friend helped me do it.
7d3bd646bb	Damned bastard, you lured me here to hand me over to the guards?!
7d4230c822	Well, excuse me, but nobody dragged you here by force. You asked to come with me yourself!
7d4378a49a	Oh come on, as if I hadn't figured that out myself. Could you help me with something more concrete?
7d46978f22	The truth? What truth? What is he supposed to tell me about?
7d4d084f01	All right, I get you! Then let me run to my place and come back here with the money, deal?
7d4ea47cae	Sorry, brother, but it's not Anika.
7d4f5216a6	Maybe so, but I'd have helped you somehow at least, and you brought down the brute all by yourself. Well done, respect. Let's not linger. We'll go to Lannegar. There are plenty of other dangers here at night.
7d54ffa582	I destroyed two of the four seals holding the being from other worlds.
7d61f18483	Kiara said I'm in for a share.
7d65cf6bb1	"The hut is abandoned and everything valuable was carried off long ago, but you find the entrance to a basement."
7d65f104b4	Your warning of danger reached Dariel and his friends in time; they prepared for the attack and managed to fight it off, but something unfortunate happened. One of the attackers had a teleporter; he managed to disarm Dariel and abduct him. Sol-Laqueul soldiers searched the area around Desert Cape but couldn't find anyone.
7d79e4c8e9	Appearances can be deceptive. Life has knocked me about quite a bit, and all because of one woman. It was about twenty years ago. In those days my father held the post of chief city builder on the Royal Council, and it so happened that he took up with a woman on the side, who turned out to be the mistress of the king himself.
7d892f008c	Time to Pay the Bills
7d8f9be14a	Ah, there you are, hero. You helped me splendidly, and since I promised you a fitting reward, I'm keeping my promise. An acquaintance of mine lived in this mansion; no idea what happened to him. I bought it and am handing it over to you.
7db6d9bdd5	Hi, I've been told you work for the Lady. I can help you get to New Garand quickly.
7dbc34f1ca	[BLUE](A short, pretty girl with unusually coloured hair)[] Hi-hi! We'll keep preparing for our tour to Ilmara with a special programme! Do you think they'll like it if we use real undead in our show?
7dbdc19084	Production is on hold for now, but as soon as you get the hides, we'll get to work!
7dc8de9b24	I need a little time. I'm not dealing with a stiff back here!
7dd3a9e29c	I'm not going to justify myself to some monster!
7ded3a2b5c	([BLUE]The knight in unusual armour draws his sword[]) No, your crimes end here and now, vile goblin!
7df18373cc	Whoa, I seriously managed to teleport you? I don't remember that, and I doubt I could do it again, but I do know how to help you get out of here.
7e03e1137b	What? You mean there's some kind of conspiracy in the Guild?
7e1d4e8a45	Give me that bit of paper.
7e1fe2d18d	Well, let's say I'm Bridge's buddy. What did you want?
7e2346870f	Try to dodge the dagger.
7e267a6293	Enchant the mace Beastgrinder.
7e382d14d8	Morgen made the right choice; I advise you to follow his example.
7e38a4d96e	I found and killed the necromancer; here's the book you asked me to take from him.
7e38de2d53	We'll send word to our people in Friguld so they'll get you to that island without trouble and help you get back.
7e3b041b76	Oh, hush, little sister. In Dreamsnow Valley we found this body. Look, there's a royal signet ring on it! Perhaps it's Prince Vardie. We need to show it to the royal mages to make sure.
7e43d8caf2	I understand. See you, Sybil.
7e5483a480	Sir Valeran, I'm glad to see you too.
7e55215d71	Good people who also don't want to put up with this lie gave me hints, and from them I found real proof of the vileness going on in the depths of the royal castle. I was lucky and managed to escape, but many others before me fell victim to keeping up the deception that hides the terrible reality.
7e5cb06178	I'll live with it somehow.
7e6a3145ef	[BLUE](A warlike-looking priest)[] Glad to see you in our temple, hero. You gave invaluable help in fulfilling the holy mission!
7e7c6863df	And who was he?
7e824d0c67	[BLUE](This lad is equipped like a hunter)[] Hi, friend, I'm Sirius Molten. This is a great town, only there's not much work.
7e89ca8fe3	[BLUE](A huge obelisk skilfully carved with images: at the very top a sunrise, below it a fearsome ape with a huge member reaching all the way down to the bottom, where night is depicted)[]
7e8b845449	I helped the runaway slaves get home.
7e8c278943	I managed to get a dragon heart.
7e92a36fcd	Oh, don't worry so much, I was just joking! I understood what you meant.
7e962688c9	If you don't leave him alone, you'll become fish food yourselves.
7e98042ad3	[BLUE](The creature's fiery eyes gaze at you greedily)[] Oh, you're back! So you've been to the tower, and I hope you haven't come empty-handed?
7e9b948ee3	I found five fragments of the magic map.
7e9e70a5bf	Curses Don't Die
7ea32efc52	I wouldn't be so quick to draw such conclusions! Even though you got rid of our chief necromancer, I'll carry out the vengeance planned against this settlement by my own methods!
7eab40ad18	Eirenda, this is very important: do you have any old heirloom of the Storme family?
7eabd271c9	This errand concerns our queen's younger son. Prince Vardie is a keen hunter. He often vanished into the forests for a long time, and from his latest hunt he didn't return. Search parties were organised that combed Dreamsnow Valley, the area around the Lake of Tears, the Chill Shore, the Northern Wastes and even the Hidden Plateau, but all without result, and several weeks have already passed.
7eb3ba5e81	[BLUE](A thin girl whose face is partly hidden by a hood)[] Kiara is in charge here. If you need something, ask her.
7eb5dd276c	Here's the yeti paw you asked for.
7eb9799ae2	What freaks are those?
7ecb127b5d	[BLUE](The big man throws his hammer over his shoulder and strides off toward the jungle. Rickman watches him go, then goes over to Vince lying motionless and crouches beside him)[] Poor Jumbo, he and Vince were very close friends. I'll have to find a way to tell him Vince is no longer with us. Ah well, we'll grieve later. First we have to deal with Bubba. Are you ready to help me with that?
7ece3123f1	[BLUE](An elderly, slightly haughty-looking priest in rich vestments)[] Senior Novice Peter told of the help you gave in destroying the evil in the Coal Quarry. Accept this gift as a reward!
7ed178bb44	I must meet the dragon Shenron in the Great Plains and convince him that the Dragonlord's Circlet was destroyed.
7edd8bf15a	Sorry to interrupt, but I'm still here. Maybe we'll first perform the ritual to lift the curse, and after that you can talk as much as you like.
7edfe604f0	To hell with that scoundrel! You did promise to help solve my problem, you know!
7ee3e17947	Greetings, strangers, I'm the merchant Abraham. No doubt it seems suspicious that anyone in these parts isn't hostile. But I have to earn a living somehow, and harming potential customers doesn't pay. If you're interested, I can offer you my wares.
7f014aea5c	And what did they do to you after that?
7f068d70f1	Bernadette was here, so it was obvious that at the sight of her he'd get scared and call everything off.
7f07ca1d4f	Well, that madwoman has cleared off, and now nobody will get in our way.
7f1683d98f	[BLUE]("...evil never sleeps. I need new, more powerful defences for my tower...")[]
7f2a8cf160	Yes, I managed to get the Dragon Lord's Crown.
7f3b628d9e	Nothing.
7f41ec0f81	It's all legal, don't get any ideas! Well, I've decided to set up a business making insulated armour. In our parts it'll be in demand! I've found a suitable place and people for production, only there's a small problem: no material to work with!
7f42b3506d	Good, and you were going to be stubborn. You can go, but I'll leave a magic mark on you. In case you've deceived us, I can find you easily with it.
7f502f9a4b	Here's the deadweed you asked for.
7f532fbb4f	No need for thanks. For me it's nothing more than amusement. Meet my man in New Garand when I'm done with your case.
7f5d9f856f	I understand. Thanks for your help, but be careful: Bernadette knows you helped me, and she won't care whether you're still with me or not.
7f6c0bbfbc	We still hope Killian and his comrades will return, but there's still no one to go into the burial mound to learn their fate.
7f75705d9c	We'll always remember Novice Chestnut, without a doubt the bravest fighter in the kingdom.
7f779f719b	No, this job is too dangerous.
7f7dcde40c	Got you.
7f7e252e51	Same to you.
7f8179894d	Who the hell is this?! Clear off while you're still alive and well!
7f85746b3e	Glad for you. My companions and I are actually here on business. We're looking for a type nicknamed Bubba. He's recruiting people to overthrow the boss of his gang. Did he happen to come by here?
7f892fc0a9	[BLUE](A very strange-looking creature with a human face studies you carefully)[] Well, since you managed to get here, there must be something you fiercely desire. What could it be?
7f9495eafa	I hope they understand what they're doing and take responsibility for it!
7f96acd598	Enchant this Bluesteel Longsword.
7f9ed7444a	The innkeeper said someone at the northern checkpoint in the Coal Quarry knows where the zombie clergymen are.
7fa5fa1da9	What happened to your kingdom?
7fb141dac4	([BLUE]An old-looking man with a scarred face who has clearly been in many scrapes[]) Got nothing to do? Go for a walk in Sagar.
7fb25e6c26	Magic?
7fb4e88158	I must return to the Royal Forest and pass on to Alarion the information I got from Magister Kaledor.
7fc673fce1	Yes, we managed to come to terms with the sorcerers. They'll help Vince grow his dick!
7fed963def	Well, here we are in Istril. Thank you, hero, for helping us carry out our task.
7ff8eed9c6	[BLUE](A short, pretty girl with unusually coloured hair)[] I hope our troupe grows soon and we can go on tour!
801833c1b2	All right, let's do that.
803e4dc5df	Agreed, it'll all be done.
8041f70617	What an unusual weapon! To lay the charms effectively I'll need other ingredients, namely twenty human skulls and three demonic ones. And because the work is difficult it'll cost more: [BLUE](3900 coins)[].
804b1bf312	The Lost Prince
8057b57563	Captain Wintercalm sent me. Do you know anything about the missing Prince Vardie?
805aa475da	Well, about Judy, she likes playing the skin flute now, so she has no time for your games.
8067dac05f	You can count on me, I'll be glad to help you again.
806ba24a22	It concerns the alliance you made with the vampires. Your line has practically been wiped out, and your castle has been taken by those dark creatures.
8070511ac3	I've found one piece of the map.
807cfc497c	[BLUE](at the edge of the forest you notice bodies lying in the grass. Examining them, you realise they were killed very recently; perhaps these are the people of Alarion's he asked you to find. Suddenly you hear a noise behind you)[]
808cde77dc	[BLUE](After spending quite some time digging in the stinking mud, taking breaks to catch your breath and throw up, you manage to find the magic eggs)[]
809ae88554	A pity it happened, but I warned him I would stop at nothing to achieve the goal of my whole life! Though it's sad that you had to take part in this. Well, then it's time to reward you and say goodbye, and I'll finish what I started!
80a82a43e1	I have five steel axes with me.
80aafcc648	Great, I have that armour with me: Blessed Chain Leggings.
80bd05615a	Leave it alone.
80bfcd4dcc	Without a doubt. I've been spying on Lexus and his group for a long time, and I can tell you that though Lexus is as ignorant and talentless as Astutus, his lads are more capable and gifted, unlike Astutus's toadies and bunglers.
80c25de9b7	Lukan has never let me down, and this time too I'm sure he'll manage his task.
80cb227000	[BLUE](it seems this is the same wizard who teleported you to this city)[] Wow, glad to see someone else alive!
80d119cb0f	The places we're going are dangerous; stay alert and ready to fight.
80daf795f7	A lunatic named Durant and his accomplices have kidnapped Dominic's son; I agreed to help him get him back. I must meet him at Durant's hideout in Eastern Korne.
80db10bec5	I led Lexus and his people into the trap Astutus prepared for them.
80dc827e93	I defeated the Wicked Witch; now the way to Durant is open.
80e334b050	[BLUE](below you saw a spacious room where Alarion, Havis and a man unknown to you were surrounded by a squad of soldiers in heavy armour; one of them shouted)[] Surrender! You are surrounded and in our archers' sights! Throw your weapons on the ground!
80f00792b3	Yes, I found and killed the creature that was terrorising the villagers.
80f628d995	I jumped over the pit; now I just need to find the forester.
80f7dce1dd	We're running out of trail potions and have few ingredients left. Bring me 6 snow flowers and I'll tell you how to get onto the plateau.
8104666a24	Of course! Nothing much is likely to happen here while I'm away, especially since Captain Doomalone is here and will solve any problems that come up. Let's go!
81065660a2	Where can you take me?
810963cfb8	that's all.
811ad51d13	[BLUE](together with the Archon you returned to the first room of the cellar. Bernadette, the man in heavy armour and the witch were there, but all the robed people had left, and Captain Greedy's body was gone)[] Finished already? Good. Let's agree right away that you shouldn't tell my brother what you're doing; it would create needless problems I'd have to deal with, and he'd hardly like you helping me.
813a11d4a9	[BLUE](A respectable-looking man who doesn't much resemble a bandit)[] Kiara is the boss here. If you want to discuss something, talk to her first.
813c16f475	That is good news. Receive the sacred flowers of our people as gifts for your deed, and this knife from me personally.
813eaf3ed8	Just the usual way. Now you explain to me how it's possible to walk on the ground?
8140c9006f	Looks like we've dealt with everyone.
814528138f	A manual for creating a shield with excellent protection against shock. It needs these ingredients: 4 sparkling powder, one small diamond and two small sapphires.
8147ab6aab	After the meeting, go to the "Merry Wayfarer" tavern. You still have my coin, don't you? Show it to the innkeeper like last time. Let's not waste time; let's get to work.
8151c52e04	Dominic has started a showdown with a rival gang; I must help him defeat them.
815a1d3168	Don't drag out your task, or I'll find someone quicker to replace you!
81655f27dd	It's an honour to receive such a reward!
8167e5517d	[BLUE](a girl who looks like a sorceress, but is dressed in light leather armour and armed with a long enchanted sword)[] I hope my girlfriend hasn't run off anywhere.
816d5bffe4	Fine, do as you like, but I'm not going to take part in this! I'll return to the city and try to gather supporters, in case we have to storm Castle Storme again!
818af74c59	I need to get to the top floor of the tower.
818bed8162	How did it happen?
819cf815db	I met an unknown knight fighting a crowd of goblins; I decided to help him.
81a57a7af8	All right, I'll pass on your message.
81a6757583	I helped Dominic deal with the slaver gang and free the slaves; now I need to talk to him.
81b5e42f56	Try it, but I won't let anyone get in my way, and I'll spare no one, not even you, to achieve my goal!
81be7540fa	Hardly. Don't waste your potions, I'm done for...
81c0f819f2	What do you mean?
81c89721ba	He was here not long ago. I spoke with him, and he said he was going out of town to the farmers by the east wall to arrange something about some plants. Perhaps you can find him there.
81c996959c	Grateroll?
81dcf1201b	For several weeks there have been rumours that a community of werewolves has settled in a village by the Lake of Tears, and people have started disappearing in the area. The high priest is worried about what's happening, so he has given an errand: to find out whether the rumours are true. Those places have always been dangerous, people died there constantly, but now the number of missing has grown. If settler werewolves really are behind this, these monsters must be punished.
81e104d995	Hi, cutie. Want to have some fun with me in one of the little bedrooms upstairs?
81e11602cb	Good luck with that.
81e44108d9	All right, thank you for the support, Hirge.
81e6d05dc7	It's always like this. That's why I don't like hunting far from the castle!
81ea315213	[BLUE](It seems the strange mechanism has stopped working again)[]
81fb4ad5a0	I need a room for the night.
820c8fc3d9	All right, I understand you. I had a priest friend, just as sentimental as you, until one day a werewolf pup my friend wanted to save tore his throat out. So I show no mercy to inhumans like those we've killed here. It's a forced measure: either them or the lives of ordinary people!
8232c83013	North: Istril. West: Sol-Laqueul. The sign pointing east has been broken off.
823638b82d	Yes, there is a suitable place; we'll try to get in there.
823c04cfe3	Let's have a look at them. Hm, clearly not all the parts of the map have been gathered yet to restore it.
823fc85112	A moon curse? Hm, honestly, it's the first I've heard of such a thing. I'll try to find something out when I'm in Icemist, but I can't guarantee anything.
82417cd0c7	Oh, I got a little carried away, sorry. By the way, you've saved me once again, and I haven't thanked you at all. [BLUE](As if by chance, the girl parts her legs, her palm resting between them, and smiles at you playfully)[] And now I feel very guilty. This misunderstanding must be corrected. It isn't fitting for me, a princess, to remain in debt to my saviour.
824845d00c	I told the legionnaire Alia about the runaway slaves; now I must report it to Praetor Anwar in Freeport.
824e613139	Really, you were that worried about me? Well, maybe you're not as hopeless as I thought, Adaon. And the bastard who betrayed me, is he dead?
8251fb18ab	All right, he's fine. How do we get out of here? The same way?
8252468d3b	A sorcerer? Yes, lately some sorcerer has been dropping in here from time to time. In fact, he was here not long ago.
825470ebc6	In short, I took on a job in New Garand: finding a rare book of lost knowledge about ancient magic. Following its trail, I ended up in these parts. Exploring the area and talking to people, I managed to bribe someone and learn where the book is.
8271a21dba	I see, I'll keep that in mind.
8271ace89f	[BLUE](Use the Whitetoad family relic to activate the spell that destroys the seal)[]
827445f5c2	I can't see you, whatever you say about where you're standing!
827599bc23	All right, I've been talking too much. You may go. [BLUE](the richly dressed man opened the door for you and gestured for you to follow him; walking through the castle corridors, you reached the living quarters, and your guide showed you into one of the bedrooms)[]
827ad1d4e7	Calm down! I'm a hero, I've come to rescue you and take you home!
827ebadb0a	Captain Greedy asked me to kill the orc warlord for a reward, but I refused.
829268fbd8	Well, I'm glad to hear it; follow me. Captain, [BLUE](she turned to the captain of the guard)[] this hero is coming with me to the royal castle.
8295138168	Hooray! Free at last! [BLUE](the delighted, naked girl threw herself at you for a hug; you carefully hugged her back, trying to keep your hands in decent places)[] Thank you! And now we'll go back to the city?
829521a10a	Well, I'm one of his friends. And what exactly did you want?
82a357f528	Why, you pitiful worm! Thought you'd deceive me?! Wanted to laugh at me, like all those worthless lizards?! Now you'll witness my wrath and feel it on your own hide!
82bcac2256	There's nothing I can do.
82c0e4dec7	[BLUE](The tower's sturdy door is unlocked)[]
82c830b3a3	Well, she isn't especially beautiful, and far from as young as I'd like. And there are much richer women in town.
82c8af58c3	Can you enchant this Adamantite Greatsword?
82ca7be83d	[BLUE](you find an opening that matches the shape of the ancient battery. As soon as contact is made, the console begins to come back to life and the screen brightens)[] Access denied! A level 1 access card is required. [BLUE](a small recess below the window lights up)[]
82cac99925	All right, I'll find this creature and kill it.
82d1a98d6e	Here are the red dragonid scales you asked for.
82e86a31c8	Kingdom of Sin
82e8e749ba	I was glad to fight evil creatures alongside you again! I'll tell the high priest to reward you. Until next time!
82f8a01525	Great, I have that armour with me: Hunter's Leggings.
82fae04a00	Actually, I wanted to ask you: have you come across zombies here that look like clergy, by any chance?
8308d8f562	[BLUE](A very big, powerfully built man. From the many scars on his body it's clear he has been in bloody scrapes more than once)[] Oh yes, I'm free again! Neville, my friend! Was it you who bought me out?
83096af0a9	I helped Sansa deal with the blackmailer and expose the conspiracy in the Mages Guild.
830c155231	All right, we'll try to keep him safe.
830e063b37	[BLUE](Lie)[] I got hit, but it's nothing serious, I think.
8314d0aae9	I dealt with the rival troupe; now I must meet Violetta in New Anthur.
83155fdcfe	[BLUE](An elderly, slightly haughty-looking priest in rich vestments)[] Priest Ryurger told of your part in the holy mission, wanderer, and of your contribution to its success. Accept this gift as a reward!
83187780e8	I managed to free the kidnapped girls; I must tell Lady Philippa in New Garand.
832bbb2462	I don't need a house in Icemist.
832bc9f99e	I managed to defend the bandits' warehouse and take a prisoner; now I need to talk to Boss Rickman about further plans.
832d39c22f	Enchant the sword Righteousness.
8331f2ed8f	Well, if it truly is so important, we could grant them to you, if you help our people.
8334186b81	Holy crap! How did he get in here through the pond?!
833f4c83c5	Bless this sabre.
83409c0edd	I dealt with the cannibals of the village by Dawn Lake.
835197e5de	Yes, it's the secret guard. They're hunting me. I didn't expect them to find me so quickly and easily. Their chief hunter has long been threatening to catch me and hang me.
8357b76eee	Size Matters
835c1f4dc6	I need lots of skills! Give me more books!
8360e3a22d	A great pity. I was counting on your help; now leave.
836177a077	Go around the hut.
837e1544c4	Good, everyone should get what they deserve. I also think you should receive a bonus from me personally, as Keeper of the Kingdom, but that's for later. I wanted to discuss a couple of important matters with you and show you something at the same time. You don't mind, do you?
83837ca09e	Evelina and I were attacked by minotaurs! I must deal with them.
8389385798	[BLUE](A kind-looking warrior woman, who isn't in a particularly kind mood right now)[] What the hell, sister, I forbade you to get involved in this, but you didn't listen to me anyway!
838e21b968	[BLUE](A gloomy-looking sorceress, but willing to talk)[] Greetings, traveller. I practise the dark forms of the magical art. If that doesn't scare you, I can enchant weapons, or make an amulet against decay for a moderate fee!
838f2c1316	Deal. We'll meet here when you've finished the job.
83a9f18803	Are you all right?
83aa2b0389	Enchant this Staff of Impact.
83b7051608	[BLUE](A young-looking sorceress)[] Don't worry, kids, whatever that little tramp says, I know my business. Hm, I think I've seen magical protection like this somewhere before.
83c6ba5433	I walk on the ground all the time, there's nothing hard about it. But how do you manage to walk on air?
83cab76e3c	Yes, of course. It was about a week ago. I'd gone deep into the forests of Dreamsnow Valley, all the way to the snowy plateau, and at the top of that plateau I noticed the prince, and while I was getting closer, he'd already vanished somewhere. As for how to get up there, I've no idea. The slopes are too steep everywhere.
83cd616001	[BLUE]The gate yields to you and you pass inside[]
83cf49768d	Then sign the contract, or just make a cross here. When you reach Rigordion, find me or Agnius Northson.
83d5503699	All right, thanks, I'll check that place.
83dd56fc32	When I have time, I'll help you.
83f317f8ca	Thank you, I was glad to help you all.
83f654cbeb	Of course! The Thuramians are very well known for that, the most responsible of all! Ask the people of Deepfrost about it.
83fd31780d	We'll never go back to our homeland!
840327cb24	Beat these goats!
840a62e073	Hm, and how did they manage to catch you, and why did you come to these parts at all?
840c0c561d	Reforging daggers and swords will cost [BLUE](100 to 250 coins)[], hammers and axes [BLUE](200 coins each)[], and anything heavier [BLUE](over 300 coins)[]. If you have something suitable with you, I'm ready to get to work right now.
840d34ef25	Good, you should've done that from the start!
8413dd15e9	I took the goods stolen by Nail's gang for myself, but I became an enemy of the Freeport legionnaires and angered the Seventh House.
8443c1b43d	No freaks, no problems! A simple and effective solution, Layla.
84653ac2c1	Hello, Sybil. Would you like more proof of how much of a man I am?
846dfe6e59	My work on this armour will cost you 300 coins, and I'll also need three white wolf pelts.
846ef0fadc	I'm glad to hear it!
84797af366	Mikaela's stalker escaped, but I found her favourite underwear; I need to return it to her.
847d80c996	Are you serious? I'm doing what people like us are supposed to do. Oh right, I forgot, you're one of the nobles! Well then, let's not have a rats' squabble, let's fight fair! You and me, me and my best lads against you and your lads, and the winner becomes boss! What do you say?
849461722b	Enchant this Thief's Blade.
8494812d7f	Before I agree, what do you know about these Heavenly Knights guarding the book?
8499340b86	All right, what do I have to do?
849b5199d4	[BLUE](the man carefully took the pouch and looked inside, and his face grew sad)[] No one who has fallen into Bernadette's hands has ever come back. Poor Lukan, another victim of my father's unjustified cruelty... Ah, yes, Havis told you who I really am. I hope that, knowing the truth, and despite Lukan's terrible fate, you'll still remain my supporter.
84a4cf547f	Kai asked me to help him have a holiday. Maybe you'll help us with it too?
84b6235f98	[BLUE](A short, pretty girl with unusually coloured hair)[] Violetta told us we need a royal permit to be allowed to perform. I hope you'll help us get it!
84d18fb1fa	Looks like that was the last of the whores who managed to get in here. Right, so, I'll check whether these tramps managed to steal anything from here, and you go back to the boss and tell him the job's done.
84dad73ab8	No, emotions were not programmed into me. It is the natural end of the existence of any construct, living or not.
84e310b0c5	Excellent! We did it! Now we can leave this illusory world.
84e84a9914	I'm ready to check again whether it's so, my young hero! [BLUE](You pull off your armour and zealously set about proving to the woman how much of a man you are. Her moans echo across the whole swamp for a long time)[]
84f4305e65	I'm listening, friend.
850a53b2a3	It's a waste of time.
850d1f2d81	[BLUE](Adaon suddenly shoved the beggar away from you)[] Hey, boss, while you were gawping, this crook was going through your pocket!
85131c4201	A squad of orcs has attacked the outpost! I must help the legionnaires repel the attack.
851722e18b	[BLUE](a richly dressed man)[] See you in Istril.
851fd1362d	I tried to rescue the inventor Hermes, but he died.
852faa6eba	[BLUE](A red-haired girl who isn't in the mood for talking)[] Hi. All's quiet here for now, but you know Mika, it won't last long!
853c472556	A manual for creating a bow that strikes enemies with decay and cold. It needs these ingredients: an oaken bow, 4 deadweeds, 2 living ice and one small sapphire.
853d74a8aa	[BLUE](a strange inscription on the wall, "T.ME/EXILED_KINGDOMS_RPG"; I wonder what it could mean?)[]
8543ccf328	End it once and for all. I'll lure that freak and his pack onto the bridge by Mount Storme, where my family and I will finish them off. Will you help me once more?
8548aa98f6	The ritual to lift the moon curse didn't go to plan; I must defeat the monster Lady Rusthatchet has turned into.
8549836d3f	You'll have to catch me first!
8552b87180	I'm sick of spending scrolls on invisible doors and teleports! Give me more scrolls of all kinds!
8563433ed0	I don't need anything.
8565a520d0	Hm, yes, there's something you can help me with. I'm developing an experimental potion and I need various rare ingredients. I can get most of them myself, but I've had trouble getting one of them.
8568be2a10	Oh, thank you for bringing back my staff! The magic council did give me a new one, only these madmen took it from me too. Let's find that staff, and keep my old one. Use it to your heart's content!
8569c85ad4	Take them!
85736c3ebb	I'll go with you and help you not to die, if the place is full of undead!
857ae35efa	Excellent work! The orcs are in disarray, their army is falling apart, and all that's left is to finish off the remnants! Only there's one problem...
857c9353d8	I'll be grateful! By the way, my ex... partner's name is Cryop.
857fbe5234	And what are you going to do now: stay here or carry on with your cause?
8584acd261	All right, clear off and don't cross my path again.
859531fe57	[BLUE](The man starts giving orders)[] Kirk, you and your people take the boats to capture the pirates' ship, then come back for these bodies. Some go into the sea, leave the rest for the setup. Take the ship around Dead Bay and the Fire Hills, moor nearby and wait for my signal. The rest of us will go to Desert Cape and cross to the island from there. Let's not waste time.
8596f3a927	[BLUE](A slightly gloomy-looking priest, glad to see you)[] Welcome to the temple of the Northern Gods, traveller. In our sanctuary any warrior can receive the blessing of our gods, who protect all warriors!
859a5b19d1	Very well, Lorcan, we'll surrender if you guarantee my friends' safety.
85c96f5c03	Bless this war pick.
85cd5fc31a	Obviously the owner of those notes can't help us himself; he lived hundreds of years ago, so we'll have to rely on ourselves!
85ce1d71f4	All right, then good luck to you.
85ce29a8a2	Draw your weapon.
85d9ade09c	I freed Hermes; now I need to take him to Captain Bloodsilver in the settlement.
85e5d55ed2	The bravest of the survivors learned to fight these creatures; they became the brotherhood of the lost kingdom, guarding the lands untouched by the disaster. But over the years the brotherhood declined, and the coming of a new nightmare finished it off. Fortunately, there are very few glowing people left now too; they still dwell somewhere in the ruins of my kingdom, and rarely does one of them venture beyond them.
85ea6e6120	Let's move fast. There are no royal guards here, though some of Bernadette's people may be guarding Dariel; don't spare those scum.
85eee63456	Unknown people have kidnapped several girls who work for the mistress; the kidnappers' lair is near Kingsbridge, and I must free them.
85fafe1a5a	Until we meet again, wanderer. Be careful, and we'll see each other again.
860079dc49	I'd like to fight the strongest boss!
860772b129	No idea what's what, I don't meddle in other people's business. I'll use a simple spell to reach his residual memory. It doesn't last long, but I hope he manages to pass on the information you need. [BLUE](After the woman's strange gestures and spells over Adaon's corpse, his lips suddenly begin to move soundlessly)[] Good, now tell us the coordinates. The coordinates. We need the coordinates you found out.
862762805a	Buddy, you showed up just in time! Great to see you again!
865003a730	He's an influential and mighty man. I hoped he'd help me with a difficult matter.
865266c968	I need to find Vince on Skull Island.
865a9469c1	Oh no-no-no! I'm not getting mixed up with that crackpot again, whatever she's planning. I'm fine here!
866176317b	[BLUE](This man is sober enough to talk to)[]
8662b6bb9f	Great, I have that armour with me: Black Armor.
866d860451	I refused to give the wizard the unique Myrosian armour; he got very angry, and now I'll have to deal with him.
866fc4f412	Believe me, it'll be unforgettable. After today you'll lose interest in men! [BLUE](You help each other out of your excess clothing, after which Sansa demonstrates many of her skills, involving her toy and your body, that you could never have imagined, and you'd hardly admit to anyone having taken part in such things)[]
86756f4b63	[BLUE](Neville notices you)[] Oh, buddy, good to see you again! I urgently need your help!
867799e709	And yet I must somehow thank my saviour. If you're in Icemist again, drop by and I'll think of something. Only come alone.
86a8cf7e03	If your good friend gets run over by a cart, stop hanging out with him, because good friends don't lie around on the road.
86a95a0add	[BLUE](The girl leads you to some magic gate. As you pass through it, something stuns you. You come to locked in a cage, without your equipment and weapons, who knows where)[]
86ab6ed33e	Oh, hey, wait, hold on a moment! [BLUE](the girl was shifting from foot to foot)[]
86c59c6289	Well, you really did turn out to be a good fighter. Perhaps I'll need a partner like you for difficult errands.
86daa22662	"You notice something lying on the floor. Looking closer, you realise it's the troll's eggs, which turned out to be useless to the creature from another world."
86e3d6d105	In the north, east of the Seeing Hills, there's a large swamp the locals call the Tormenting Marshes. I don't advise going there; it's easy to get lost or drown. Rumour has it some woman lives deep in that swamp, but I don't believe it; a magnificent seducer of the fair sex like me would surely have met her long ago.
86e6befa31	I defeated the ice women; now I can carry on helping Kai organise the celebration.
8704d4896c	Well, in recent years they were studying the Curse there, and then one day some catastrophe happened. The few survivors who fled the castle couldn't say anything sensible about what happened, and the mages from Istril sealed the castle tight, and nobody knows what's going on there now.
870777b513	It doesn't matter anymore. One of the guards got away and surely remembered us, and now the whole guard thinks we're criminals.
8716d7adb3	[BLUE](A short, fair-haired girl, immodestly dressed)[] Well, how's it going with the Seventh House?
871ffbeadf	I hope it'll be good for our popularity. The main thing is not to draw too much attention to us...
8729fce7cb	I'm still looking for the people we need.
872d254c7d	And accept this weapon from me personally, as compensation for having had to deal with Captain Greedy's vile dealings. [BLUE](the man unhooked a sheathed dagger from his belt and handed it to you)[]
872f62ab9d	All right...
8743475b0c	[BLUE](a Varannari hunter who clearly feels uncomfortable in the city)[] You it is? Hunting Moon send me, she find your warrior. Go south Sagar Forest.
8744c30309	And you had to borrow again?
874a83b609	Hm, much as I dislike your explanation, you're right, and the haul wasn't fat enough to risk our hides for. [BLUE](He tells you the address where they hid the stolen goods)[] Now this information has to somehow reach one of the Mercian officers.
874c4d55b8	Uh, he needs his penis enlarged.
874ebbb1be	Then we're off to Whitetower.
8757798a6a	Another?
875c31f990	Well, are you ready to fight Rickman the Magnificent!?
8760ddde98	Thanks, friend, for helping sort out this unpleasant situation. And this is my thanks for your help. We'll always be glad to see you in our lair.
87616aba1e	[BLUE](A dark-skinned sailor by a boat)[] Come back when you're done with your business.
8762c6be64	[BLUE](Reaching the centre of the settlement, you find Evelina, once again without clothes, but this time the beautiful young woman isn't in a cage. She's tied by her hands and feet to a pole set on supports driven into the ground, hanging limply face down above a heap of broken branches and chopped firewood piled beneath her)[]
8769823849	He'll regret it! We'll find the bastard before he does anything else and punish him for this crime.
876f8eb498	[BLUE](it must have been your imagination)[]
87893d9211	And why don't you try talking to him yourself and persuading him?
878c7d495f	[BLUE](a woman in a hooded cloak)[] They're expecting us in Sol-Laqueul.
879579f34a	Then I'll go pack my things so as not to waste time.
87999a319e	Great, I have that armour with me: a Tunic of priest Northern Gods.
879d9405aa	Really?
87ac6038ae	Magister Mundric agreed to give me the key stone from the Temple of Knowledge if I bring him 4 fox tails.
87b29b5a83	Great, I have that armour with me: Leggings of Shadows.
87c0898d03	Enchant this sabre.
87c6520168	[BLUE](The baron is dead again, and suddenly black smoke appears not far from him)[]
87d927c272	Keep up with us, our new friend!
87d958a8ef	All right, hand it over and you may go.
87e381ad1b	Well yes, you're here because of your big tits, your butt and what's between your legs! But if we'd known you were a merchant's daughter, we'd have demanded a ransom from him long ago!
87e81ae4d7	Why did these guards arrest you?
8800491511	[BLUE](you found yourself in a dimly lit hall with a chair in which sat a pale-skinned middle-aged woman; beside her stood an equally pale young woman in scanty clothing. You recognised her as the second witch you and Peter ran into at the mine entrance, and she spoke first)[] He didn't come alone? Hm, Rosalia, isn't that the hero you couldn't handle and had to run from?
8801dbd2f7	Touch me and you'll answer to your friends in the sewers. I have an agreement with them in case any of their lot decides to go against me.
8801fef7d4	What's the secret of the king's immortality? I've heard some rumours, and in Istril you talked about some sacrifices.
88050ca2aa	Yes! I'm Evelina Lightwind, junior member of the magic council. I hoped I could find a way to solve the problem of the invaders here, but I overestimated my strength and abilities a little.
88275cd522	They're not very trusting. They constantly suspect each other of all kinds of dirty tricks, planting spies and sabotage, so it's very hard to approach them, especially if they don't know you.
882ae181d3	What?! Hey, what hostage?! And why me?!
882d0971fa	Magister Mundric agreed to give me the key stone from the Temple of Knowledge if I bring him 5 red dragonkin scales.
8831943915	Stop whining already! You blew your chance to settle things properly with Umrak. Now it'll be the hard way.
883337738f	[BLUE](a distinguished-looking elderly wizard)[] Greetings again, Sansa. I see you haven't come back alone but with Grateroll. He doesn't look too well.
8834e3773b	You could have just asked, and I'm sure Kai wouldn't have minded you joining the holiday!
88416ed225	[BLUE](An elderly wizard studying you with interest)[] Oh, young adventurers, you're back! So, were you lucky enough to find the Temple of Knowledge, or did failure befall you, as it did so many before you?
8842a1e66d	Wuuauu bwuuuuea mrooooau! Uaurrr rwaaaae fruauee rrrrwuuaaaa.
884344d06e	Dorothy from the settlement in the Royal Forest said the zombie clergymen should be looked for near the old royal castle to the north.
884f72c016	And what's the thing he managed to bring back from there?
8853df0cd7	Yes, I'm ready!
8869b6c3d3	For everyone.
886da9f48b	Exactly, the curse is gone.
88936f397e	Lady Philippa told me the bandits have arranged talks with her on the outskirts of New Garand; I must help deal with the bandits who come to the meeting.
889ac03827	A mage from the settlement at the Mouth of Despair agreed to obtain an ancient book, kept in the Sky Knights' fortress on the Hidden Plateau, for an unknown client from New Garand. I agreed to help him.
88a0272580	As I understand it, you and the other girls will be rehearsing in New Garand soon. Your stalker should be there too, in theory. We'll set a trap for him. He'll surely go for your panties, which you'll leave in the right spot, and catching the creep off guard, we won't let him get away!
88ad20a7a7	My work on this armour will cost you 180 coins, and I'll also need a bear pelt.
88b637c43f	One of the sergeants in the city said Evelina is somewhere on the outskirts of Istril; perhaps I can find out from someone there where she is.
88bd63fe6e	Meow-meow-meow.
88c1edaf24	I need to leave the Whitetoad mansion.
88c907786f	[BLUE](Despite mortal wounds, the vampire keeps trying to fight)[]
88cc3d324f	Without a doubt. Making a new totem takes a great deal of time and effort, so we must work out how to guard the one we already have.
88d01b7a12	[BLUE](studying the diary, you realise the dead man was a mage, but there is nothing interesting in it, just ordinary everyday routine; towards the end, though, he wrote about a job that would make him rich)[]
88d0ce1b1d	[BLUE](the stranger was about to slip away, but changed his mind, realising he'd been spotted)[]
88dae494b0	I can go there myself and check that everything's fine with our cargo.
88e7851a2a	All right, let's try.
88ee7b4224	[BLUE](A stone monolith with a picture of the sun)[]
88fe2d7cd1	We're here. My lookout reports that our targets have already arrived on the island. We won't be able to approach them unnoticed by sea. But I've been on that island before, when no one was there, and left a teleportation stone. Thanks to it we'll reach the island unseen.
88ff4662ef	I met Dominic, who is out to avenge a murdered friend; I refused to help him.
89025cc92b	Mika, I've made arrangements with the Varannari huntress, but we need something to track your stalker with.
8904223787	Activate it.
89197b43b7	I found and beat up one of the Bridge's friends, two more to go.
89218b2549	I've reached the right cave; now I need to find the ancient goblin somewhere in it to make sure the Dragonlord's Circlet is genuine.
892496c4c6	I'm just a hireling. I was paid only part for the job, for coming here to the meeting, and I'll get the rest when I pick up and deliver what was agreed in the message.
8929f183be	[BLUE](A very big, powerfully built man. From the many scars on his body it's clear he has been in bloody scrapes more than once)[] Looks like everyone's here!
892b4adbda	I see, good luck to you.
892c5cc8fc	Sorry, but I don't want to get involved with necromancers.
892f7afc1e	Thank you. You can find me in Istril to pass on the settlement head's reply and collect your reward.
8935893cea	Hello.
894ed59b56	[BLUE](Sneak up closer to the troll and use the knife)[]
8957143474	Sorry for the trouble, magister. I thought I could handle the first part of our plan myself.
895c41bd79	[BLUE](An unremarkable room where Nail's gang seems to sleep. Looking around, you notice stacks of empty crates in the corner. Moving them aside, you find a hiding place in the floor holding a big sack full of jewels)[]
89675cf95a	A being from other worlds told me about an ancient troll who has eggs imbued with strong magic, enough to break the seal. Perhaps a mage Neville knows who lives in Solliga can give details about this troll.
896f668e02	[BLUE](The tile becomes whole and the mechanism starts working)[]
898faeb1a2	Borkmuk? I know him, and... oh, how could I forget that part of the story?! A symbol of the dragon people's shame, made from the remains of the Dragon Lord's Crown. Ugh, I'll have to think up some other great deed. [BLUE](Glancing at the fake almost sadly, the dragon flies off, leaving you alone)[]
8991bf17ff	I'll be glad of your help. We'll meet there.
8995cea536	Read something else.
8995f4d469	I heard that in Ilmara, far to the north, there's a settlement where the Varannari get along peacefully with the locals. Maybe those green-skins will be more accommodating.
899f4ae7aa	[BLUE](You notice the torn bodies of people. These must be the woodcutters Jeanne told you about. The poor fellows were attacked by wild beasts. Perhaps you should hurry before they return. One of the dead men's axe will clearly be useful for cutting down a tree)[]
89ad283266	We need to find this bastard as soon as possible and take back all the pictures of me he has before he sends them out! First we'll meet the blackmailer's go-between, who according to the message will be waiting for me in New Anthur; we can get something out of him.
89aed25adf	We'll see about that.
89d1605a15	I must deal with the vampiress.
89d666371b	Here's the sword that belonged to him.
89deeb32c2	Nor have you, governor. I noticed your nephew has been promoted.
89df111cc8	Not far from where I found Kriop's body, bandits lay in ambush for me; most likely they are to blame for the hunter's death.
89e236113c	My work on this armour will cost you 350 coins, and I'll also need two snow leopard pelts and two polar bear pelts.
89e532c47d	They don't have many guards, two or three at most, and they themselves look weak. You shouldn't have much trouble. When you're done, we'll meet in New Anthur.
8a009dc676	[BLUE](Side with the mage Balthasar)[]
8a155d70dd	Another group of brigands attacked me; I must deal with them.
8a189af677	I need to get to the Whitetoad vault in the cellar.
8a1daaabeb	He is known as the Chief Philosopher of all the kingdoms, a former elite legionnaire. He has a younger brother whom you killed or badly maimed in one of your earlier scuffles, and now the Philosopher is taking revenge on you for him.
8a287e4803	Well, try to surprise me.
8a300a3eaa	[BLUE](A serious-looking young woman)[] You're back, and I hope with good news.
8a4adb7fc8	[BLUE](A young sorceress who stands out for her large bust)[] So, how are you doing with the dragons?
8a513e90ff	I didn't mean anything like that! I really do need to enchant this thing.
8a5dea5714	Oh, are you serious, William? Such a noble, upstanding aristocrat of the royal court, and you have ties to some band of cutthroats?
8a60fe8955	Can you enchant this greatsword, Dragon Slayer?
8a6aac7e50	Go away!
8a712e946a	[BLUE](Free the girl)[]
8a79192746	[BLUE](You spend some time studying the text. It tells of an invincible hero whose arrogance brought a terrible curse upon him, and now even after death he finds no rest)[]
8a8ee89bbb	Ha! He needs my influence in New Garand. I'm useful, unlike you! He can make himself as many new whores like you as he likes!
8aa8069a62	Shall I help you get back to Icemist?
8aace2b2fe	You know, you don't have to obey your sister. You're a grown woman! Let's go see this forester together. I'll surely need help finding the prince.
8ab2752fe4	([BLUE]One last blow and the beast falls. You catch your breath after the fight, when suddenly you notice the carcass on the ground starting to move. It seems the fight isn't over! But then you see the bear shed its hide, turning into a big man![])
8ac3dbb5f6	And never mind that I already have my own job here? I can't rush off to Hugh at his first whim; I've spent too much time worming my way into the locals' trust.
8ac4833e7e	Good. Good luck, and be careful, the depths of the forest are full of beasts.
8acaabe713	Let's chat later, all right? Otherwise we'll be late for the meeting with those freaks, and Agnes will kill them all.
8ad3d33505	No, I'm not going to fight you.
8adc755c65	Well, the Whitetoads live in New Garand, and I have friends in that city who'll help us get that relic somehow. And I know a mage who might be able to tell us at least something about the troll and the other artifacts. He lives in Solliga.
8ae304c0e5	Right, let's not delay. We'll deal with these cultists quickly and leave the city before there's a fuss.
8aef54c2e6	Understood, Your Highness. I will inform the royal guard of his presence.
8b03395b33	Oh, just our woman-hating haters. They wanted to wreck the preparations for my championship, but it didn't work, so now they've shown up here to cause us trouble. Will you help me see them out?
8b034e85c4	And what do the clergy want from us?
8b054cd61a	I have a strong mana potion, let's do something special.
8b0a010f98	I'll gather the people we need. We'll meet these pirates west of the Dragon's Nest at the river mouth.
8b10a1ee74	Thank you. Word has reached me that a druid has appeared somewhere near the Zamohr Mountains. He has an amulet with which he can control wild beasts. It would be interesting to study that magic, so could you find this druid and bring me his amulet?
8b3859e397	Actually, yes!
8b46f02d36	All right, I'll find Tsia, and bring back your artifact while I'm at it, guard.
8b48c4ff33	Yes, I do. This ring was passed down from generation to generation; Dobros gave it to me at our betrothal.
8b4a116cb0	Hey, what's with you, guys?! What coins? I'm just a poor tramp, I haven't got a broken copper in my pocket!
8b67582b3c	Good. My friend will help you get to the bottom of it. I'll be waiting for news from you!
8b6f296bd0	Sorry, I don't have time for that.
8b71ad1012	You've already taken the sword that was kept under the glass display case.
8b78df2ab0	He asked me to bring your special spellbook and nothing more.
8b80e0b65c	Muaua. Wuuarrr uuuuaua wuuuuea bwuuuau mooooaa.
8b9afb7a66	Not yet.
8ba3f4190f	Yes, I'll find one. [BLUE](She searches her table and comes back with a sheet and a quill)[]
8ba4eb9605	Great, I have that armour with me: a Reforged Legion Breastplate.
8bb9ea0533	You're still here? Looks like dreams of being my bedroom servant won't leave your head?
8bc2f69cbd	Hey, who's this oaf and what's he doing here?
8bd0a85940	[BLUE](the strange woman is defeated. You're about to check whether she's dead when suddenly, with the last of her strength, she lunges at you and sinks her teeth into your neck; with difficulty you manage to tear her off and finish her)[]
8bea3bbf0b	[BLUE](you notice the richly dressed man who gave you work in the port of Istril, and beside him the same short, fragile-looking woman you saw in the Sol-Laqueul governor's office, Princess Bernadette)[] You are dismissed, gatekeeper. [BLUE](the man bowed and hurried away, and the woman turned her attention to you)[] Ah, our hero, famed throughout the kingdom for his deeds. I am Princess Bernadette, second daughter of King Kalion the First, Keeper of the Kingdom. I'm glad to see you in my city. I see you've arrived without Havis.
8bf029f11e	Understood, we'll try to put our team together.
8bfa6e775a	Sansa agreed to join the crew if I deal with her ex, who is in her house.
8c07ed7703	You'll have to donate three small diamonds and [BLUE](150 to 250 coins)[] to bless daggers and swords, [BLUE](200 coins each)[] for hammers and axes, and [BLUE](over 300 coins)[] for heavy weapons. If you have a suitable weapon and the required donation with you, you can have the weapon blessed right now.
8c0eb98291	I've collected a lot of substrate.
8c1ee51874	I doubt our Lady will agree to that...
8c201805bf	Here is a small donation. Please, heal me. [BLUE](Pay 25 gold coins, heal 25 HP)[]
8c36adef2e	As do I.
8c36d80aee	Oh, come on?! You're turning me down and rejecting the offer to join my best and most amazing troupe?! That's a really dumb decision of yours! Get lost! But if you change your mind, you can find me here again!
8c4093f9cf	Captain Greedy set up an ambush for me, but I killed the scoundrel; perhaps I can find a stash in the sewers where he left my reward.
8c427625b8	Yes, they're members of the islanders' gang, who recently settled here. The freaks tried to put a spoke in my wheels before, but they never went this far. Now harsh punishment will befall them for all their evil deeds!
8c437607f0	"The entrance to what looks like an abandoned house."
8c446c9192	Of course, take it. I've long wanted to get rid of the ring; it's a reminder of unhappy days.
8c46fd774f	The princess and I also managed to find out how the orcs and minotaurs got into your lands, and to solve the problem. [BLUE](and you tell them everything you learned about the portal and how you deactivated it)[]
8c4a486101	I'm just passing through. I need to get to the other bank.
8c5e9e14f4	[BLUE](The chief cultist is performing some magic rite)[] I offer this sacrifice to the black heart! I conjure the raging flame! I call upon the hellish abyss! Appear, servant of Satan! [BLUE](He begins to shout something in an unknown language, and the others standing by the drawn circle take up his words)[]
8c6c058b38	Are you mad?! It's much easier for me to feed you to a dragon and take your stone!
8c6d246193	My work on this armour will cost you 300 coins, and I'll also need a snow leopard pelt.
8c711031a5	I must deal with the Archon to get into the room where Dariel is being held.
8c7bcaa036	I took the goods stolen by Nail's gang for myself, but I became an enemy of the Freeport legionnaires.
8c87001ec5	Cleaned a river you crapped in yourselves?! A dubious feat!
8c8fd3be3a	All right, I hope they won't get under my feet. Our first stop is in North Inori, not far from New Garand. They don't let just anyone in there, but not in my case.
8cb4250342	The mountain range that separates the northern part of the kingdom is riddled with mines, many from imperial times, and all abandoned now. Since long ago there have been legends of an evil sleeping in those hills, and supposedly the Curse is that very evil, woken by the diggers.
8cb52e59c2	Great, I have that armour with me: Armor Heavenly Knights.
8cc10d4d11	Of course, don't worry, everything will be fine, I promise you.
8cc9e3aed9	I don't need gold, but if you can beat me in a fight, I'm ready to serve you.
8ce43a1527	[BLUE](The vampire turns into white smoke, but then returns to its true form and attacks you again)[] It's all useless, mortals! Your weapons can't kill me!
8cf05470f6	Glad to see you, my friend. Accept this reward for your loyalty and the work you've done for us.
8d101ade37	Hello, passer-by! If you're interested, my pets are ready to keep you company and protect you on any hard road. I'm willing to let them go with you for a small fee. Choose one if you need a protector.
8d3298176c	I think I do walk normally, what's wrong?
8d32d9bf77	Oh, the first new face in the several days I've spent in these backwoods! I'm very glad of this meeting, because I need help, and none of the locals has a heroic streak.
8d3f8efe07	([BLUE]A knight in unusual armour, surrounded by a crowd of goblins, fighting them furiously, but there are too many of them. Perhaps you should help this knight beat the vile creatures[])
8d46bb3546	Unfortunately that's not possible right now. The gate guards reported that the princess has left the royal castle and is now somewhere in the city or on the outskirts; exactly where is unknown. Oh, I hope that's so, and she doesn't come up with some new foolishness to head off somewhere far from the city again. I'll probably have to assign people to look after her and put a stop to her silly schemes.
8d5909aeb9	[BLUE](The barrier vanishes. The way is open)[]
8d5a50352f	[BLUE](a frowning man in armour, no longer young)[] I hope you're lucky in finding the missing sorceress and solving the invader problem.
8d5e1e50cd	[BLUE](the large man in dark heavy armour moved towards the table, drawing a huge two-handed sword from its sheath as he went; seeing him approach, Captain Greedy begged)[] No! Your Highness! Please, have mercy! No!
8d71291f6b	Then let's not linger here. Let's be on our way.
8d7759cabb	The finest potion-maker of Bespontomia with his finest wares!
8d7ba69e80	Let's see what happens if I touch it...
8d80f63be1	Yes, does someone live there?
8d880907a3	Adaon has disappeared somewhere; perhaps I can find him somewhere in New Garand.
8d880c4b41	Something tells me it wouldn't be very wise to set free such a powerful being that came to us from other worlds.
8d917144e2	What an unusual weapon! To lay the charms effectively I'll need other ingredients, namely eighteen large sapphires, rubies or emeralds for the charms of one of the elements. And because the work is difficult it'll cost more: [BLUE](3900 coins)[].
8d973a3ab8	And who are you, actually?
8d9f8a5fe6	Nothing of the sort! I'm big enough!.. And anyway, that has nothing to do with it. I just need to enchant this thing.
8da7498098	A real bear attacked me! I must defeat it, or it will finish me off!
8da90b9d33	All right, then we wait. [BLUE](for a while nothing happened; only the wind carried the moans of the walking dead from afar. Then a bluish glow appeared at the gates and turned into a cloud of smoke, from which stepped a young, pale-skinned woman in scanty clothing. You recognised her almost at once as the witch you and Peter ran into in the mine)[]
8dbc7b7fdb	It was very unusual and kind of unnatural, but I'll probably get used to it.
8dd4815c8d	The bridge won't let me across to the other bank!
8dd8cd90d8	Let's skip the chatter. We need to get to Vince as fast as possible.
8de03398ea	Thank you. I'm thinking up a way to improve our knights' armour, and I heard red dragonids live in the mountains. Perhaps their scales would be useful for this idea. Could you bring about five of these creatures' scales?
8de267ac45	Mikaela agreed to the proposed plan to catch the stalker; I must return to New Garand to tell Percival.
8dec551fc1	Oh no, eggs upset my tummy!
8def5ee69f	I need to get to the place of the meeting with Magister Windchaser, on the pier in Solliga.
8df433659a	If you need a new collar, bring me any of these: 15 pouches of poison, 8 vials of spider venom, 4 vials of scorpion venom, 6 mamba fangs, 4 coral snake fangs.
8df83f1cbf	[BLUE](A very strange-looking creature with a human face)[] Ha-ha-ha!
8df99d66b0	Unlikely. After the catastrophe the colonists' descendants took away most of the equipment and inventory. But I will give you a key card; perhaps you will find something suitable for you.
8e05967715	In a street fight the street always wins! Now that bastard won't cause us any more trouble.
8e0bf6f713	Let's smash this runt, repeat the ritual and summon a proper demon!
8e12ee7cdc	We'll try.
8e1533aaf3	[BLUE](The village elder is clearly not happy to see you)[] Hey, whoever you are, uninvited guests aren't welcome in our settlement, so go on your way and don't bother us!
8e1c6b3263	Something More
8e21200186	All right, we'll do it.
8e254b69a6	Glad to help.
8e2cd8bf55	Actually I've never been in prison, thank the Three! My eye was knocked out by a wild cat. An actual cat, a huge beast, not what you were thinking. Anyway, I make souvenirs from sabretooth eyes and people snap them up, but I'm not the age anymore to go hunting myself. So if you get hold of sabretooth eyes, I'm ready to buy them from you for good money.
8e3514f81a	[BLUE](You try to wriggle out of it, but the sack of jewels is immediately torn from your hands)[]
8e3830b4fb	[BLUE]("...did I tell those idiots to clear the snow off the roof, or not? What are they so afraid of up there, I don't understand? And where did I leave the spare key, I don't remember. In the secret room, maybe?..")[]
8e50d11586	Great, I have that armour with me: Myrosian Leggings.
8e5a0629e9	[BLUE](You come to in an unknown place, by a strange structure surrounded by walls and ditches. The sky or ceiling above you is pitch black. Of your fellow travellers only the princess remains with you, who for some reason is naked again, but she still has her staff)[]
8e5c31d0ab	Welcome to my refuge, my friend. Behave yourself here, or I'll have to punish you.
8e721f2991	I need to find a man. He's stalking a friend of mine, the founder of a famous music troupe from Varsilia. He constantly watches her and steals her panties. She wants to be rid of him and get the stolen things back. This type is very hard to catch. He keeps escaping and vanishing.
8e9496332f	Great, I have that armour with me: a Lightweight Thuramiam Breastplate.
8ea2df6c55	Yes, that's how it'll be. Layla can't stop rejoicing over her workshop. Besides these inventions, she's also making heaps of merch for our troupe! And Violetta is trying to arrange tours for us in the other kingdoms! A collaboration with a troupe of hot Varannari witch dancers from Mercia is already being discussed.
8eb71f916a	Too late, holy one. I've already given all those peasants to the vampires to eat. There are more of them day by day, and they need a lot of food! But it doesn't matter, you've tired me already. Hey, you, vampire woman, Alaric said he wouldn't let outsiders come here and throw their weight around again!
8eb98df8e4	We need to return to New Garand and report what happened here... [BLUE](from somewhere on the mountaintop you hear someone scream)[]
8ecb3bdf79	Here's the dragon heart you asked for.
8ecefdc14c	All right, clear off and never come back here!
8ed37ece27	Sadly, your comrades couldn't be saved. I can at least lead you out of here.
8eea0a857d	[BLUE](The master weaponsmith is clearly glad you've come)[] Greetings, traveller. If you need an excellent weapon, you're lucky to have dropped into my forge!
8eea117f4c	Sorry, but you're a bit old for me, and far from my type.
8eea44c0e6	An old lever turned to the right. Stuck that way.
8eeba85d9d	Oh, right. The governor ordered that you be given this armour as a reward, and this payment from him personally as well.
8f025ae9e9	Hermes suddenly turned into an uncontrollable monster! If he isn't stopped, the villagers may be hurt or even killed.
8f043af36d	We'll try, Mika.
8f0fac7191	What? What do you mean?
8f165e7579	Everyone walks on the ground. You're the first one I've seen who can walk on air!
8f1cc58fc9	A pity it all ended like this, but we did everything we could. Let's take the diadem and get out of here!
8f1fb351dd	Perhaps some fine, wonderful armour would be to your liking?
8f207e1a5d	Thanks for the advice, good luck to you.
8f217a3482	If you've seen something like this before, it won't be hard for you to remove this barrier?
8f2ad70e6d	[BLUE](a distinguished-looking elderly wizard)[] Greetings, Sansa. Your message was a little confused; you mentioned a conspiracy and this wizard who doesn't look too well.
8f2b08ec84	Don't get bored. Maybe we'll meet again, perhaps even in hell.
8f2e493c01	I need to find the Magister; perhaps he can help deal with Mikaela's problem. The search for him should probably start in Icemist.
8f45b9b3a1	I need to return to the governor, report that the evil mage has been eliminated and hand over his spellbook.
8f4b8daee8	I've brought the four priest skulls, as I promised.
8f57ab2dc6	Woof, woof, woof-woof?
8f587977bc	[BLUE](A fairly young-looking wizard looks at you condescendingly)[] At last that scoundrel is dead. Thank you for helping me.
8f690173ef	Hi, how about some fun with me in the bedroom upstairs?
8f7ac8c914	Excellent. Here's your share, partner!
8f88bc6816	All right, and who are you anyway?
8f925dc3b4	You can't hide from me!
8fa2cfe7fb	In the old days this was a large settlement, the main supplier of food and all the necessary resources for the Old Royal Castle. Now the castle is abandoned, and without its garrison the area has become dangerous, so most of the people moved to quieter places; only the few with nowhere else to go remain here.
8fb154dc4f	People are disappearing around Rigordion, and there are rumours of a werewolf settlement. The priestess Anabel asked me to help find out if this is true; I agreed to help her, but first I need to collect her silver sword from the weaponsmith Hilt.
8fb6878c73	I was glad to fight this monster with you.
8fb7bdc713	([BLUE]A knight in unusual armour, surrounded by a crowd of goblins, fighting them furiously[]) Hey, buddy, I could use your help!
8fbd22f75f	I must talk to the bandit boss about helping him.
8fc59933de	I must deal with the third vampiress.
8fc5eb22e9	Here's what I want to tell you: remember, just one mistake and you've made a mistake.
8ff5e6e899	Isn't that a bit much for you? Maybe it'd be easier for me to solve this problem your way?
900ee36408	So you do not know who I am? Well, it seems far more ages have passed outside the walls of my abode than I thought, if the world has forgotten me. But you need not be afraid. I do not intend to harm you. For a very long time there has been no one here to talk to.
9013706835	Lilia, is everything ready? [BLUE](the princess asked the pale woman)[]
90176b077f	You still look rather weak, and you're not worthy of serving my teacher! Gain some strength and experience, then come back [BLUE](you need to be at least level 15)[]
90371b3065	There is another reason you are here. Few in the kingdom know that I have the gift of prophecy, and recently I had visions of you and my son Alarion having a great influence on the fate of the kingdom. You know my son, don't you?
9037cfef7b	Touch it.
903a830189	Well, any progress?
9043e611ec	This place is clearly cursed; its walls are steeped in evil!
904f536b48	And what do you know about this stalker?
906349de1d	In the forests of Dreamsnow Valley, on the snowy plateau, I found these human remains. Perhaps they belong to Prince Vardie.
9065e98de5	Well, I'll be glad of your company!
906dc1bf4a	Then I'll stay here with Layla for now while you deal with the problem with the Seventh House.
9073c2a0bd	Did anyone else in the city manage to escape?
90747e1b26	All right, before it's too late, I'll send a message to a magister I know who is close enough to the queen. I hope he can resolve this misunderstanding! I'll arrange to meet him in New Garand.
9078ec0c2f	Yep, I had to, but at a higher rate and a tighter deadline, and again I was unlucky: the city guards mistook me for some thief, and I had to buy my way out so as not to end up in jail. Going to Umrak a third time was stupid, but I had nowhere else to turn.
907b5654c0	[BLUE](This man is equipped like a hunter)[] Hi, friend, how's it going?
907e2130d5	Because you screw up too often, that's why. Don't struggle and do as I say, or you'll deal with the boss himself, one on one.
90807660ec	How much experience do you need?
908d4dde63	That's it, enough chatter, time to finish him. Let's take the little rat somewhere quiet so his screams don't draw anyone.
9091f6c42b	Nonsense. Hey, Hicks, check whether this freak really is in our records?
9097ef8022	I found three fragments of the magic map.
90a7eb7ca5	This weapon will be even deadlier than it already was!
90a811cffe	Do you know where exactly the creature that stole the fir tree and the presents was seen?
90aac21dfc	Magister Mundric agreed to give me the key stone from the Temple of Knowledge if I bring him an ursan's head.
90b5e4b5a0	Dom, the guards are here!
90e36befd2	It's personal, but I won't turn down help. If I can't manage it myself, someone has to finish the job.
90f0d0f0c3	The Flame Pits.
90f5e6d207	It's unaesthetic and immoral to do that right here, not to mention hygiene, and besides, who knows what diseases she might have picked up over two hundred years.
90f905d38c	Not the best place to live.
90fea1d043	Thanks for understanding!
91030731eb	Witch Coven Forest.
910d333ee9	Exactly. Anyway, Durant has put together a serious crew; it'll be hard to deal with all of them.
91122e316e	Well, I ended up here because of some sorcerer too.
911766bc3d	I'll need any help I can get! For now I don't know the cause of these strange events or who's behind them, but I have some leads. I need to check something. We'll meet later in Kingsbridge. If I'm not there, look for my apprentice!
911836b134	[BLUE](Alarion stood not far from the gates of the abandoned castle)[] Thanks for coming; it's not very pleasant being here alone, especially after drinking. Lukan probably told you about this place?
9119777538	The Unstoppable Stalker
912fcfc494	At the Seventh House I learned who the thief was and where he lived; perhaps it will help me somehow.
9135c5b7a2	[BLUE](One look into the sack is enough for the legionnaire to understand everything)[] Curse it! You're one of the thieves! Soldiers, arrest him!
913e5c363b	I ran into a gang of brigands in Lannegar; I need to deal with them and take their leader prisoner.
9158295166	Attack all enemies on sight.
91675a7c97	[BLUE](a squad of soldiers in heavy armour surrounded you; one of them shouted)[] Surrender! You are surrounded and in our archers' sights! Throw your weapons on the ground!
91774adab8	I have a heavy weapon like that for reforging.
917e2e2ae2	"A mountain lift you can use to go up or down the heights. It seems to be in working order."
918807a8e7	I can't believe it, but we survived! Glad you were with us, hero. We'll continue on our own from here. I hope there'll be no new trouble. Here, take the agreed payment and a little bonus on top. Maybe we'll work together again, but let's not guess where and when for now.
919dcb4840	He's got some problems, and maybe you can help.
91b62e2c9a	[BLUE](No sooner have you lain down and relaxed than claws dig into you, wounding you badly. Leaping to your feet and grabbing your weapon, you see the girls, growling like beasts, tearing off their flesh like clothing, revealing their true form, and throwing themselves at you)[]
91b6877730	Is that so?! And how will you stop me?
91b87f9e90	I assure you, everything will be different now. The boss will keep a tighter watch on the lads' behaviour.
91c03a0bec	We'll gladly stay!
91d4f0b2fa	Incredible! Thank you so much!
91dd162d41	The disguise charms are ready, for the whole team going into the vault, and for the coachman too, and even for his horses and cart. The charms will work steadily for about an hour. Nobody will suspect a thing, and none of us will be recognised. I'm ready to use them as soon as we move out.
91debec976	I need time to think over your proposal.
91e58d7877	Without his little eggs. Hi, Elizar, well, did you manage to dig up anything about the artifacts we need?
91e8b5d973	You're obviously right, but first I have to settle things with you and your friend. I'm grateful for your help, especially for helping me deal with the traitor and his lackeys here, and here's the reward, as I promised. I've also decided to give you a share in my business. See the Bookkeeper to collect your cut.
91f3120864	Certainly, but one of the seals has already been damaged by the force of time. Besides, I have sometimes managed to speak with the spirits of this world, and I can tell you where to look for the artifacts you need. Now, to sum up: if you help me free myself, you will receive the worthiest reward I can grant you. If not, I am ready to go on waiting for braver heroes. My time, unlike yours, mortals, has no limits.
9200d6ec32	Don't worry, Sansa, we'll manage.
92038ac09d	[BLUE](The house is in complete disarray, but your attention is caught first of all by the body lying here, clearly fresh, since the blood hasn't dried yet)[]
92042a1950	Dominic agreed to join the crew if I return the horse stolen from him; the thief may be in Kingsbridge.
920bb68037	Fine, I hope that's true. So why did you need me?
9214231956	Good. This is Magister Kaspar; he is the one who will activate the ancient seal. Give it to him so the magister can study it.
921b2b169c	Hey, I killed you!
9222fa2d43	All right, much as I dislike it, it's better than selling myself. I'll arrange a meeting with this gang in the rented house at night, where you'll finish them off, and then we'll quickly get out of here to the lady's refuge.
92248e00b1	Nice to meet you.
923041a93a	The swindling sorcerer turned out to be the mage Albeno, whom I had crossed paths with before; I agreed with him that he'll leave the Ironstone family alone if I give him 30 thousand.
9233a099b8	One way or another, the real Hermes is still in captivity and must be rescued.
92371b3ead	And what about these fellows' guards?
9239e747c3	That was rather low of you. But you can stay in this settlement if you have nowhere to go.
923c4c34d2	Damn it, how did you survive?
9246f84036	Good to see you too. So what happened here, and maybe I can help somehow?
924e0953db	The Magister? I thought you'd settled everything peacefully. Why are you seeking a meeting with him?
9263c944e2	I don't care what you get up to here. I'm looking for Adaon, do you know where he might be?
9269940e3f	I have Deepfrost cognac, go ahead!
927c6e7a6f	Don't give a damn! You're not faggots, are you?! If not, then forward, follow me, and we'll win!
92815bb3f9	All right, take it, since it belongs to your family.
92843e04f2	[BLUE](An elderly wizard studying you with interest)[] Well, how's my request coming along?
92859ab2a7	Here's the warg skull you asked for.
92864a5465	The lock is open, and you take the sword kept under the glass display case.
929741f4dc	Good luck to you. I'll continue on my way. There are many more places in our lands that need cleansing of undead.
92ba08872e	Bless this club of horror.
92bf8d7c8d	I have acquaintances in the Golden Hand. I'll try to find out something about this ancient sword.
92ca466be5	Bless this Bluesteel Shortsword.
92d81f9503	Well, thanks to my device and the substrate taken from the outsider, we'll be able to find other mighty outsiders and get even more substrate from them, enough to close the rift in space! So, hero, you face a hard task: to defeat all these strong creatures. Are you ready for it?
92da0e6fdb	All right, enough. Why did you even drag him here, Isabelle? Alaric told us not to draw attention to ourselves!
92e13f42ca	What an unusual weapon! To lay the charms effectively I'll need other ingredients, namely six large sapphires, rubies or emeralds for the charms of one of the elements. And because the work is difficult it'll cost more: [BLUE](700 coins)[].
92f373d9aa	Captain Greedy asked me to kill the orc warlord for a reward; I agreed to help.
92fe1dfe00	No thanks, I'm not interested.
93030b3bf4	[BLUE](A short, pretty girl with unusually coloured hair)[] Hi-hi, Alice! Long time no see!
930645da28	I found three Tolassian priests of the four needed.
93152032a7	Sorry, guys, but I'm not with you.
93153e6f23	[BLUE](a motionless body reeking of drink)[] Stop this mischief here! Hey, you, calm this hero down!
931683c882	We managed to get into the temple, but sadly nothing has survived there over the long years. Only all kinds of undead have bred there.
931a23aaea	This is exactly where the Wizard's Guild meant to build its enclave. For reasons I don't understand, they were very interested in the mines on the eastern side of the hills. Only the wizards didn't bother about protection, and because of the constant goblin attacks on the workers, the construction was abandoned unfinished, since the whole area was overrun with goblins. After that failure the Guild approached the matter in a more organised way, and they did manage to build their enclave, but in Sagar.
93284cb718	The talks didn't go to plan; I must tell Boss Rickman.
932a5857be	I can easily finish that right now, witch.
934011dfb0	Can you bless this Terrifying Hammer?
9354b8a7e6	Enchant this mace.
935728a38f	The spell of destruction is ready. Go and use this artifact on one of the seals to activate it.
935be6886d	"This is the entrance to the house whose address Nail gave you."
93664ec647	Damn, how convenient!
937f62b11c	We must go there and try to save them!
9387db27bc	Well, there's one more. A wizard who wrote works on the subject, but they didn't impress anyone in the city. He left here too, and settled as a hermit in some cave somewhere in the White Plains.
938c00435c	All right, all right, calm down, no need to get heated! Perhaps I went too far, demanding too much of you! Here, take the stone from the Temple of Knowledge, as we agreed. That's all, I won't bother you any more.
939364e69d	Uh... I'm interested in a way to enlarge a penis with your magic.
939726050c	The talking green dog suggested I find and beat up three of the Bridge's friends so that it lets me through.
939cedd4a5	Hello, I'd like to see Princess Evelina Lightwind. I found the staff the orcs took from her.
939e84b2e6	"This is the entrance to the Whitetoad mansion."
939f344011	Great. At least we managed to get down, one way or another. I wonder where we even are?
93badad28c	Oh, the famous hero, glad to see you.
93bc0672e0	[BLUE](but you could no longer look away; your body seemed paralysed, the madman's eyes stared at you without moving, and you felt as if you were falling into a bottomless well while the world around you grew dark...)[]
93be845a28	Hey, do you know magic?
93c1219195	Yes, but I think it's not a very good idea to break into a house without serious grounds.
93cc82f17f	I must help Kai finish preparing the celebration.
93d3edd5b4	[BLUE](A swarthy man in a hooded tunic)[] Oh, look at that, it's her! You managed to rescue her from the pirates' clutches!
93e521891c	I must meet Grissenda's sister in Nivarian to learn important information about the vampires.
93e7adc2c0	Excellent. Enjoy your last moments on your throne. After you fall by my hand, a new dawn will come for our gang under my leadership! We'll become a real power in the kingdom, one everyone, great and small, will fear and respect!
93ea7f9e41	No knights will help you, because I'm going to kill you right now and take your stone!
93f6c33c22	Adaon has been killed! The wizard Janod is one of the suspects; I must find him in Icemist.
93fd21d8ef	You want to rob your own father?
940561ee72	All right, I'll pass your words on to him.
9409afa44b	But you somehow managed to get your boobs enlarged with their help.
94121900f5	Rrrr.
9413827aac	Right, I'll gather a bigger squad and we'll set off.
9414de9cdb	Greetings. You said you had weapons for sale; I'd like to see what you have.
944438a023	Activate the stones.
9456de688f	Understood.
94666d84f4	Great, I have that armour with me: a Platemail Vest.
947892dcd2	I have an Elixir of Galade!
947bfc1d68	Go on, tell me.
94853bfd3d	That's exactly why we're here; we don't need the rest.
949f5cdd5b	[BLUE] This chest is empty []
94bd628f6d	What rubbish are you feeding us?! Don't get the bit about coins? I'll hammer it into you right now! Remember your debt to Umrak? He went easy on you for a couple of weeks, letting you put off paying, but his patience has run out. He wants his money back, all of it, at once!
94c25e1a7b	[BLUE](These human remains, torn apart by beasts, are no more than a couple of days old. Perhaps they belong to Cryop? You should probably search the area around. Maybe the bow Scarlett mentioned is lying somewhere nearby)[]
94d9735dfe	Executing.
94e59c02f0	What a strange device...
94e615d919	I helped the unknown knight defeat the goblins; now I need to talk to him.
94eceafcbd	Take down these goats!
94f382221f	Good luck in everything. Make yourself at home in our land!
94f3c6f3b5	[BLUE](She tidies herself up as far as possible, with greenery for clothes)[] Well, it seems I was wrong after all about today's men, on certain specific points, which can only please me, though not my backside, which received double proof.
94f9187344	I understand.
9505a66fc0	What a lucky coincidence. Since you know Alarion, he's unlikely to mind my asking you for help.
9505fc308d	Have you by any chance heard anything about zombies that look like clergy?
952391def1	I have a Draught of the Forest Druid!
952e7fe0cd	Leave me alone.
953ed2f710	Wrong guess. Looks like the local wolves will have a feast with a side of dead, stinking thugs.
954ff5f627	When a dragon is deciding whether or not to roast your ass, you don't think much about whether your decision is right!
955e8d25e7	[BLUE](a young, strong-looking warrior is fighting the undead furiously, but there are too many of them)[] Hey, friend, help me fight off these creatures!
956083924c	I'll try harder than any of you!
95629d01ba	[BLUE](an unpleasant-looking type)[] Hey, friend, I'm lost here; can you tell me how to get to the library?
956be5b2a3	I need to talk to the local bandit boss to solve Adaon's problem.
95789894bb	Elle is ready to give me the device if I get ice thistle seeds in Whitetower.
9579afb90d	Go inside.
95886fe4c1	I have. Let's hear what you heard.
958a423e4c	[BLUE](Insert the yellow stone)[]
95965b815a	What exactly can you sew?
95b193c0d1	Agreed. I'll pass everything that was said to the boss. I'm sure he'll agree to the meeting at once and come to New Garand. See you!
95b81cb748	There's no time for that now. The necromancer came back from the city and reported that all our brothers... our kin who went to the city have been killed by someone!
95bb654e71	Of course, what exactly do you want?
95bd6ed0b5	I'm sure the rangers know how to get onto this plateau.
95cdb04356	I won't touch that for anything.
95da6716b4	Yes, of course.
95f18c9c3c	What an unusual weapon! To lay the charms effectively I'll need other ingredients, namely fourteen human skulls and two demonic ones. And because the work is difficult it'll cost more: [BLUE](2100 coins)[].
95f9416763	Enchant this Short Bow.
95fa0586ce	I stopped the poisoning of the Wyverntail river, keeping the people of New Anthur safe!
9621d3cd3f	[BLUE](A legionnaire who isn't much in the mood for talking)[] Hey, what's that big sack you've got? Hand it over for inspection!
962234cb3a	[BLUE](A staircase you can use to get down into the castle courtyard)[]
9635e1c3d9	[BLUE](For a moment everything goes dark before your eyes, and when it clears, you're still in the same place, but the world around you has somehow strangely changed)[]
9635f87494	On the road between New Garand and Kingsbridge I came across a bandit and a girl quarrelling; I decided to stand up for the girl.
963d86208f	This is my first time meeting you on your territory; I'll feel easier with a man I trust beside me.
964ec778ba	A muffled clang echoes through the dungeon.
965ca15a08	Look out!!!
966281ef4e	[BLUE](A young, thievish-looking lad looks you over)[] Are you from Neville?
966af2daa3	Has a hunter named Cryop dropped by, by any chance, or have you heard anything about him?
96706cf9b3	Uh... we're looking for an experienced driver named Dominic...
968d8f8ad3	Show me where these cultists are!
96a1d448d6	[BLUE](suddenly a crowd of bandits blocked the passage)[] Hey! So this is where the rat was hiding, and you didn't believe me that he could be somewhere around here!
96ad09792c	All right, I'll do what you ask.
96b0de84b4	[BLUE](A mangled, twisted creature rushes about the room. Its skin is a revolting yellowish-green, its limbs are of different lengths and thicknesses and bend in unnatural places, and its misshapen head, with a grotesque likeness of a face, makes gurgling sounds)[]
96b3d5eb54	I'm very sorry.
96b6bff775	You're burying me a bit early. My luck hasn't completely left me yet. But I'm glad to see you too, Elizar. I've come to you on business. You still have access to the Icemist book vaults, don't you?
96ba82565d	Most likely I am forbidden to share information with outsiders, but if such directives existed, they were erased when my memory was damaged, and nothing prevents me from answering you. However, the database was also damaged and part of the information was lost, so I will not be able to give you every detail you want.
96bf89a5e9	"The door leading outside. (Don't forget to check that you've taken all your things)"
96c0e9c305	Someone was attacked in the city; I must help them.
96cfc2baa9	Only the work will be in Rigordion.
96df88d42f	If I don't get a holiday, nobody gets a holiday!
96e29b2bf3	I've taken the goods stolen by Nail's gang for myself; I need to somehow get them out of the city or hand them to Praetor Anwar.
96ee1d9fdb	All right, only I've no idea where to look for him. I'll try my luck in Icemist.
96f21d2cb6	I'm sure together we can find the right way.
970273051d	I helped Mikaela deal with her persistent fan.
9704ae3221	Sir Valeran? I thought you were dead.
971ea968b1	See you.
9720d277db	So what do you suggest I do?
972150a2bf	Well, thank you for the help anyway. About Bubba, sorry, but I had to finish him.
9727ee12de	Whitetower has been attacked by unknown mages! I must help deal with them.
9729eadbe9	You'll have to donate three small diamonds and [BLUE](150 to 250 coins)[] to bless daggers and swords, [BLUE](200 coins each)[] for hammers and axes, and [BLUE](over 300 coins)[] for heavy weapons.
974862e526	Take them.
974dfc94af	I intervened in the conflict between the mage and his apprentice, taking the mage's side.
975040017e	What can you teach me?
975970ffed	Thank you, I'm glad to be here.
975dd89699	All right, but what will I use to lure him into the trap?
97619e108e	We managed to find the settlement, but its inhabitants weren't happy to see us and attacked!
97636a3e95	Excellent, brother, the whole family is here! Now all that's left is to kill all the bastards and get my son back.
9768ad740c	Understood. Let's go to our place and discuss there what we'll do next. You, Johnny, stay here for now.
9772db0e23	Looks like getting all four artifacts won't be that easy, but we'll manage, buddy, we'll get our treasure and be unbelievably rich!
97760070ce	There's no need, I'm fine. Let's carry on with the task we were given, and my hero will help us.
9776deb2be	Right! They'll pay for what they did.
97782338c7	I must assemble a crew for the heist; I need to recruit the illusionist Maurice in Friguld.
978792c9ea	[BLUE](a young priest)[] Evil is in the city!
978b04e75e	Listen, what are you poking around here for, I don't get it?! Hey, I'm talking to you!
9794033614	What does she have to do with this? I haven't seen her in about eight years.
979575eb37	The Varannari girl Sylvia reported the return of the witch queen; I must discuss this with Hirge, who has left for Nivarian.
9796287848	[BLUE](Destroy it)[]
979a8970c5	By the power of Arbenos, Thelume and Nivaria, may your wounds be healed!
979dcbc195	I'll take your word for it. I could use a brainy one. You've already brought one brainless thug onto the team, we don't need a second.
97bb1ece09	[BLUE](Some man who for some reason walks backwards)[] Hello!
97bd6176f6	Of course.
97ce43a97e	[BLUE](Walk past, paying no attention)[]
97d42ab5d4	Have you really come to me empty-handed?
97e6be1853	May I ask, Your Highness, what you intend to do with the prisoner I helped bring in?
97e804386a	Ryurger asked me to find out from the rangers at the camp in Dreamsnow Valley where the demon bear's lair might be.
97f2577d75	How much will the enchanting cost?
97f7c07f5e	So that's how it is. [BLUE](the man looked at the message again)[] Then it makes sense. Dorothy, can you send word to Havis?
97faf6fb17	The demon Femipet gave me the charged magic crystal.
97fde91850	So where exactly are we going to look for the treasure?
97fe25fa70	I agreed to help the wizard Balthazar; I must meet him or his apprentice in Kingsbridge.
9812739a72	The Magister agreed to help me; I must meet his messenger in New Garand to learn the result of the search for Mikaela's stalker.
9816771169	I agreed to help the runaway slaves get to Rhöneis.
983014c5a7	Everyone here? Excellent! The time has come to finish the nobodies who wouldn't let us live in peace! I'll screw over every queer hiding in this hole until they're all dead! Let these brutes get what they deserve! No mercy!
9846fcdd9f	As you can see, the guards pay us no attention and the other gangs treat us with respect or leave us be. We don't have much to complain about.
9848d2907c	I'm Bridge's girlfriend, or boyfriend, whatever you like. What do you want?
984e52caf8	Excellent, next question! How many points of charisma do you need for Tremadan's Image to tell the truth?
986a2b64d6	Great, I have that armour with me: Blessed Platemail Leggings.
98747dd4ee	Oh, more food has arrived! Welcome to our domain!
987a4fe47d	Well, see, I wanted to borrow one of your knives for a while, the ones you use for gelding boars.
9897b27e03	Really, none? You damned pauper! Here's a couple of coins so you don't starve to death!
98a07694b1	Enchant this Silver Dagger.
98c67310e8	[BLUE](Step in and help the girl)[]
98d52407c1	Besides that, we could scout the dungeons under that cemetery or the ancient tower to the north-east. Surely we'll find good equipment and supplies there to help us get into the fortress and survive in it while we look for the way out.
98f7cb5ee0	[BLUE](All the stones are already set in the right places)[]
98f9e24d4e	[BLUE](A big heap of all kinds of things, most of them in less than the best condition. You take the decorated fir tree, which has a big sack tied to it, most likely with the presents Kai mentioned. Suddenly you notice that the artifact the sorceress gave you has started glowing again. When you take it in your hands, everything happens as last time, and you're back in Whitetower)[]
98fdaf3a2b	[BLUE](This lady is dressed in a very vulgar outfit and behaves very freely)[]
990573da33	I have small rubies with me.
9906400605	[BLUE](A little boy looks at you with interest)[] You're back! Where did you disappear to? What happened?
9908dab2ef	[BLUE](A huge, dim-looking orc)[] Hey! How much longer are you going to fiddle with that?! You said yourself it'd take a couple of moments!
99111ab9d7	Don't strain yourself too much, Rickman. We don't need a lot of people. Me alone and a couple of capable lads for backup will do. I've been in hundreds of battles, so a greenhorn like this Bubba is barely a mouthful for me. We'll deal with him quickly and easily, and with all the faggots, however many he brings.
99188d88a9	Tonel agreed to help with the celebration, but his stock of drink was stolen by giants, and I need to find them. The looted cache is in the south-west of the Wyvern Mountains; that's where to start searching.
99238a2556	Thank you for sharing this.
992c6d6f9c	I think I'll take these flowers even without your approval.
9931f29dd6	Well then, which character do you meet first, at the very beginning of your journey?
993287c0d5	Don't waste time, go after the sorcerer!
9932dcab8b	How about a smack on the neck? Clear off, pup!
9938e4657d	What?! How do you know we?..
993cbba1af	Bless the sword Righteousness.
993e262cf4	All right, I'll fight you one on one.
993ffcf1d4	I won't let anyone hurt this priest!
994191052a	You're welcome, glad I could help.
994443c663	All right, I'll be careful.
99594ebad8	Oh, how interesting! I know who you mean! They helped me make my boobs bigger. You noticed, right?!?
995c11d74a	What an unusual weapon! To bless it, you'll have to donate twelve small diamonds and [BLUE](1000 coins)[].
99661901a6	The best and strongest moonshine in town, made by me personally, for [BLUE]2 coins[] a shot.
996a826061	Priestess Anabel asked me to pick up her silver sword.
9976526c58	I have a staff.
997a006063	We did what we had to, and although the evil wasn't defeated for good, it has retreated for a time. That means new battles await us, but we'll be ready for them; we'll become stronger and more steadfast!
999611d45a	Maybe he could help us. Where can I find him?
99997e11dc	Are you a fool, or have you forgotten there are other lords down there? They'll call us to account if we screw up, and they're unlikely to be as merciful to us as Alaric was!
99ae101a11	This looks like a teleporter, but it isn't working. Perhaps if we activate it we can leave this place! These obelisks seem to be connected to the portal somehow; with them we can make the teleporter work.
99bc2f9283	Rise, army of the undead!
99bedda55c	As if you've ever hunted yourself?!
99bf42c646	Then what do you want from the kingdom's best vocalist?
99c2ea9875	And what are the Seeing Hills?
99c5cddda2	I got a manticore stinger; I need to give it to Magister Mundric.
99d191964a	([BLUE]You haven't gone far from the fight with the false bear when you see someone appear on the road[])
99e3e8b643	No idea. We didn't kidnap anyone, and anyway, I'm a vegetarian!
99e9956f97	Well, until next time; you'll surely change your mind, my friend.
99ebdc5fe4	Hello!
99eec47d0d	A problem? [BLUE](The dragon stares at you menacingly)[] What problem?
99f003858c	My work on this armour will cost you 150 coins, and I'll also need a wolf pelt.
99f40e1ec1	I'll try, friend.
9a024f5105	[BLUE](the frowning man looked you over)[] Greetings, hero. I've heard of your deeds; thanks to you the outskirts of Istril and the surrounding area have become safe. You deserve my respect for the good deeds done for the benefit of the kingdom's people. And we can do even more to make our lands prosper, if you agree to help me.
9a0402f2eb	Well, in return for their help they'll want a favour from you, but I'm sure you can come to an arrangement.
9a0ce8e2f6	Well, yes, I told you there was one little detail. The poor guy made some magic potion trying to impress me and tested it on himself, but while preparing it he made a serious mistake, which led to this effect.
9a106ed4bc	Let's see if it works.
9a107a4b06	What the devil is this?!
9a30cc05e6	At least I'll die free, not behind bars...
9a46547318	I'll try.
9a4ccc673a	It's easier for me to kill you instead of giants and take your stone!
9a521a84c6	Damn it, the bastard got away!
9a5eca1213	Use the key you found on the orc's body.
9a76954989	And how can I get this information?
9a78f2e9db	I see. It seems I'm not mighty enough for such a mission.
9a8f2c2f64	Hi, you must be Alice? Mikaela sent me to find you. She wants you to...
9a9483875c	I've already made my decision.
9a9b281746	It can't be?! So you're the one running the gang of whores?!
9a9e1342e3	[BLUE](suddenly someone attacked the brigands from behind, apparently a woman and a vaguely familiar man. This is clearly your chance to deal with the bandits while some of them are distracted by another target!)[]
9aa22c1f9a	I managed to get the ancient troll's eggs; now I need to return to the being from other worlds.
9aae999ca1	Don't turn your nose up right away. You'll be begging me to get involved once you find out what it's about.
9ab003af96	[BLUE](This dead man seems friendly)[] Welcome aboard our vessel!
9ab114b090	It's still a bad choice of word!
9abd3cfa87	I hope you really are as good a fighter as Ryurger said, and you'll be of use in this mission, wanderer.
9abe272ea6	Magister Mundric agreed to give me the key stone from the Temple of Knowledge if I bring him a wyvern tail.
9ac41e1718	Great, I have that armour with me: a Lionskin Cuirass.
9ac8187ebc	Welcome to my refuge, our friend. Behave yourself here, or I'll have to punish you.
9acbe647e8	Great, I have that armour with me: a Fireproof Robe of Adept.
9acd1ed57e	What!? So that's how it is: while we're trying to reach an agreement here, you arrange an attempt on our boss behind our backs!?
9ad015fb89	I'm very glad to see you too, Eirenda! How have you settled in here?
9ad16c6626	[BLUE](The spirit hovers above the floor, swaying and paying no attention to you)[]
9ad6f9be4a	Thank you. I'm planning to make myself a new rug. Could you bring me about 6 white wolf pelts?
9adafaa2fe	I don't need your services any more. Thanks for the help, and goodbye.
9af331c042	I arranged a personal meeting with the bandit boss; I must tell Lady Philippa.
9afc75657e	Yes, I came to terms with the fishermen. Some scoundrels had frightened them, but I dealt with them, and the fishermen will keep working for you.
9b016f4275	This is the exit from Lady Rusthatchet's house.
9b10cd96db	Great, I have that armour with me: a Jeweled Breastplate.
9b19f26184	Welcome to Castle Mae'Ran, make yourself at home!
9b262d12d4	This is very sad... All the villagers are dead and turned into servants of the spawn of darkness! The villains must answer for their terrible deeds!
9b2bb40aea	You won't believe it, but I had a double! They killed him instead of me by mistake, but we dealt with the types who were hunting me, so everything's great again!
9b382af5b8	[BLUE](despite this beggar's attempts to distract you with his appearance and chatter, you notice his mischievous hands quietly trying to pinch something from your belongings)[] Get your paws off before I break them for you!
9b386048cc	Not really. He's an arrogant type. He pays no attention to simple people like me.
9b3a312bf3	So you're a sorceress?
9b47d7646e	He wasn't in any particular hurry to organise a search for me. This hero saved me, snatched me from the claws of the invaders flooding our lands; he must receive the highest honours and a substantial reward!
9b552bca80	Sorry, but I won't help you do that.
9b55963611	"An unremarkable hut that serves as a bandit hideout."
9b587cebe9	The boss said she'd send someone to deal with that lousy captain. Looks like that's you.
9b6f64f91c	If you change your mind, you can meet me here, until I've found someone else for the job.
9b7c87d7ed	[BLUE](on a raised platform stood a large stone chair on which sat an elderly, hunched man in dark robes; beside him stood a younger man in rich clothes)[] Kneel before His Majesty King Kalion, first ruler of the lands... [BLUE](the richly dressed man began loudly, but fell silent when the man on the throne raised his hand)[]
9b828577cb	All right, enough. Why did you even drag this person here, Isabelle? Alaric told us not to draw attention to ourselves!
9b8bd94005	So, as far as I know, the musician duo has dropped into Lannegar on tour, after which they'll continue on to New Anthur. They travel by carriage. I'll go to the town. I have acquaintances there who'll arrange an accident for the musicians on the forest road, and Alice and her friend will do the rest of the dirty work.
9b9b3e4190	He mouthed off once too often, the goat. Now let him eat dirt! Thanks for helping, though I'd have handled that jerk myself.
9ba64db933	That idiot who is their boss wanted to hold negotiations with us. Well, we'll leave him a message that will make our intentions clear to him at once. Agnes, you and your squad will meet the envoys and, without further talk, make an example of how we intend to deal with all these scoundrels.
9ba6a303f0	All right, teleport me to [BLUE]Quiet Haven[]! Here's my gold.
9bab5b0a55	The thing is, some monstrous cataclysm happened there, as a result of which the temple sank completely underground, leaving no trace. And in Thuram it isn't customary to share information with anyone about the activities of wizards who once lived.
9baf9b710d	[BLUE](It seems this is another ancient vampire)[] Ah, hundreds of years have passed and as many more will pass, and yet again mortals try to kill the immortals. How boring!
9bb009bee6	Hi! I'm setting off on a dangerous trek into Dreamsnow Valley, and I could use the help of an excellent hunter. Would you like to join me?
9bb2a4c055	I have nothing for you.
9bcb8de8e9	[BLUE](It seems the transformation is complete, and the woman has turned into a wild, enraged beast about to tear you to pieces!)[]
9bd64bd769	Albeno turned out to be a scoundrel: he used me to get the book and left me without a reward.
9bda455e5a	In short, the merchant Grek does business at the south-east pier. Rumour has it he's into smuggling and this sorcerer is in on it with him. Since he hangs around there a lot, go there if you want to find him.
9bddeef0ff	My work on this armour will cost you 350 coins, and I'll also need three snow leopard pelts.
9be0c36384	I need to talk to the brewer Tonel about taking part in the celebration.
9be4710194	I defeated three of the ice women.
9bec0e2cca	I never have enough coin! Give me more gold!
9c158cb04f	This Bubba is gathering people to knock you off the throne, and obviously he doesn't need just any riff-raff. He's recruiting proper lads, and there aren't that many places to find candidates like that...
9c1993e994	[BLUE](When you come to, you realise at once that you're in some unknown place, in some cave)[]
9c19a6cb17	Go out.
9c1f6becfa	That's enough.
9c333b3d29	I'll talk to the captain again. We'll think of something.
9c3dc75879	Mika, I've made arrangements with my detective friend. We have a plan, but you may have to sacrifice another pair of panties.
9c43c70a68	[BLUE](The woman leaves the study, and the governor speaks again)[] Well, you heard it all yourself. Nothing worthwhile will come of it with the prince. I have no wish to see that lady and her cutthroats in my family's house one night. It was good to see you, Havis. You know where the exit is. The captain will show you out.
9c44b529aa	Stay outside.
9c4b3b86bc	That's good, buddy! But there's one more thing. My lady told me in secret that she suffers from a moon curse laid on her, which somehow shows itself once a month, and I promised to lift the curse from her. Help me, buddy. We need to ask wizards you know about this curse and ways to deal with it.
9c61391836	Perhaps, but we can't know for sure without proof. [BLUE](Alarion answered her and turned his gaze to you)[] The hunters who returned to the settlement reported seeing some unknown people in the forest, so I decided to back you up and followed you with Havis. We hurried as fast as we could; a pity we were a little late and couldn't save everyone.
9c6596dc35	Good girl.
9c69c70555	[BLUE](Alarion stood at the tavern entrance and clearly didn't look sober)[] Ah, it's you. So Bernadette spared you; I'm glad you're all right.
9c6c25e0fa	I'm looking for hunters to hire for a job. Are you interested?
9c6cd459c8	[BLUE](A working, strange mechanism with a tile)[]
9c7918ab96	[BLUE](A grim-looking old man)[] Don't expect handouts from me. When the work's done, then we'll talk.
9c94571660	How should I walk?
9c9cd00807	I must defeat the evil ghost guarding someone's human remains.
9c9df6dda7	What does it matter who they're connected to, if nobody sees or finds out what happened to them.
9ca6b9b6aa	With a terrible creak the door opens.
9cb0a4ea41	[BLUE](you see a magic window displaying a text message)[] Access denied! A level 2 access card is required. [BLUE](a small recess below the window lights up)[]
9cb9c8ec29	All right, if you say so. [BLUE](heeding the girl's advice, you decide to smash a mana flask with your weapon. The glass was strong, but you managed to break it; the liquid gushed out, and you stepped well back just in case, then broke the second flask the same way)[]
9cc42d7bdb	You even have to ask why? Look at this guy. She picked him on purpose, since she's got nobody to have fun with.
9ccad61d73	Go inside.
9ccef5255c	Smack her in the face!
9cee1947f9	Shut up, whore. I don't ask what methods you use to get your information, do I?! So don't you meddle with me!
9cf2279b42	Don't forget: it's not the balls that make the man, but the man who makes the balls.
9cfe336fc0	All right, I'll bring it to you.
9d02ddb068	First, a division of territories. The boss is ready to give up most of them, including the richest, in exchange for his lads being left alone and a small percentage of the girls' earnings. Second, the boss wants the Lady not to interfere in his dealings with the Seventh House in any way. And then questions of personal safety.
9d0716ceff	Understood, but I can't stand here forever. If you're gone too long, I'll probably go looking for you.
9d0be840f1	I very much hope and believe you can bring Killian and his comrades back to us!
9d204511a1	[BLUE](At the edge of the woods you notice a man waving his arms to attract attention. Coming closer, you see it's actually a skilfully made scarecrow. Unexpectedly, a huge shadow covering everything around tears you away from examining it, and you see a huge dragon descending from the sky straight at you! It's too late to run, and you grip your weapon tighter, ready for your last battle!)[]
9d288db564	I know a very experienced Varannari huntress. With her skills she can help us deal with your stalker.
9d342fe94c	I helped Princess Evelina Lightwind and Magister Kaledor carry out the task given to them.
9d3a097ad6	Well, looks like we've beaten all these creatures here. All that's left is to search the houses. Surely the pups are hiding there. They must be destroyed too.
9d4b674fad	A couple more mugs stayed on the ship. You said yourself the job was a piece of cake, so I didn't bring an extra crowd.
9d55197831	[BLUE](Alarion stood at the tavern entrance and clearly didn't look sober)[] Ah, it's you. Glad to see you.
9d5bb40156	Thanks to the Magister I found the lair of Mikaela's stalker; now I must deal with him.
9d649b527f	Do you know someone who knows how to get onto this plateau?
9d65ef84ec	Damian's powers have returned; now we need to get into the magic fortress to the south-west, but the knight also suggested exploring the dungeons under the cemetery and the ancient tower to the north-east.
9d743ebc0f	Good luck. I hope you find Adaon's killers and send them after him into the grave.
9d8b6ca43f	Nearly forgot, [BLUE](the man handed you a coin)[] this is a special token. If you ever urgently need to contact me, go to the "Merry Wayfarer" tavern in Istril and show this coin to the innkeeper.
9d8d542c00	And why don't you go there yourself and take the crown?
9d96aa915c	I see. Actually, I know Magister Kaledor. I helped him deal with something.
9d982aa1d7	[BLUE](The table is piled with all sorts of junk, but a notebook in a worn binding catches your eye)[]
9d9e5dff92	Once you were ready, the girl suddenly announced she needed to powder her nose and left the room. Before you could blink, several aggressive women with cudgels in their hands burst into the room.
9d9f521ac4	Sorry, but I don't have time.
9da8427a84	So why the hell did you come here without the seal?! Nothing will work without it!
9daebafdd7	I ate the forester's mushrooms in the Sagar Forest.
9dbaca513e	[BLUE](This dead man seems friendly)[] As long as there's rum here, life goes on! Damn! I'm already dead! But no matter, because there's rum here!
9dc6ea6c20	I helped catch the thieves who robbed the wife of the governor of Freeport and received a generous reward from him.
9dc98a9f64	I have a mana potion, go ahead!
9dcf03fe59	Bless this Hunting Knife.
9dcf4de58b	Mikaela's stalker escaped again, but I found her favourite underwear; I need to return it to her in New Garand.
9df1bea1cc	Hello, hero. Ready to hunt queers today? I'm sure Agnes and you didn't kill them all.
9e0556a033	[BLUE](A very pale girl with no clothes at all on her slender body)[] Don't worry, Dobras, sit quietly and don't interfere. I'll deal with them alone!
9e16043437	Only attack enemies that are close to you.
9e2732079f	You're free. And you, little rat, you'd better not catch our eye again.
9e35de2c34	Unfortunately there's only one copy of that magic artifact, and we'd like it back. Most likely it's with that gang's leader.
9e3bc8d436	[BLUE](Suddenly you notice the young hooded man you met before climbing out of the pond)[]
9e421d173c	Here are the merples you asked for.
9e458cbe84	Janod.
9e5291518f	In the temple on the mountain I found a being from other worlds imprisoned there. I promised to free it; for that I need to find four magic artifacts. Perhaps Neville can help.
9e536a6f42	All right, see you later, Evelina.
9e5733913e	I need to reach the room where Dariel is being held.
9e5989804c	I wanted to ask Violetta. She helped me a lot with the drama club. And Layla, she's a jack of all trades, she'll help us with the instruments. But I haven't seen either of them in our refuge for a long time. And also Judy. She used to play the flute beautifully. Maybe she hasn't given it up yet!
9e7403d9a8	[BLUE](You remove the gag from Evelina's mouth, then untie the bonds on her legs and arms one by one, holding her body so she doesn't fall painfully from the pole she was tied to. The girl sinks onto the branches piled beneath her. You decide to help her up, but she protests)[] Oh, wait a moment! My whole body went numb while I was hanging on that pole! It'll pass in a moment and I'll get up myself!
9e80030a0b	All right, we still need to leave this settlement unnoticed somehow.
9e9f814008	Dominic's younger brother has gone to look for Dominic's son; I must find and defeat Durant.
9ea5f78e45	You'll become a specimen yourself, in my collection of freaks who annoyed me and came to a bad end, or you'll give me your stone!
9ec83e7990	[BLUE](You notice the snow under your feet starting to steam, turning to water, then to mud, and suddenly black, acrid smoke starts pouring from the ground. You try to run, but the smoke is everywhere. It chokes you and saps your strength. You feel yourself losing consciousness...)[]
9eca163258	Hello, Sybil. I have the right number of poison pouches for you.
9ed6c94ad3	Good idea. It's better than sitting here for another hundred years. Let's be on our way, my new friend!
9ee10f36eb	[BLUE](when he'd gone, you checked your belongings; luckily, everything was in place)[]
9ee47c72e6	So, do you know where to look for this Grateroll?
9eeba8ae7a	No, leave me alone.
9ef1600ca2	I'll be glad to work for you, but only if you find Cryop or the bow with my name on it that he took with him. Deal?
9ef649582b	It concerns a respected member of the magic council, Magister Daggett. For many years he studied the terrible Curse that has settled in the eastern mines. After his last expedition misfortune struck him: the Curse infected his mind. The strongest mages tried to cure the poor man, but with little success.
9f070aac9f	Maybe the brute will calm down and go back home to his own world? It'd be great if that's how it turns out. Although it's annoying that the cheapskate didn't give us even a coin for the work we did! Well, I'll go back to Freetown for now. I hope everything will be fine.
9f2d78e071	Well, did you manage to find out any real way of solving your problem?
9f4637e7ce	Of course, I can teleport us wherever you like.
9f468cf1c2	I don't need anything magical.
9f5128aaf5	Your requests?
9f5a254e48	My work on this armour will cost you 300 coins, and I'll also need two snow leopard pelts.
9f616cb3a7	Hello, glad to see you here. Be careful with shady types, so I don't have to bail you out again.
9f636e17e1	Take it down.
9f67effdb9	The Three or the Eleven will punish you for treating the poor and needy like this! [BLUE](the tramp dashed away and quickly disappeared behind the nearest bushes)[]
9f6a2211e7	Yes, I'll be glad to fight the undead alongside you!
9f716ea382	[BLUE](the young man raised an eyebrow in surprise and pointed)[] Right there, behind me, there are even signs hanging on the building!
9f8b4afcac	You're obviously right, but first I have to settle things with you and your friend. I'm grateful for your help, especially for helping me deal with the traitor and his lackeys here, and here's the reward, as I promised.
9f96870a36	All right, then I'm going in.
9f9de3502b	All right, we're heading there.
9fa1b2c720	Hello, hero. Since the Lady decided to keep you here, you're not one of the queers, right?
9fa9d86a09	Heh, if only. My sister always thinks whatever I do for them isn't enough, and Dariel is a mummy's boy who can't say a word against her. Well, enough about that. You're hardly interested in my family problems. You clearly didn't come here to listen to my chatter. Alarion couldn't be here in person, for obvious reasons, but you're his most trusted person. I can talk frankly with you.
9faac528dc	Excellent, we've arranged a personal meeting with the bandit boss, but he wants to see you specifically, in New Garand.
9fb7b254e4	"These are the stairs to the mansion's upper floor, but I need to get to the cellar."
9fba908086	Captain Dors will wait here until you come back, but if you take too long, I'll head back alone, got it?
9fc33f8811	We need to get to the northern part of the Thyr Ridges. There's a castle there that everyone's forgotten, or not a castle, some building anyway, where riches await us! Only the exact location of the castle wasn't given, but there can't be many buildings in those mountains!
9fc8f1186a	I need a warm cloak.
9fca6795ac	Maybe I did leave with him, but who knows where and how that idiot could've lost his money!
9fcf0ec514	Oh, that's great! I hope he can deal with my problem!
9fd4094d5a	([BLUE]A knight in unusual armour[]) If you've changed your mind, I still need a hero for an important task.
9ff551a2ac	I'm very grateful to you!
9ffad3189a	She was here and bought some potions from me, but I didn't notice where she went afterwards.
a007ab0191	Any progress with Hilt the smith?
a01d1a5b99	Well, ready to set off, hero?
a01f3326b8	No idea. I'll stay here for now, but you could try your luck in the sewers, though it's just as dangerous there as here.
a0220e6d4d	Yes, bad luck. Maybe when I'm in Istril I'll find something out.
a0251b6a2d	[BLUE](A young, fragile-looking girl, but equipped like an experienced ranger)[] Hello, traveller. Any day now I'm sailing to Rigordion.
a030117b45	Teleport Prince Alarion back to the Royal Forest.
a04d69fb5d	I found the cave where the hermit wizard may live; I need to search the cave to make sure.
a04eae5ae4	Things have changed. Don't worry, I'll explain everything to you now.
a0510df598	Damn, what nonsense are you saying, Alice?!
a0541fa047	Nothing specific that might interest you, although... A few weeks ago the Seeing Hills suddenly began filling with undead, and all sorts of fighters against evil from different places started gathering there. Despite their efforts, the filth there doesn't grow any less, and the other day one of the undead slayers came here looking for help, but I have few people myself. So you could go to them and offer your services.
a057fb6321	I must help the brewer Tonel deal with his problem.
a061367847	I must meet Rickman in his lair.
a064fb2971	Oh, hi, Dad, long time no see!
a06760bc79	[BLUE](A young-looking sorceress)[] I'm not the mightiest sorceress, of course, but any snow creature that crosses our path is in for it.
a07afbfd1f	I fancied paying a visit to the Whitetoads. They're rich people; I think they'll be glad to see me.
a07b430fa3	Yes, I have them.
a081f95dab	I managed to defeat Morgen and the witch; now I need to talk to Peter.
a0829e05b4	[BLUE](Silent guardians the wizard uses for his protection)[]
a095ab3bce	[BLUE](Unremarkable ruins covered in snow. On a piece of wall that hasn't collapsed, carved inscriptions in an unknown language can be seen)[]
a096521fb8	We'll help get your horse back. Do you know who this thief might be and where we should look for him?
a0998dd7c3	You know, in this city there's hardly anyone else who'd help a stranger for nothing, so I think I owe my saviour some thanks! I've got a very profitable business going and I'm ready to cut you in, and what's more, split the reward equally!
a099f659eb	That is for Princess Bernadette to decide.
a0af5b4753	Here's the wyvern tail you asked for.
a0b1b84d12	"This is the entrance to the dormitory you need."
a0cd5156f2	You don't say? Well, we don't have much choice: die here, or die in the slave pits later.
a0d2734dd3	[BLUE](A huge bodiless head with a stupid expression)[] Hello! I'm the Head. The Big Head.
a0da24f87b	[BLUE](Princess Bernadette sat at a table looking through some papers. When you appeared she set them aside and looked at you closely)[] The Archon told me what happened at the meeting with the pirates; I'm glad you're unharmed.
a0de75c63f	Well, I have no right to demand anything in such a hard matter.
a0e55b82e8	I need to talk to Kiara.
a0eac6daa2	I must meet Rickman in Friguld.
a0eb2eef07	Well, Bubba tried, but couldn't pull it off. He didn't earn enough respect for decent lads to follow him. Thanks for the help, friends. [BLUE](He examines Bubba's body, picks up his terrifying-looking dagger and holds it out to you)[] I'm sure you'll make an excellent owner of this frightening weapon.
a0f59313a1	Hey, girls, the guard at the gate came by. She says some man or messenger has come who wants to tell us they've tracked someone to our refuge. That must be about our...
a0f700fda6	[BLUE](the princess laughed, but hearing her laugh gave you no amusement)[] You're right, it really does seem pointless to revive him only to kill him. But I am used to personally dispensing justice to the traitors in my kingdom, and that bastard was one of them. Not only did he fail the task he was given, he harmed the kingdom with his actions until he had the bad luck to run into you. All right, let's get down to business. The Archon will explain everything.
a0fb57c589	I need to pay 50 thousand coins or get a dragon heart for Gigi to help me reach the leader of the sorcerers' faction.
a109e20cf9	[BLUE](A gloomy-looking sorceress, but willing to talk)[] Greetings, traveller. I practise the dark forms of the magical art and can enchant weapons, but I try not to deal with strangers, for my own good! [BLUE](requires reputation 10 in the Northern Kingdom)[]
a10aee4cb4	[BLUE](A stone monolith with a picture of a phallus is glowing)[]
a117da4892	Really? Hm, though I think I've seen one of you before. And what does Hugh want from me?
a12817ec89	Great, I have that armour with me: Imperial Platemail Leggings.
a12fa160d3	Thank you. Rumour has it that huge black wolves have appeared far to the west in the ancient forests. The Varannari call them wargs. Could you bring the skull of one of these beasts for my collection?
a1304cbe42	Hey, you're speaking to our queen, show some respect! She is the granddaughter of the last emperor, the true ruler of all lands!..
a135e8e4c5	I need to join Rickman and his men before the showdown begins.
a137c2946c	Substrate? It can't be! So he was an outsider from another world?! Then why did he care so little about the fate of the other outsiders, if he was ready to destroy them all to save our world, which was foreign to him?
a142426e76	Brothers, you're free now! Thanks for helping deal with those bastards. Let's get out of here before the guards from Sydarun come at the noise. We'll meet near Kingsbridge and talk it all over there!
a150a1feed	Just an ordinary cut stone, it seems, not especially precious, but according to the adventurer it's something like a key. No idea why he decided that, but an experienced caver would know best. And you seem serious about finding the way to the Temple of Knowledge? To get there you clearly need a well-trained caving talent. By the way, I can help you. I'll give you this stone, in case it really is needed there, free of charge, if you fulfil a couple of small requests of mine.
a16abb7c31	Don't let them leave our settlement alive!!!
a176825372	Damian and I have returned to our own lands; I need to talk to him.
a17b3c1669	If these creatures are no longer a danger to the neighbouring lands, why don't you move to the city?
a17e0f8e39	Orcish Menace
a17fa41ba2	That's the Old Royal Castle. Before our King Kalion the First united the kingdom, he owned only this castle and the lands around it. As the kingdom took shape he moved to Istril, which was being built up, and built himself a new castle there.
a1885d9e15	I'll go back to Icemist; if you need my help, I'll be there.
a18af2ca15	Back already? Well, how did the meeting go? Not as well as we'd have liked, I suppose?
a19499cbfb	Right, we've greeted each other, now let's get down to business...
a19d5fa76c	[BLUE](you see a magic window displaying a text message)[] Access denied! A level 1 access card is required. [BLUE](a small recess below the window lights up)[]
a1af2e159f	Exactly! And finally, which of these four bosses has the lowest level? (Think carefully. You do understand what happens if you answer wrong?)
a1b33c9f58	"The door is unlocked."
a1c355fcc9	"This seems to be the entrance to the house of the racketeers the fishermen talked about."
a1c63ac9cf	May I present Lady Rusthatchet.
a1d0108744	Your Highness. A pleasure to meet you. Havis went off on her own business, and I decided to return to the city.
a1dbda7d5c	Hi, I'm Serunus. So you're the loser who'll play the lead in Astutus's supposedly cunning plan?
a1f3a9596a	Very well, set out for the mountain with them. My friend and I will follow a little later.
a1fbda3553	[BLUE](you went back to your bedroom. Soon the richly dressed man who had brought you here knocked and came in)[] I must inform you that your meeting with Princess Bernadette is unfortunately cancelled; urgent business has come up. She will let you know about a new meeting later. Do you wish to stay or leave the castle?
a205ac2c9b	Where is this warehouse?
a21293266c	You asked for it, freak!
a2349b1d5f	Honestly, I have no idea what happens next.
a243ad3152	Hey, brother, don't get worked up. This is my prey, and I like dealing out justice myself rather than relying on the will of lawmakers, earthly or divine, I don't care which.
a24d96b890	Hey, witch, you haven't been much use, so at least help us carry out more loot!
a24e60cb68	I see you're back, my friend. Did you find out anything interesting?
a2683ae1ff	Thank you for your help, Ginevra.
a2718aa5eb	All right, and what's going on outside? It's full of dead people.
a278cee4db	Where will this meeting take place, my Lady?
a29d5067be	And what will need to be done?
a2ad839d62	Did you manage to come to terms with the sorcerers?
a2bd9491b9	No, I'm not going to wait any longer. Long years of my life have already been spent on all this! Besides, I don't know how much longer my artifact will keep working. We start work immediately!
a2d2a2c647	How much gold do you need?
a2d4e2da4e	What are these creatures?
a2d92b1e85	You're back? Excellent. It seems the bandit boss has already received our message and decided to answer us, but in a vile way. My elite girls, who serve the aristocracy, have been kidnapped from their houses in New Garand, and it's not hard to guess who's behind it. But it was all done hastily and without thought, so my street girls managed to follow the kidnappers all the way to their hideout. So, your task, my heroic friend, is to free the captives.
a2df266684	An abandoned-looking tower. You're unlikely to find anything interesting in it.
a2e34fe8aa	And he demands a large sum for them?
a2f84906e6	Sorry again for deceiving you. I'll probably stay here, or maybe move somewhere safer.
a2fe69fedd	Magister Mundric agreed to give me the key stone from the Temple of Knowledge if I bring him 5 Merples.
a2ff96b113	I don't care about that. I'm tired, the mosquitoes are eating me alive, and I want to get to a decent place and finally have a proper rest!
a30152f98b	Oh! Ah! What a tragedy! A poor unfortunate orphan robbed! What villains! And hey, why does everyone think of me right away when someone gets robbed!?
a3037b71fe	[BLUE](This is one of the caves you decided to explore in search of the passages gnawed by the creatures Elizar talked about. In another tunnel you come across a big crack in the ground leading somewhere into darkness)[]
a30daf9563	My work on this armour will cost you 240 coins, and I'll also need three bear pelts.
a31799a339	In progress.
a3184b90f9	Always glad to help. I'm ready to keep fighting any unholy force!
a319ad1250	My mana runs out too fast! Give me more potions!
a31b7b09c0	I'll be glad to help! What do you need me to do?
a32e0e5d3c	A manual for creating a mighty cleric weapon. It needs these ingredients: a Bluesteel war pick, two small diamonds and sparkling powder.
a332542abf	I must help Agnes deal with the bandits.
a3354e8992	[BLUE](having finished reading the message, the man looked at you again)[] So where are you from? Istril or Quiet Haven?
a336e762e9	Well, I decided to have it out with my husband. He said a lot of things: that he'd cheated on me not only with his friend, that our marriage was purely a matter of convenience from the start, that I owed him everything and shouldn't even raise my eyes to him, and much more... In short, I got very angry and I don't remember what happened or how, but when I came to my senses a bit, both my husband and his friend were lying dead in our house, and I was covered head to toe in their blood.
a3388d1a01	Reforge this hammer.
a347b9b112	Actually I'm not from Icemist. I need this knowledge to lift the curse from a particular person.
a348c9b17f	Skulls of Tolassian priests. As you understand, they don't just lie around on the road, and I don't have the strength to, let's say, take them from their owners.
a34f7ff408	What the hell?! I thought they'd already thrown you behind bars!
a350688ed8	Well, a pleasure doing business with you.
a35833a05b	Well, we'll see about that! [BLUE](the old man rushed to the bedside cabinet and took something out of it)[] I never thought I'd have to use this Thuramian swill! [BLUE](he was holding a bottle, which he drank in one gulp, and at once his body began to change)[]
a361f4d9e2	No, he chose the easy path, not the right one!
a36208c15b	And what is it?
a36ebe9c51	[BLUE](a man wrapped in a black cloak)[] Greetings, I come from the Magister. He has found your man; his lair is in the south of the Sagar Forest.
a374ed7a64	Right. Let's move out, ladies and gentlemen!
a37dcfdc8a	And what, are we going to line up now, each with our own idea of what to do with this freak?
a38d6d8fac	What an unusual weapon! To lay the charms effectively I'll need other ingredients, namely six large sapphires, rubies or emeralds for the charms of one of the elements. And because the work is difficult it'll cost more: [BLUE](400 coins)[].
a38f7acfa4	No, I have no ties to the bandits you're feuding with. Or did you mean my orientation?
a38ffe0221	What?! Baroness Moreyn?! What are you doing here?
a3951bc20b	All right, what weapon do you have for enchanting? I hope it's made of good steel. I can't work with rusty junk.
a39a11c4b9	[BLUE](A short, pretty girl with unusually coloured hair)[] I hope that while I'm in the refuge that stalker won't come near me, but I'm afraid no walls will stop him. I hope you'll save me from him!
a3a121f4b8	I think I've got a rat. Rats, actually, working together. Recently I made contact with one of the wizards of Icemist. I want to arrange supplies of my goods to their city. He wants to hold a meeting with me, and I'm going to send one of my helpers I suspect of betrayal.
a3a300304e	Here are the fire salts, living ice and sparkling powder, as many as you asked for.
a3b62c25b4	I must have the ancient seal with me so the wizard can activate it in the dungeon of Castle Storme.
a3cf526e2d	All right, let's head back to the city.
a3d953d453	My vote? [BLUE](The man raises his eyebrows in surprise and repeats)[] My vote? Ha. Ha-ha! [BLUE](And he starts laughing like a madman)[]
a3f408df64	Shut up, bitch, you invited us here yourself! And don't hope you can pay off your debts in one night. You'll have to try really hard pleasing us before we agree to lower your payments.
a3f734cf48	Want to find out, baby?
a3f9bba508	I hoped we could manage our task without needless violence and still bring Magister Daggett back to his senses. I know him as a good man, and he deserves a better fate.
a3febd1f49	Actually, I suspected you'd try something stupid. I'm glad you came here in person. I'll get the chance to finish you with my own hands, unless, of course, you lose your nerve at the last moment and run!
a3feff8963	Thanks. Shall I escort you somewhere safe?
a4003b7e73	I want to see your selection of liquor.
a40304e349	Then I'll show you out myself!
a40da02204	Idle chatter is all very nice, but I'm afraid we won't have enough time to prepare before the performance starts. The locals here don't even have a proper stage where we can hold our concert!
a417be2aac	Don't just stand there, they're killing our lads over there!
a41f5c80f6	[BLUE](You don't get to finish, because suddenly a snowstorm sweeps down the village street)[]
a42f3d9692	[BLUE](the ghost is defeated and the magic cube vanished with it; the incredibly skilfully and beautifully made armour now simply hovers in the air)[]
a4403ed67c	Deal, Hugh!
a4471f5101	That's good, but what are you doing here?!
a46a245937	All right, I'm listening.
a473b8fa70	What?! We're not a couple! That's not at all what I meant when I wanted to help him!
a478d29fbd	[BLUE](The picture of the phallus begins to glow)[]
a47a5a2af8	I need to pass the information I received to Boss Rickman.
a48360c317	The very best warrior at your service! For a small reward, {LEVELx300}, I'm ready to help you.
a492dbc8f9	My sister didn't write the details, since she wanted to handle this herself, but I forbade her, since it could be risky. She serves as a sergeant at the eastern outpost. Go to her, tell her I sent you, and let her tell you where to look for this forester.
a4945033b7	What did you find here, and what happened to your comrades?
a49c176f25	Yes, I'll be glad to fight alongside you!
a49c68217b	Damian and I are locked in the magic fortress; to get out we must kill its master.
a4b45281cd	[BLUE](Using brute force to put a collar of submission on her)[]
a4b98611e6	I don't have it with me.
a4beb60047	But the captain's persuasion and the royal permit keep them from thinking of grabbing pitchforks and torches to drive us out.
a4c84c5046	Never give up, keep going toward your goal! And if it gets hard, give up.
a4d8b6dd76	I didn't need to go there anyway.
a4e08029cd	Too late to go on about it, let's turn it into scrap metal!
a4e3a0956a	[BLUE](An old goblin studies some scrolls, paying no attention to you)[]
a4ec3897c3	[BLUE](Take both knives)[]
a4f1f95092	Then come with me.
a4f28f0bbe	I understand, you're not part of the family, so you owe nothing, but I was glad to see you anyway.
a4f6ed8ac1	Yes, bad luck.
a5108f6bfc	[BLUE](The picture of the phallus goes dark)[]
a51c53f061	I couldn't save the runaway slaves; they died.
a521f0427a	[BLUE](A young-looking sorceress)[] Oh, hi. I didn't expect to meet you again so soon. I see you're without your buddy.
a52cc4d671	This outsider turned out to be very dangerous. It's frightening to think what others like him are capable of! [BLUE](The wizard begins to examine the body of the fallen enemy, using his staff and some spells)[] Aha, so my theory is confirmed!
a52d6b2d58	Hey, can't we settle this misunderstanding peacefully?
a53235939f	Great, I have that armour with me: a Death Shroud.
a53c84cbed	Who are you?
a549382b95	And where will I find this smith?
a55473857c	[BLUE](A rather young-looking wizard looks at you condescendingly)[] Greetings, traveller, and welcome to my abode. I am Magister Astutus. You're here at Gigi's invitation. Why have you come?
a5554c7aff	Thanks for that, at least.
a556be0650	Magister Kendrick promised to find a way to defeat the witch queen. I must return to the Sanctuary of Irossia and tell Hirge everything I've learned.
a55c11f0e5	Reforge this axe.
a5618ccf12	I helped find the missing Prince Vardie, and Captain Wintercalm rewarded me.
a564c1ccb6	Actually, first you'll need to check some information. My sister sent me word that she'd learned of some village forester who supposedly saw Prince Vardie. It's unknown how true this information might be, so I haven't told anyone yet, so as not to torment the queen with false hope.
a57618ff5b	Don't sweat it, little brother, the Philosopher is a real man, he knows his business.
a57affaccf	Better go back.
a583d14bab	[BLUE](A strange hum begins to fill the walls of the fortress, gradually growing louder, and soon it turns into a chilling voice that seems to come from everywhere)[] Who has disturbed my peace? Mortals? Much time has passed since any mortal visited my abode. What have they come here for?
a585a65684	Magister Mundric gave me the key stone; now I need to find the cave in the Crimson Hills with passages leading to the Temple of Knowledge.
a5897ca07d	Oops, it seems I mixed up the boxes and took someone else's instead of mine! [BLUE](with a loud pop the wizard vanished, leaving you alone with the angry golem)[]
a5913376a8	Don't hang around here for nothing, the boss is waiting for news!
a598415b38	For our troupe to perform, we need a royal permit; perhaps I can get one at the royal castle of New Garand.
a59d02652b	[BLUE](you've dealt with all the brigands and can now take a calm look at those who came to your aid: Alarion and a woman in a hooded cloak, who crouched down to examine the dead enemies)[] These are her people.
a5a372f378	I'm glad to see you too.
a5ae98da64	All right, that's interesting, but still, why are you like this?
a5c14f2262	The team and I found the demon bear's lair, and now we need to kill it.
a5c46f0ed9	I need to find Magister Kaledor in Istril to collect the disguise cloaks; the captain of the guard can help me find him.
a5cbe3c3eb	What the?!.. And this thing is your ex?!!
a5d4fb28db	Can you bless this hammer, Killing Power?
a5d9da9678	The tables and shelves are crammed with various strange things, books and scrolls. It seems to be a magical workshop. Everything looks relatively intact. You could try to create something, if you work out how this workshop works.
a6057fa9c6	Greetings, traveller. I can help you on difficult journeys; for a small reward, {LEVELx450}, I'm ready to go with you.
a61b512973	The job's done, he's dead.
a625f5b818	[BLUE](a very large and strongly built Varannari woman nearly three metres tall in scanty clothing)[] I became champion without a fight, but at least I managed to fight someone here after all!
a62f1f7cac	[BLUE](The vampire lord is finally defeated, and you can continue on your way)[]
a630acfc24	Thanks for sharing this. And about Lukan, was he really some kind of nobleman?
a632df9558	[BLUE](A huge creature covered in green fur from head to toe is splashing about in some stinking green slime. When you appear, he jumps to his feet)[] Hey, what's going on?! Who's barged in? I was just about to take a bath! Don't look at me, pervert, I'm naked, actually! How did you get in here?
a64f317b24	[BLUE](A stone structure with recesses on each side. One of them is shaped like the stone you took from Magister Mundrick)[]
a66be5e3a4	I need to return to Rickman together with Vince.
a67eae71b8	Magister Mundric agreed to give me the key stone from the Temple of Knowledge if I bring him a manticore stinger.
a67fe4c02e	No time for talk, we have to destroy all these monsters!
a680582dab	Let's not delay, the teacher is waiting for us!
a680f11bc4	Ignoramus! Don't you know the story of the Dragon Lord and his great relic, who ruled all lands in ancient times?
a6841cf938	Hey, I'll introduce myself! My name is Gromak the Crusher!
a68523c5f2	My work on this armour will cost you 220 coins, and I'll also need two bear pelts.
a687a332fd	What exactly do you need?
a6967aa764	Excuse me, but I need to rest...
a6a01be80b	That's hardly going to help me in the search!
a6ae12dfbb	So, you've proved you're worthy, as both hunter and warrior, to set off on the holy mission! While I gather the other members of our team, it'd be good to find out where the demon bear's lair might be. In Dreamsnow Valley, by the river, there's a camp of the royal rangers. Try asking them. Perhaps you'll learn something useful.
a6af2a7b1e	A manual for creating a potion of speed whose effect lasts twice as long. It needs these ingredients: a potion of speed, 2 glowing toadstools, one red orchid.
a6b5a3dce0	Likewise.
a6b8d6618a	[BLUE](The little boy looks at you sadly)[] I thought you'd help me with the holiday.
a6cd884df0	[BLUE](A suspicious type blocks your way, and a group of bandits appears from an alley)[] Aha, so you're the hero who sticks his nose into other people's business? Well, today's not your lucky day, because we've been paid to rid our employer of an annoying nuisance.
a6dc32d5ee	Yep, until next time.
a6dc7689aa	Great, we don't need an amateur's help! So, vampires, and their breeding ground is Castle Storme, from which they launch their raids. Let's discuss this with the local priest; perhaps he'll share some more information with us.
a6e04c3138	[BLUE](In the next, smallish box you find an album of magical pictures of Sansa, some of them rather racy, inscribed: let it warm your soul when I'm not with you!)[]
a6e6980f99	There's the swine, get him, girls!
a6e9dba1fe	All right, I understand you. See you, Havis. Good luck to you.
a6eb40c1b8	All right, maybe I'll help, if it's not too much trouble for me.
a6eb596b76	I was attacked by bandits acting on the orders of the same unknown person; perhaps now I should turn to the city's outlaws.
a6f4a76967	Of course, but first let's find you some clothes at least, and we also need to deal with this portal.
a708689503	The Keeper from the lake asked me to find a boy who has wandered off somewhere into the Lost Kingdom.
a71d872456	[BLUE](a distinguished-looking elderly wizard)[] Greetings, Sansa. Word has reached me that I am speaking to a criminal right now.
a71fd33cd7	You spent a wild night; when you got up in the morning, the girl was no longer in the room.
a726db8153	What an unusual weapon! To lay the charms effectively I'll need other ingredients, namely twelve large sapphires, rubies or emeralds for the charms of one of the elements. And because the work is difficult it'll cost more: [BLUE](1600 coins)[].
a7348274e3	Hello, Sybil. I have the right number of coral snake fangs for you.
a73639cfa2	No, let's do your father's job and earn the knife.
a7364f8913	Adaon the scholar's plan didn't work; a whole bunch of Adaon variants have got into my world!
a739c39ab2	[BLUE](a girl in armour nods to you in greeting)[] Greetings, traveller! If you're planning to head south, be careful: this road leads to the Sorcerers' Valley. A couple of decades ago the magic council rose in revolt, and a great battle took place in this valley between them and the wizards who stayed loyal to the king. Even after all these years the effects of that battle haven't faded; the lingering magic can be deadly, not to mention the fortress in the middle of the valley, which wasn't damaged at all in that battle.
a757cdaed1	And I wanted to give you this two-handed sword. It's awkward for me to use since my left arm was injured in the battle with the Sky Knights; I'm sure you'll find a worthy use for it.
a76fe389fe	I'm looking for a certain arcane knight. Maybe you've seen him somewhere around here?
a786cac3f3	Time for the job!
a79685879c	[BLUE](By tricking her into putting on a collar of submission)[]
a7a13e9a78	And what does he want in return for our agreements?
a7acf6d4f9	That's too dangerous a job. I think I'll pass.
a7b937d3ab	Bridge's? No idea. I'm certainly not one of them!
a7bf822d9a	That leaves two more artifacts.
a7c2030183	[BLUE](someone came up and stopped beside you. Turning your head, you see it is Princess Bernadette)[] Poor thing, I can't even imagine what she had to endure before the Archon finally cut off her head and put her out of her misery. Well, I told you I would have to take harsh measures if all the main rebels were not eliminated. Give my brother a last warning: if he doesn't stop his foolishness, even more blood will be spilled.
a7c6cb8b3b	I recently set up a new laboratory, and Lexus knows about it, but he doesn't know where it is. You'll reveal that secret to him. No doubt he'll be curious to see my laboratory for himself, only my trap will be waiting for him there! Serunus is one of my spies. We came up with this plan together. He'll help you get into the lair of Lexus and his rabble.
a7c90acb2d	I'll keep that in mind. What else useful can I learn from you?
a7e232cf97	A worthy opponent and an honest fight... a glorious death...
a7e3691820	[BLUE](With his last breath the bandit boss crawls to his throne. His hand gropes for something lying beneath it, and at once the man leaps to his feet full of strength again, tears off his clothes, baring his powerful body, wet with sweat and blood. In his hand he grips the hilt of a huge, terrifying-looking sword)[]
a7edc0db2d	Hm, I can feel your hatred for your father is sincere; fresh losses weigh on your soul, and the thirst for revenge torments you. Well, I'm ready to help you, Alarion, since our goals are alike in some ways. But first I will gather all my allies, and then we'll meet again to discuss our cooperation. The girls will see you out.
a7ff1a9023	That's it. Now the portal will fade and then vanish completely, and no one else will be able to come here through it.
a8052bb374	He leaves us no choice; we'll have to fight him!
a81f3f091a	Pleased to meet you.
a829544e7c	The spell's source is the cursed mage himself, and we have made a specially enchanted totem that will suppress it. That way we keep people safe and perhaps those already under the spell will regain their senses. There is a downside, though: the totem only works while it is intact, and it is very easy to destroy, and then the spell takes hold again.
a82a1fc6d1	[BLUE](A mage shaking with fear)[] I don't know why you climbed in here, but I can help you get out, for a small fee.
a82d862ae6	I doubt it, witch!
a82dea7e7d	We'll visit our family and friends so they can thank you in some way!
a83c60ac1f	I got into Durant's hideout; now I need to find Dominic and talk to him.
a85361637c	All right, then I can give you an excellent magic item.
a85458825d	Bless this Silver Mace.
a869b25edd	Leave me alone, I'm busy!
a86d915186	Well, these freaks are hardly going to say anything against you.
a871fae5d8	[BLUE](The Chief Philosopher appears out of nowhere)[] I hurried as best I could, but it seems I'm too late. So Bubba is dead. Well, I'll have to find the information I need from someone else.
a8724d7764	All right, take me to [BLUE]Lamis[]! Here's my gold.
a87ac9b85e	I'll teleport you wherever you wish.
a8803f606d	And how about the option where you and your buddies become wolf food?
a882077b91	[BLUE](the girl looked around)[] Oh, no! It looks like we are in an illusory world! It is a very powerful enchantment that can place the minds of several people in one shared world. I've heard some magisters use it for especially important negotiations, and Magister Daggett is one of them.
a8865c5aeb	Thank you for dropping by. Any progress in solving our problem?
a89b149c8e	Enchant this Staff of Balthasar.
a8a189fc8b	I see, good to know.
a8aa2c006a	You know The Deep Cauldron? I fell.
a8b5984161	[BLUE](Bernadette walked around the motionless Havis and went up to her brother)[] You are to blame for her death, Alarion, for dragging her into your affairs.
a8c28139e3	[BLUE](you get outside without any trouble)[] Let's hurry while there's no one here; Dominic is waiting for us on that street!
a8c56f183a	Damn, you're dumber than I thought at first.
a8d8279651	Don't waste time, go to the meeting.
a8d8bb0abc	Right, stop! If this is about the tax on owning a servant golem again, I sold it long ago and gave the treasurer all the necessary documents for the sale.
a8dda87d89	You don't need to worry about anything. We're about to lay you to rest, undead.
a8e5b61455	Magister Mundric agreed to give me the key stone from the Temple of Knowledge if I bring him the amulet of the druid who lives by the Zamohr Mountains.
a8e78fbd63	Praetor Jenard told me the poet was last seen in the Troll Swamp; perhaps I can find him there.
a8ecdafcba	[BLUE](A short, pretty girl with unusually coloured hair, glad to see you)[] Oh, hi-hi! Since our kind Lady lets you wander freely around our wonderful refuge, I can trust you. You must be the mighty hero who helped us deal with the nasty bandits. Nice to meet you! My name's Mikaela, by the way, but my friends just call me Mika, and you can call me Mika too!
a8f7c7f081	We've all perished in this foreign land!
a8fe033248	I don't. You just have to believe in these things.
a901452cba	Hey, you weren't hard to find again.
a90381e97a	Some unknown types have attacked Adaon; I must deal with them.
a916842afc	Hi, buddy, how did it go?
a92140bae7	Now we know where to look for your blackmailer. Let's not waste time. Let's go see him.
a92290ee60	Read on.
a9419f5731	[BLUE](You try to justify yourself, but without success)[]
a946c6c259	Yes, you could call it that. You've become a very close friend to me, so I can trust you. [BLUE](the sorceress showed you a magic portrait sent along with the message, depicting her naked in the bath)[] And the freak who sent me this says he has lots of portraits like this of me, and if I don't pay him, he'll spread them all over Icemist! And considering I'll soon have to confirm my rank in the Mages Guild, this will hurt my chances!
a9906ea48c	Hi! Want to hear a joke about the peasants who didn't want to sow panic, but there was nothing else left to sow?..
a9a2202b59	Peter removed the magic field; now I need to reach the priest Morgen.
a9b6d25335	An evil curse. It slept here for many years, but someone or something woke it. It lay in wait for its hour to break free. In our naivety we believed we could defeat this evil so easily, but it proved too mighty. Even the most righteous turned out to be weak before it.
a9bfa9921b	And have you tried doing anything about it?
a9c1293aa1	Rrr?
a9d993fa1f	Thank you. I heard that big snow cats live in the Thyr Ridges. Could you bring at least two of their pelts, for some variety in my home?
a9e028b46e	Maybe we can defeat him without hurting him too badly?
a9f32c78ae	How will we get out of here, the same way?
aa0291737b	No idea what that thing was or who made it, but I feel my magic powers returning to me now that we've destroyed it.
aa03c6b51a	A very strong steel grating. Your efforts are unlikely to be enough to open it.
aa0634ab10	My work on this armour will cost you 240 coins, and I'll also need a white wolf pelt.
aa18445229	Insert the card the boy gave you.
aa20c15942	I don't need to go there.
aa26ef0663	Somehow I doubt a man as power-hungry as you would just give up his little seat.
aa297bf41c	Do you know anything about the demon bear that has appeared in the forests?
aa305cbe3a	And you think Lexus's people will definitely help me? And surely not for free?
aa3a78475e	Hm, let me think... This bridge has a couple of buddies who usually wander this side of the river. Now, if you beat them up badly, they'll run to complain to the bridge, and you go to him too and say you'll beat his buddies up again and again, but if he lets you through, you'll stop. Got it?
aa3ff1828c	[BLUE](a serious-looking, richly dressed man)[] Greetings, hero! Always glad to see you in our city!
aa41674f68	[BLUE](The darkness before you suddenly comes alive. There's a clicking and a muffled growl, and, like nails being hammered in, someone's words ring right inside your head)[] Food? Food? Food! Food!! FOOD!!!
aa42233d40	All right, I'll come to an agreement with them.
aa58825661	Oh, no, no, no! The king's patience with you has run out, and he made it clear to me what I should do if you pulled another stupid stunt. As you've probably realised, I expected you to organise some operation to free the prisoner, so I prepared, though I didn't think your plan would be so simple and straightforward.
aa6d240742	Not far from our village some creature has settled in the caves. It has started to breed, and its offspring have begun attacking people. Our strongest warriors tried to kill the monster, but none of them came back. We hope a mighty hero like you can defeat it.
aa75e04b0c	I feel somehow... like... [BLUE](The woman's face begins to distort and grow fur, her limbs lengthen)[] No! Why is the transformation happening right now?! It isn't a full moon tonight!
aa87af7432	This crown is a fake. The real one was destroyed long ago by dragon-slayer mages.
aa886f771c	Astutus is dead; now I need to talk to Lexus about Vince's problem.
aa8b652af5	He should have thought of that earlier. As it happens, I found the body of one of our girls, who was last seen by her friends in the company of Johnny, who was taking her somewhere.
aa8fa70de6	Then let's get to it! [BLUE](Neville creeps up to the window of the house, silently opens it and climbs inside. A dozen seconds later you follow him. Once inside, you follow Neville's directions to the chest holding two enchanted knives)[]
aa8fde2d86	Right, now I can fight at full strength! But don't forget the dungeons under this cemetery and the ancient tower to the north-east. We might find something useful there.
aa923e54e6	Hm, if they noticed Havis and me, they most likely won't pick a fight and will clear out. Did those scum say anything before they attacked? Maybe you remember something?
aa96132c7b	No idea. He usually hangs around my house or the south part of town.
aaab7a3874	Oh, damn, I'm in deep trouble!
aab08aed27	I see you got my message. Your case turned out not to be difficult. Although we haven't yet established the identity of your girl's stalker, my people found him and followed him to this place.
aac6e231ca	Mika is putting together a music troupe, and she hoped you'd take part and help with the instruments too.
aaf7179ad8	Oh-ho! I can't even imagine where you get all these strange things, but I hope you'll stop bringing them to me before my neighbours start thinking all sorts of things about me. You want me to enchant it, right?
aaffbe350e	Yep. I was very little when my dad went missing. I don't even remember what happened to him. Our family was left without a breadwinner. But, as they say, there are good people in the world: the village elder took us all in. After a while he and my mum got married, and they had a child together, then a second one. A big happy family.
ab08ed6d10	In short, despite all her talents, her devotion to the king and the kingdom and her care for the people's safety, fear and dislike of Princess Bernadette took root in people's minds, and in recent years it has only grown stronger.
ab119224ff	[BLUE](some wizard fussing around a teleporter)[] Greetings, wanderer! If you're stuck in this place, I can help you get out. This portal may be ancient, but I can make it work and send you to one of the big cities.
ab1a4e95dc	[BLUE](A strange mechanism with a tile, part of which seems to be missing, so it won't start)[]
ab1b61c60d	Oh come on, it's simple. I can't take the bear myself, but I wouldn't mind getting my old glory back, and a good reward wouldn't hurt in my old age. So it doesn't matter who killed the bear, what matters is who brings the trophies. Got it?
ab2156e872	And that's good. My brother is too stubborn, and I intend to send him an additional message. Since you know Havis, you know Alarion too, so you can deliver my message to him.
ab2df2a04c	How unexpected! You've indulged all my whims, but I couldn't even imagine you could deal with my special problem too!
ab45259d58	Then why did you need to arrange all these attacks?
ab4b4aa7c4	I need to find and defeat mighty aliens to collect enough substrate for Balthazar; I can find them in these places: Thyr Ridges, Northwest Sagar Forest, North Sagar Forest, Nekhar Valley, Eastern Inori, Steel Coast, the Solliga coast.
ab5a9dd874	Ignore it.
ab5e49c4e0	[BLUE](The holiday fir tree with presents piled underneath. It looks like someone left presents for you too!)[]
ab673488ce	[BLUE](The cave is filled with unbearably foul, heavy air that is hard to breathe and makes your eyes water badly, but deep inside you can see the carcass of a huge troll, bigger than any you've ever seen in your life. This is clearly the ancient troll you were looking for. You can hear loud snoring; it seems the monster is asleep)[]
ab7786902c	Well, I have long suspected a conspiracy in the Guild myself: someone is getting rid of the wizards most loyal to the queen by various means, and suspicious characters are taken on in their place. But now I have concrete proof! I'll send my people to search that dungeon and take this scoundrel with me for questioning. Thanks to you my investigation has moved forward. I value your help. You have proved yourself a worthy member of the Mages Guild, so I will spare you the rank-confirmation tests and help raise your standing in it.
ab7c4a355e	Sansa, use the key you found.
ab7d15acdf	Much obliged! [BLUE](the elderly wizard held the box out to you but accidentally dropped it on the ground. Some stones fell out of it, which suddenly began to grow and turned into a golem whose sinisterly glowing red eyes boded no good)[]
ab93689f88	We need to destroy the totems so the field weakens and we can get to Morgen!
aba29a0f08	The plan really is turning out very crude.
aba310f21e	Changed your mind? I still need a heroic helper!
aba8159657	Yeah, yeah, yeah, of course they'll protect you, they'll show up here in person. As if we believe your fairy tales.
abb4d4c08c	Yes, here's the legendary armour you talked about.
abbd875c4f	Read something from the end.
abc847e89b	It's all true, boss. Actually I'm the one who ratted, but I didn't want to frame Johnny. I wanted to set it up to look like those sluts had robbed us, but I didn't have time to get everything ready before you came.
abdd718a87	Excellent. What's your dead man's name?
abe747aec0	Huh? What's this crap? What are you going on about?
abe7f9bb1f	The teleporter is active, and I can use it to leave this place.
abf4789f4c	[BLUE](A short, fair-haired girl, immodestly dressed)[] Looks like we won't settle this with him peacefully!
ac00e0a215	Hey, why are you walking backwards?
ac057a3f9e	And I need to check some suspicions of mine, and for that I'll need outsiders.
ac062407cb	[BLUE](a serious-looking, richly dressed man, clearly some local official)[] Greetings, hero! I am the governor of this city. Our spies reported that it was you who killed the orc general, which allowed our warriors to defeat the enemy. It's strange that neither you nor Captain Greedy sent anyone so that you could be given a reward for that feat!
ac06720448	Great, I have that armour with me: Hunter's Armor.
ac1175eb84	Bless this Bone Mace.
ac121f3f41	The Midnight Bear.
ac35621ed6	Yes, these are the ones! Just what I need! Thanks, here's your reward. And if you like, I'll teach you a dark skill.
ac41e7b164	Deal with the fishermen first. You'll find them along the sea shore at the foot of the Zamohr. After that my man at the pier will take you to the ship and its mutinous captain. Do all of it at night, so as not to draw the legionnaires' attention. If you do well, I won't leave you without a reward.
ac57625464	Do nothing?
ac612592f0	Calm down, Eninem. Don't you recognise him? A man respected throughout the kingdoms has come to us: the Chief Philosopher. Long time no see, friend. I heard you'd died.
ac63f1dcce	I've been transported to an unknown place; I need to find out how to get out of here.
ac671ef7f8	Hello, Sybil. I wanted to know which ingredients you need, and how many, in exchange for a collar of submission.
ac82e894ee	[BLUE](An angry, yelling crowd, ready to come to blows, with its two main instigators in the middle)[] And I'm supposed to believe those bastards acted on their own, not on your orders?!
ac839d9a22	Deal, here's my money.
ac83ae4e5e	It's a real sea of grass! I'd gladly frolic in it naked, if not for the creatures clearly lurking in it, waiting for their prey.
ac8f90b4f2	I know Astutus. He's an idiot, and he'll surely show up there in person to gloat over me once I'm caught in his trap. Only I've been warned, which means I can turn his trap against him. So far I haven't had a chance to get that bastard, and I won't miss this moment. You don't have to take part in our fight. The main thing is to bring us to the right place.
ac93125504	Hi, pleased to meet you too! How cool that someone knows about our wonderful troupe and we're already being recognised!
ac989eb6fd	I have no titles, of course, and I see no problem with being called a gang, but I won't let anyone harm my lads either.
acac526fc6	And that's where we have a problem. This boss Rickman's gang decided to show off its wilfulness and strength, didn't it, Mercian? Or should I call you Centurion Maxian?
acb792dd4b	Bitch rabble! Let me go, you whore of Tol!
acc3be4130	I'll think about solving your problem as soon as I find time for it.
acd8a8f792	Hello! What happened to you? Don't you have the means to get lodging and clothes? Why are you living rough in the forest?
acdc13f574	I'm not ready yet.
ace1c984c9	And what should I do with this useless thing if the dragon doesn't need it?
ace25fc0d1	I won't waste your time.
ace2f82ee4	Buddy, did you find out anything about this moon curse?
ace5e6477b	All right, let's do that.
acf72b8452	I got a copy of the poet Leoric's new poems; now I need to deliver them to Neville in Freetown.
ad0db0ce64	She took a job for the authorities, hoping they would clear all the charges against me as her reward. The guards needed to catch a gang of slavers, so she infiltrated the gang, but somehow they found her out and killed her!
ad1f610067	I must meet Princess Bernadette.
ad2576f3d8	Then choose who you want to take with you: the dragon for {LEVELx30}, the cat for {LEVELx20}, the wolf for {LEVELx10}.
ad27b644bb	Uh-hhhh???
ad321747f8	The problem of Magister Windchaser, who was hounding me, is solved.
ad4a4d085f	([BLUE]The body of the mortally wounded mage suddenly begins to change hideously[]) No, this time you won't defeat me!
ad5c830899	Then we set out for Mount Orogg. They are already waiting for us there.
ad60676237	[BLUE](The little boy doesn't want to talk to you while Sansa is with you)[]
ad6ae54b2c	It seems you didn't learn the lesson back then and kept seeing her until I stepped in, though it was a little late by then. [BLUE](she stood behind the child and looked at Alarion)[] And once again I have to deal with the consequences of your foolish actions. [BLUE](Bernadette seized the boy from behind; he tried to resist, but despite her fragile build the woman was clearly stronger. There was a sickening crack, and the boy's body went limp and slipped from the princess's hands to the floor)[]
ad6be606e1	Until we meet again, traveller; I'll be glad to help you again.
ad7d38d01b	My girls brought one of the freaks here. I had a talk with him, and before he lost the ability to become anyone's daddy, he told me where their boss's lair is. It's near Rhöneis. I've already sent Agnes and her squad there, so get ready and go help her.
ad8378a38d	Greetings, traveller. The coast road is safe for now, but we're expecting an attack by the Heavenly Knights!
ad8580529a	Hm, maybe so, but I can't just drop my current job; it would reflect badly on my professional reputation.
ad88bad4ad	[BLUE](a sturdy-looking old man with a stern face smiled when he saw you)[] Greetings, hero, glad to see you.
ad8d87984b	I helped the necromancer Gwen of the Deadwood and received a reward.
ad993dcdc7	I'll try, but I promise nothing.
ada129795c	No, I'm not interested.
adaab40410	[BLUE](A kindly priestess, glad to see you)[] Welcome to the temple of the Northern Gods, traveller. In our sanctuary even non-believers can receive a blessing or have their weapon blessed, if they're well enough known in the kingdom! [BLUE](requires reputation 10 in the Northern Kingdom)[]
adb158ac5e	We'll be strong, and no evil will defeat us!
adc4ea3f5a	Sorry, but I don't have free time for that.
ade1d944d0	Give it to Sansa!
ade949c5f4	Hear and obey.
adeef51869	Great, I have that armour with me: Armor Servant of Light.
adf05d4690	In the port of Istril I met the huntress Scarlett. Her boyfriend Kriop has gone missing, and she thinks he ran off after robbing her. Perhaps I can find out something about him in Istril.
adf18e89a6	Greetings. Did you manage to find the stash and take its contents? Or do you need one of my magical services?
adf2ad03c9	[BLUE](A young sorceress who stands out for her large bust)[] The idea of enlarging my boobs worked out. Maybe I should make my butt bigger too?
adfe2edb4a	I have small sapphires with me.
ae050facb2	We'd be very grateful if you helped us. We have nothing but words to thank you with, but when we get home we'll tell everyone about you.
ae092e25b6	I must help Dominic defeat Durant.
ae1c1e2d76	[BLUE](the frowning man nodded in greeting)[] Havis came back before you and said you'd gone to Istril to check how Lukan had done with his task. He never came back, and I sense you have bad news.
ae1e510f6b	What exactly do I have to do?
ae233ad2b6	Maybe, but in my soul I'm as black as my brothers, I'm blacker than the night itself! And you're just a white bastard who came here to show his superiority over black folks, to show how special you are compared to my black brothers! What do you say, Tif Katt, am I right?!
ae47e70c00	Relax. Neither you nor your gang interests me. I need your deputy Bubba. He has information about the man I'm looking for. I'll help you find your deputy and get the info I need, and after that do what you like with him. Your showdowns are none of my business. So let's get back to what we were discussing...
ae498fcf69	Thank you. People have told of bear-like creatures called ursans, living on the Korne peninsula. I have heads of every kind of bear on my wall except that one. Could you bring the head of this creature?
ae4d34f2d2	No problem, I'm ready to help you, but some bastard stole one of my best mares. Of course, it doesn't matter who's harnessed to the cart. What matters most is who holds the reins. But Zheket, my mare, she's become part of my family.
ae5a5f6ea8	What an unusual weapon! To lay the charms effectively I'll need other ingredients, namely twenty human skulls and three demonic ones. And because the work is difficult it'll cost more: [BLUE](4900 coins)[].
ae5b7061e6	Seen? Oh, really! I must be losing my touch! Um, maybe it was some other green, hairy, big fella!? These days all sorts roam the world, heaps of suspicious types!
ae5bbb9ca1	Albeno took offence that I gave the book to the client myself, and I had to come to terms with him.
ae6bb3d2ff	Hey, friend, want to send all the living to the other side? For a small reward, {LEVELx100}, I'm ready to help you with that.
aea0f2edec	Hooouu, raah guaaaag. Raahhh waauuuu eeaaaar uee. Uaaaah wuuuurrr muuaaaag, {LEVELx50} ooeeeeg muuuueeeg ruuuuuaaa.
aea73a53cc	Dominic suggested meeting him in New Garand so he can thank me for my help.
aeb3674e5a	I've long been feuding with a group of mages led by the scoundrel Lexus, who wanted to steal my magical research to make a name for himself. I've planted plenty of my spies in his rabble, and now I'm ready to deal with him and his underlings. I've prepared a trap for them, but I need someone to play a defector who'll lure them there. But the scoundrel knows my people, so I need some newcomer he doesn't know, and you'll do perfectly!
aeb6e801f9	Well, you know best, but there's nobody here except my crew, and you seem to be in a hurry for the job. Good luck finding another gang in time.
aec23d3892	I don't have anything suitable.
aec659702a	What the devil is this!?
aec8abec8f	I doubt it, but I'll try to prove I deserve to own the holy relic.
aecec59990	It seems some passages opened after that creature died, and it's high time to get out of here, unless, of course, you want to fight all these clones.
aed04710f0	It looks like Cryop died hunting beasts in the woods by the quarry. I found this bow there by a body.
aed834fcf3	I can solve your problem if you agree to work for me, but you'll have to move to Rigordion.
aee6a7e1b5	Pour it!
aeecd515e0	What? Another useless fool?! And besides, what's to stop the vampires, of which there are plenty under the mountain, from getting out to hunt once they run out of food?!
aef5454575	Well, scouring these stinking places for something edible while trying not to get eaten, I happened upon an entrance to a dungeon even deeper than the sewers, and I spotted a portal there. No idea if it works; I couldn't study it because of the vile creatures prowling there, but you can take the risk.
aef8622b56	But the ones who summoned him and locked him here are long dead! We free him, he rewards us generously for it, and he quietly goes back home.
af0ae8fcde	No, there are no holidays here, but we could have one! We could skip the sacrifices and skins, cut down a fir and bring it right here, decorate it with some coloured rags and fruit, and have a feast! I'm sure we could easily talk Uncle Tonel and Aunt Jeanne into helping us!
af0f7df685	[BLUE](an unpleasant-looking type)[] Hey, friend, I've got some loot... I mean, honestly earned goods on me. Want to take a look and buy yourself something?
af190aa5de	[BLUE](Without the magic map you won't be able to find the stash)[]
af1c67a1d9	In case you hadn't noticed, you're the one lying in the dirt like a beaten dog, and it's up to me alone whether you die right away or suffer a while first. Considering all your vile deeds, I'd prefer the second option.
af268b3b95	[BLUE](a serious-looking, richly dressed man, clearly some local official)[] Greetings, I am the governor of this city. So you are the very hero who killed the orc general, which allowed our warriors to defeat the enemy. It's strange that neither you nor Captain Greedy sent anyone so that you could be given a reward for that feat!
af3b4bda31	Don't worry, my lady, we'll sort it out now!
af47b5a8a9	What? I didn't know! Durant didn't say anything about it... I'll make it right, brother! I'll find your son and bring him home!
af4dc8cfc7	Don't worry, our Lady has plenty of guards here. They don't let just anyone wander around the refuge.
af50a8a7d7	[BLUE](an elderly wizard was examining some scrolls on the table; when you appeared he calmly carried on, only speaking quietly)[] I expected that one of those he sends after me would find this refuge one day. Well, before you get down to the dirty work you're paid for, let's talk a little.
af56c58473	I met an exiled arcane knight named Duncan; he asked me to kill the goblin king. I can find him in the caves at the foot of the Wyvern Mountains in the north-west of the Sagar Forest.
af590dbaa8	Hello, my friend, glad to see you in our lair, though we're not having the best of times here right now.
af5ea7ed5c	Maybe someday I'll be interested to hear more about that from you, but for now I'll trust you. You're clearly experienced in such matters.
af5fe4c8ed	Checking your belongings, you find that some of your money is missing. It seems you were robbed while you slept!
af6c380ccb	Glad to meet you too. You're so pale. You're not a vampire, by any chance?
af6f7c94ab	[BLUE](A serious-looking young woman studying you with interest)[] Well, what a surprise! Adaon! How many years has it been since we last met?
af7013816a	All right, where can I find her?
af77a2e023	What? It's you who stuck your nose into someone else's business, brother! Do you have any idea how many days I tracked that rat, and he just slipped away! Because of you! All that effort and time down the drain!
af83c12574	Oh no! They're coming already! They're near! They're here already! We're doomed!!!
af8b914151	Hi, sorry, but I don't have time for that right now.
af8bf24145	That's where there's a little problem. A year ago he moved to Deepfrost, and now you'd better not go there. I advise that for your own good.
af9224e72e	Hey, Vince, what the hell, I thought we had a deal? And what the hell is she doing here?!
af98cfee92	I'm not going to touch that thing.
af9f8db133	No wonder. Dilettantes like you shouldn't be exterminating undead; that is the calling of paladins and the holy brothers and sisters!
afad3d2fdd	I'll hand this body over to the mages. It'll be terrible if it turns out to be true. And you, sister, go back to your post immediately. We'll talk later without outsiders. For your efforts, traveller, receive this reward.
afaddadc85	[BLUE](turning towards the noise, you see a group of brigands coming out of the forest)[] The Archon was right that someone else would come here, and you, moron, didn't want to wait, you wanted to clear off right away.
afbbcd8e97	Hm, I have some unused fringe, and some knitted toys. I think they'll do for decorations. I'll get everything ready, and you'll bring the fir here yourself. By the way, a group of woodcutters recently went into the forest to the north-west. I'm sure if you find them, they'll help you find and cut down a suitable tree.
afe6287062	[BLUE](The picture of the sun goes dark)[]
affd338276	Here's the ring that belonged to him.
afffda89cf	[BLUE](A fairly young-looking wizard eyes you suspiciously)[] Hello, poor fellow. Another victim of Astutus's arrogance? Well, you're not the first and certainly not the last to get kicked out because of his stupid whims. We treat people more sensibly in our company, so welcome, if you want to stay and be useful.
b003a478cb	Well then, don't drag it out. Pronounce your sentence and carry it out!
b00499a8c2	Welcome to my laboratory, traveller. Would you like to look at my wares, or do you need healing or mana restored right here?
b0078cf2de	Our prisoner told us where to find the man who hired them. I sent my lads there, but that type turned out to be just a middleman. Vince easily cracked him and found out that the main employer is a certain Baron Enterprise.
b010e1eef1	I watch the bastards in all the kingdoms who might threaten Varsilia's security, and I study them closely. And now you've become one of my main targets. Before, your gang sat quietly and didn't draw my attention much, but now your cutthroats are running riot in the towns and on the roads of Varsilia in broad daylight. You'll have to answer for that.
b019e28f1f	Enchant this Staff.
b01d779314	Neville suggested stealing the enchanted knife from Baldwin, and I agreed. I must meet him at night behind his father's house.
b02d8ebd78	[BLUE](You come to in pitch darkness)[]
b038bf0792	Yes, I have it.
b03c2823e1	I must meet Anita at Castle Storme.
b040d29ec8	Enchant this Mage's Wand.
b04a54ca47	Some of my lads managed to bribe one of the street ladies, and she gave away the location of their boss's hideout. I've sent a squad of my best cutthroats to deal with her. Go to Mount Storme and help my lads.
b061593e41	I have a Potion of Moderate Healing!
b062aa691a	Here's the key with the number. Go upstairs and find the right door.
b065be056a	Maybe we shouldn't involve the magister? You heard what happened to Fiydon: as soon as he agreed to help us, he was declared some kind of necromancer, and then he disappeared; most likely he's already been killed. And sending Lukan to Istril isn't the best idea either; he talks too much and draws too much attention to himself, and he doesn't look respectable enough for negotiations with decent people.
b08d895d8f	The team assembled to destroy the demon bear will wait for me at the camp in Dreamsnow Valley; I need to prepare before joining them.
b0b00a7ccc	Give me the Temple!
b0b1cc21f9	Morgen! It's not too late, the curse can't have taken full control of you! Fight it! Keep resisting and you'll break free of it! And together we can defeat the evil that dwells here!
b0b89d2201	I told you, you dimwit, I didn't take anyone's money!
b0c25fddae	And what was the point of this senseless performance, Your Highness?
b0c3697bc0	You know, I'd gladly become better, but there's no room left for better.
b0d5298e56	What? How do you know anything about the Magister and the Forsaken? Wait a moment... Could you be the archmage's child he's looking for?
b0d53ca2a5	What donation exactly is needed?
b0e6b8e913	[BLUE](It seems the guards don't believe you)[] Don't wriggle, you clearly didn't end up here by chance! You'll come with us together with this rascal, and explain to the praetor who you are and why!
b0eb14864e	Go, Jack, I believe you won't let me down. And my new brother and I will find that bastard Durant!
b0ecd8177b	All right, let's go.
b1108ecd17	Glad to help your city.
b118efada1	There seems to be nothing difficult about it; the main thing is to find the right place. The castle has dungeons, doesn't it? We'll activate the seal somewhere in the middle of them so that its aura covers the whole mountain.
b1207c0d1e	Shut up, scum! Think you've beaten me? Don't celebrate too soon, you wretch!
b126d8b64a	Really? And you couldn't ask him politely? Oh well, if it's a fight, let's fight!
b12ebc30b5	Do you know what really happened here, and why the castle was sealed?
b13345b467	Hmm, that is a radical solution, but you are right: even if we manage to stop the spell with the totem, the cursed mage could create another, and we would have to find a way to protect ourselves all over again.
b1447fb727	If you're ready to help Hermes, I'll reward you for freeing him!
b1503317d7	Really? What's the problem, Alarion, don't you trust us? And I thought we'd already become close friends after what we had to do together.
b15b59d53f	I must return to Castle Storme to find its founder's notes on how to defeat the vampires.
b163e57445	I met the novice Hank, who told me about a missing party from Rigordion; I agreed to help him find them. First I need to explore the abandoned mine north of the Coal Quarry.
b16c7d07a3	Hm... Well, that's how it is! You're right, I'm clever... Yeah, very clever...
b175dcde80	Looks like we beat them all! I'll hide in Lamis until the dust settles here. Thanks for the help, I owe you. We'll meet there!
b17729bfe0	Well, if you don't want to become a lifelong cleaner of the Icemist sewers, tell me who paid you.
b18618570b	Thank you for agreeing to help me.
b186499bb7	Actually, no. The adventurer was so glad to get out of there alive that he didn't bother leaving even the slightest notes about his route. He only told me he'd explored the caves in the Crimson Hills and in one of them found a way into the diggers' tunnels, which he followed all the way to the Temple of Knowledge.
b19385de3e	It's simple: small, divided groups are far easier to manipulate than large organisations! It's just a dirty business, for the good of the whole kingdom!
b1c3717347	I. Am. In. Her. Place.
b1c91e3280	You tire me with your empty chatter.
b1d8e758a9	I'm fine. A vampire attacked me, but I managed to defeat it.
b1e3a4ded0	I will switch to energy-saving mode. Perhaps the remaining battery charge will last until my hardware fails completely and I cease to exist.
b1ebcd9cfa	[BLUE](this is the entrance to the vault, but a magic barrier blocks the way; you can't manage here without Sansa's help)[]
b1f2199470	There's a cave in the Wyvern Mountains. He lives there.
b1ffbbfd12	Wow! What a big... I meant your sword! It's so big... Um, what did you want?
b2156e3718	[BLUE]("...the caves led us out to the other side of the impregnable mountains. Ahead, all the way to the horizon, stretched fields shrouded in dark fog, and we had to make our way through it. But it was not mere smoke: the cursed land exuded rot and decay, the smell of death, and nothing around could be seen in it. We walked blindly, trying not to lose sight of each other. It seemed it would never end, but gradually the fog of death dispersed, and walls could be seen ahead...")[]
b215c2f1aa	Have you completely lost your mind, brother?! If the fate of our world were left in your hands alone, it would soon turn into Tol's own paradise! Where do you think you're going without a sword that can destroy vampires and the seal to lock them in their lair? Otherwise they'll keep coming out and attacking us forever!
b21aeb831d	Enchant this Bluesteel Axe.
b2278808c1	Oh, then I'll talk to our Lady. Maybe she'll assign someone to help us! See you in Lannegar!
b22f82d3f7	Nothing yet. Come tomorrow.
b234d8006d	I must meet the Archon and the pirates west of the Dragon's Nest at the river mouth. Princess Bernadette told me not to tell Prince Alarion about her plans, but it's still worth passing this important information to him to help his cause.
b236de23be	Can you enchant this greatsword, Bloodsucker?
b23c691322	Well, that's worthy. Carry out one more errand to test what kind of warrior you are, and I'll take you onto the team for the holy mission.
b26ab2f156	Hi, what do you do here?
b27c8d9c98	Let's hurry before something's done to our girls, all right?
b28a2e7710	And how about this, just think: you can keep the whole sum instead of hoping to get only part of it, and no one will hold you to account. We'll deal with your employer if you tell us where he is.
b290f545c7	Your opponent chickened out, and there's hardly anyone here who'd dare fight you, so it's only fair to declare you the champion and the strongest woman in all the kingdoms!
b2a39741a1	But better than spending years trying to succeed with performances, mostly in some backwater.
b2b693809d	Of course I will. The city is my element, and my tongue is my main weapon. You know that...
b2b6f5f172	Correct, next question! While in the Elder Forest location, which location can you not reach?
b2c0fcbf0f	The villagers were killed and turned into zombies! But it seems some of them were taken to Castle Storme; I must save them.
b2c52e8e15	I found the ancient seal; now I need to meet Anita in Freetown to discuss the search for the sword that can kill the chief vampire.
b2cf834661	Fine, let him stay, as long as he behaves himself...
b2d8477baf	We need Johnny alive, so if he acts up, don't overdo it calming him down.
b2df319e99	Something quite obvious. The war with Mercia has drained the royal treasury, and the current taxes are not enough to restore it to its former level with the constant expenses. So why not make all kinds of riff-raff, like whores and bandits, work for the treasury? They are part of this kingdom too, after all. And the king can remain in ignorance with his moral principles intact; he doesn't need to know where the coins in his treasury come from!
b2eb078740	Well, let's see what you've got.
b2eeaabe7e	Hey, silly girls, pack up your circus! Boxing and wrestling are men's sports, no place for women in them!
b2f2fa68c0	Thank you, my friend. The problem with the nasty ladies is solved. A pity it had to be done this way, of course; I tried to settle it all peacefully. We'll take over their boss's enterprise so it doesn't go to waste. And here's my thanks for your help.
b2fa04be91	[BLUE](An ancient stone altar with a blue stone set on it)[]
b3096350f6	I know that Alarion is a prince and the main heir to the throne.
b30ec04eb8	True. My sister nagged me to death with her talk that her son had long deserved more than the post of captain of our fleet's flagship, so I had to send old Falius into retirement and give his post to Dariel, so she'd finally leave me alone. Ah, sometimes I think it's time for me to retire too, but finding a worthy replacement keeps me from such a hasty step.
b3133b2260	Freedom or Death
b326c68e09	He who never swam never drowned, and he who drowned has drowned.
b32e4b2791	Then let's go.
b32f64c8b1	I've no idea who he is, but I followed him, so I could find him if he didn't pay the rest of the promised sum for our work!
b3323bf0bc	This is the last warning!
b34c373354	I enjoyed travelling with you again. I'll rest, and we'll see each other later, all right?
b34d1fabea	Now he looks even more disgusting than before.
b3556edc34	No, we haven't gone into the castle itself yet.
b357673bb0	Something must have survived here?
b36e58d670	Let's get to it.
b379eeb6c9	My brother is polite and noble, but I'm not. I'm not going to put up with white bastards here and coddle them! So get lost while you're still in one piece!
b37e822b98	[BLUE](the tramp immediately jumped back from you and, howling with fear, ran away without looking back)[]
b385ac08ee	Seriously, you're boasting about beating such a weakling?! And what threat could that bare-assed fool and her zoo pose to the kingdoms with their huge armies?!
b392031ee7	No, wrong guess...
b39286181c	All right, let's get down to business.
b39ae7281a	Then what are you waiting for? Let's see how you prove to me how much of a man you are.
b3ab766f81	[BLUE](A very pale girl dressed in some rags that do nothing to hide her slender body)[] Oh, I underestimated you, but you're not my problem. I'm not the one who dragged you here, and I'm out of here! [BLUE](The girl turns into white smoke and vanishes)[]
b3abed6372	It happened near the Royal Lake. If your people go out on the Istril road, Captain Titus, maybe they'll find my things.
b3b134d975	Gang, to arms! These bastards won't take us so easily!
b3baf66826	Although I couldn't save High Priest Killian and his comrades, I was able to return the relic and received Honorary Guardian Nabiya's thanks.
b3c3cd8696	A little green man told me I'll find the forester in the mountains, which I can reach by jumping over the pit.
b3d01d65a3	As I promised, we're here.
b3d704c87c	You'd better not know exactly what lives on the other side of the island. You should run and save yourselves before it's too late!
b3d92e2637	Evidently Balthazar trusts you, since he invited you into his tower and gives you errands. That's what we'll use: thanks to you I'll be able to get into the tower and stop the madman before he activates his machine. You won't go unrewarded; I'm a rich man and won't be stingy with gold.
b3efecc612	All right, thanks for the advice.
b403a6a8ab	[BLUE](Side with the mage's apprentice)[]
b40422384d	Great, I have that armour with me: Disgusting Armor.
b4092800e6	And you need help dealing with them?
b40b3d37ec	Then why did you come, guard?
b40ebe871b	No, but I advise you to drop into the Istril tavern. It's always full of rumours.
b41098498b	Yes, but where should I look for these creatures?
b416a2d271	Your zeal is commendable, but first I must see how good you are as a hunter. Get trophies from six polar bears and ten snow wolves, so I can be sure.
b43c1fffac	[BLUE](This is a magic door. There's no way to open it and go out)[]
b44341922f	[BLUE](This dead man seems friendly)[] Ah, once, like you, I was young and handsome, full of strength! But then I suddenly decided to get married, and now I've become what I am...
b4452d24d7	I choose the coins.
b445337913	[BLUE](The creature's fiery eyes seem to look into your soul)[] Easy! Don't panic! I'm not going to fight you. I just need to talk.
b44f54a19f	Did you really doubt me, my love?
b45974a2da	I promise I won't tell anyone about this incident.
b45dcc57c5	Here's the manticore stinger you asked for.
b45ede11ed	I got a dragon heart; I need to return to Gigi so she helps me reach the leader of the sorcerers' faction.
b475d01f23	And where's granny?
b47b631f48	We'll help you beat them all.
b489b3e987	[BLUE](He doesn't get to finish: there's a crash from above, and through the ceiling, collapsing in several places, a group of big armoured men drops into the hut. One of them starts yelling loudly)[] Freeze! Faces on the floor! Varsilian special guard!
b4a8e7dbb7	The sergeant at the northern checkpoint said the zombie clergymen should be looked for in the Royal Forest near the old royal castle.
b4ad0a434c	Dragons are too cliche! Who cares about some dragons?
b4afb6bf1f	As I understand it, you're the one hired to shut the mouths of talkers who are too clever?
b4b7cf4181	An arcane knight? No, I haven't met anyone like that here, but I can help you find him. Or rather, these ruins will help us. There's still enough magic left in them.
b4c0346369	Definitely.
b4c4878580	Villagers by the southern wall of the city report that some creature has wandered into the southern reaches of the Chill Shore, something like a mix of polar bear and man. The creature attacks travellers, luckily without deaths so far, but sooner or later someone will die, so this creature must be exterminated.
b4cf235b48	Now that piece of shit definitely won't get up again!
b4d27a027f	Another head will appear on the wall today, and it'll be your own, and I'll take your stone!
b4d7a68327	Good. All of you survivors who chose to back that rat can clear off while I'm feeling kind, but if we meet again I'll finish you without another word.
b4d8ae1072	Well, I have an acquaintance in Freetown. She's a big fan of yours, and she'd love to read your new poems.
b4e97600fc	Well, it seems your rosy plans are not meant to come true!
b4eaee7417	What? You seriously think some spell has taken control of me? Fool! I did everything of my own free will!
b4f510e762	All right, here are the coins.
b50a8f3af8	Take the cloak.
b50b22810c	Hold on, you're white-skinned yourself, actually.
b51724217b	Greetings, wanderer. Our errand could be very dangerous. Prepare yourself well.
b52124bb7a	Damn, looks like they've set an ambush for us!
b52f19df8d	Yeah, run faster, before we decide to catch you and break your arms and legs!
b534cd94e7	So, while in the Elder Forest location, which location can you not reach?
b557e14363	I don't know how you managed to talk Hilt round, but the first cart of iron has already arrived! Meanwhile I'll talk to our potential buyers. It'd be good to get at least fifteen more bear hides.
b55bfc9dbe	Enchanting daggers and swords will cost [BLUE](200 to 300 coins)[], hammers and axes [BLUE](250 coins each)[], and anything heavier [BLUE](over 350 coins)[]. Making the amulet will cost [BLUE](650 coins)[]. If you have something suitable and the right ingredients with you, I'm ready to get to work right now.
b567169b65	[BLUE](This warrior isn't much in the mood for talking)[] Greetings, traveller. The roads in these parts are very dangerous. If you're going to travel, better choose the sea route.
b5767051f3	Percy suggests breaking into the suspect wizard's house; for that I must get a device from his acquaintance Elle.
b57fb628b1	But you once said of Lukan's death that it must not be in vain and he must be avenged.
b5876dec7b	I'll try to find him.
b599c3b592	Um, Holland Storme?
b59e5945e1	Hi, the boss is in, if you need to see her.
b5ad96559a	Violetta must be there already, waiting for us.
b5b68d13be	The wife of the governor of Freeport was robbed, and on his orders the city has been sealed off. Perhaps I can help catch the criminals; first I need to talk to Praetor Anwar.
b5b8ac95a8	What championship?
b5b9d8b1d6	Let's go!
b5bd424e24	Suit yourself!
b5bdc97289	I must find the necromancer who lives in the Deadwood near Kingsbridge, to contact the spirit of Castle Storme's founder with her help.
b5c5d1ee91	Honorary Guardian Nabiya asked me to rescue High Priest Killian and his men, who went into the barrow; I refused to help.
b5c70b9c65	Greetings, friend! Completely free of charge, I can help make your life in the kingdoms easier! What do you wish for?
b5d6ec8bd5	[BLUE](You're about to answer, but you're distracted by a breathless elderly man in a robe who comes running out from behind a house)[]
b5e7d998c8	Excellent! Then we'll start the search there. Meanwhile you can prepare for the mission. The team and I will be waiting for you at the eastern outpost of Dreamsnow Valley.
b5fb926165	Hi, little brother. So the boss filled you in? Here's the deal: Johnny has disappeared and we need to find him. He usually hangs out in New Garand in one of the dorms. No idea if he's dumb enough to hide there, but we should check that den anyway, maybe we'll be lucky.
b5fc75539a	I managed to find old traces of their stay in this little village, and I suspect they then went into the abandoned mine whose entrance is north of here, but going in there alone with my gear would be foolish. But maybe a hero like you will do a good deed and find these poor fellows, and the High Priest of the Northern Kingdom will reward you.
b60065572e	I destroyed all the seals holding the being from other worlds; now I can discuss my reward with it.
b608aa079c	Maybe you don't care, Pandora, but I find it kind of gross to think I was sort of sleeping with my own brother!
b620e6d931	Yes, I'm his friend, and you'd better let him go, or you'll regret it!
b622c9b13e	Well, that's not a very sensible decision, but if it succeeds, we'll be rid of further problems this nasty baron could cause us. And clearly that idiot Rickman won't manage without our help. Go with Agnes to New Garand and help him. I'll join you later too.
b629590e35	Do you know how to get there?
b62ae09560	See, nothing bad happened to you. They're just good, tasty mushrooms, right? I know my mushrooms.
b63c41711f	Not yet.
b63f18e7bd	[BLUE](This dead man seems friendly)[] Anchor down my throat! A fresh new one has come aboard?!
b641ea8a9b	Excellent. One group has settled in Solliga. It's led by a certain mage, Lexus the Defender. The second group was once in Solliga too, but after the feud between them started, they moved here, to Icemist. Their leader calls himself Magister Astutus. I only deal with Astutus's group, since he strikes people off his trust list for any ties with the other group.
b643db3e43	I wouldn't mind, but I haven't finished my last order yet. If you help me, I'm ready to work for you.
b660751321	Great, I have that armour with me: a Charmed Robe of Adept.
b668205fd7	Yeah? Then why didn't you drag him straight to Alaric, instead of staying here alone with him?
b66e7152b5	And who is this Bernadette, the woman who came to the governor?
b671f58e27	Hmm... I need to think... That's not a simple question. This place... Hm, now I'll think some more...
b67bec6693	On the road between New Garand and Kingsbridge I came across a bandit and a girl quarrelling; I helped the girl pay the bandit off.
b698223c69	It's sad that we had to do that to him.
b69a72bc99	The governor of Istril asked me to find and kill an evil mage; I refused.
b6a8006b89	All right, I hope so. If you like, you can stay and watch our rehearsal.
b6ab6601fb	As you wish.
b6ac519cc2	Twice as much as last time.
b6bb178a5b	[BLUE](A fairly young-looking wizard eyes you suspiciously)[] This doesn't look much like a working laboratory.
b6bd3fa41a	Well, um, the deputy head of the magic council proposed a way to restore the minds of the crazed people in the area and wanted to test it himself. Many council members supported his idea, and I volunteered as a helper. [BLUE](The girl raises one of her legs to stretch it)[] My task was to find some small group of the crazed.
b6d1b7c80d	Thanks!
b6d48ed2de	Hey, I think you'd better leave our settlement! We have enough problems here without you! An invasion of the dead, and what's next? Sorry, but we'll be much calmer without you around!
b6ef2fd028	Oh come on, don't start again. I've come to you on business, actually.
b700daf572	"A staircase leading down into the dungeon."
b70ffce376	Maybe we shouldn't go in there?
b719c8023b	Hm, once you've convinced this Shenron that the crown is useless, try visiting my older brother. He's the finest smith who ever lived on this earth. Though this object is disfigured, it should still hold crumbs of ancient magic, and he could try to reforge it to use the remnants of its former power.
b71b5790b7	We don't need many people for this job. I'll go to Istril myself, and I hope you'll join me, hero.
b725cf866c	Bless this Heavy Scimitar.
b734d10600	Quite possibly, but it has to be looked into carefully, so I'm turning to you. The rest of the gang doesn't need to know yet that one of them is a rat. Vince is the man I trust most. I've told him what happened, and he'll help you with this.
b73748e6a4	I hope we'll find this spotted swamp creature, right?
b739ca8f54	[BLUE]a motionless body in a ditch, reeking of drink[]
b73a82bb64	My work on this armour will cost you 300 coins, and I'll also need three white wolf pelts.
b75867286c	I heard the monster had returned too, though I hoped it was just an ordinary man-eating bear on the prowl. Well, maybe good warriors can deal with it. You should look for the monster somewhere by the eastern mountains, though I'm sure it'll find those who go after it by itself.
b75d98b05e	I'll go to Nivarian, my friend, and tell my sister the good news. See you later.
b75e3d1a06	Read something from the beginning.
b761f1cff4	[BLUE](Bubba falls to his knees. The handle of his hammer has broken and the hammer itself flies aside. Tossing away the useless handle, he draws a terrifying-looking dagger)[] No, I'm not going to give up that easily, the fight is only beginning!
b762b9f79c	How can I help you?
b76b223a6f	Don't waste your last breaths on pointless words. Everything's clear as it is.
b777035ae2	I killed the goblin king; I need to take some proof of his death.
b778445063	Enchant this Heavy Scimitar.
b77f1e52bc	You move on to the other manuals.
b77f514d26	Calm down. Who are you, anyway?
b78087c06f	Shut the hell up, or I'll crack your skull and your little friend's! Hand over the magic key and you'll stay in one piece!
b79e07f21f	I'll be very glad if you change your mind.
b7ae67e51f	The situation's lousy whichever way you look at it.
b7af0c7901	Great, I have that armour with me: Hardened Leather Leggings.
b7bddcc391	Thank you. I'm planning to hold a dinner for my colleagues and cook an exotic dish. For it I need the meat of the great apes that live far to the south. Could you bring such meat?
b7c1fec2bf	Great, I have that armour with me: Traitor's Chain Leggings.
b7e54ec9cd	Well, try it, if you're strong enough!
b7ea4dd4fc	Magister Mundric agreed to give me the key stone from the Temple of Knowledge if I bring him a warg skull.
b7efb18414	Go to the New Garand Farmlands. That's where we agreed to hold the meeting.
b7fb0d6a10	A bit far, but at least I haven't made trouble in that town yet.
b81b50a19c	Surely. Let's go back to her and find out.
b81f3eda4b	Of course I saw her. Hard not to notice such a beauty! She was walking here in the square, spent some time by the alchemist, then went off somewhere.
b826f509ea	[BLUE](A young-looking sorceress)[] Now I think leaving the city to wander the wild lands wasn't the best idea.
b8297918aa	This lady must be very beautiful if you're taking such risks. Or is it all about her great wealth?
b830dd2867	Then we'll persuade him otherwise.
b84a61cebf	And what do we do now?
b84e25ef27	I need to meet the gatekeeper in Istril to tell him I delivered his message.
b85d8fc813	Hm, Cryop? A couple of days ago I heard the local hunters say they'd crossed paths with some village hunter in the woods by the quarry, and they mentioned his name, Creep or Cryop. Maybe it's the hunter you're looking for, maybe not, but several days have passed since then. I doubt these tales will be much use.
b85df827f6	Rrrawr-rrrrr.
b86e3c8dda	Rhöneis.
b870a3626d	[BLUE](a sturdy-looking old man with a stern face smiled when he saw you)[] Greetings, hero, I hope you'll find the boy.
b88481c538	I need to find the ancient seal that can lock the vampires in their lair; it's in an abandoned tower in the Zamohr Mountains.
b8902db22f	Can you bless this thing? [BLUE](Show her the Oak Cudgel)[]
b893e53183	I have Deepfrost cognac, let's keep it simple.
b8b15e1d53	That sounds dangerous. I think I'll pass.
b8c11a4125	Talking to you? Nobody would even stand next to a fright like you!..
b8da01d9bb	As I learned, after that hero died, his sword was taken by a collector. Later he or his descendants founded the Golden Hand. Perhaps the sword is still kept by them.
b8e03e8127	And another bunch of trashy faggots got sucked in. Let everyone know Rickman is our real boss!
b8e4cb1861	I already have a dragon heart.
b8ecb93a83	Smooth talk. What do you say to that, Vince?
b9015eee9b	You lousy gerontophile! Maybe I should have called some necromancer to dig up and raise my great-grandmother? I'm sure you'd like her too! Jerk! [BLUE](The angry sorceress launches a bolt of lightning that roasts you thoroughly, then teleports away)[]
b90a3b22da	[BLUE](You spot the flowers you need, and just as you reach for them, you hear a shout behind you)[] Stop! Hands off the sacred flowers!
b919a96e9f	Great, I have that armour with me: Armor of Secret Guard.
b9248c0fc2	[BLUE](the elderly wizard rushed to attack, and you have no choice but to fight him!)[]
b929687aa9	What an unusual weapon! To lay the charms effectively I'll need other ingredients, namely seven human skulls and one demonic one. And because the work is difficult it'll cost more: [BLUE](550 coins)[].
b933044796	Certainly, we could use a hero from outside! All our forces are busy keeping the enemy from breaking into the city, and there aren't enough people for other tasks. As it happens, the scouts spotted the orcs' warlord in their camp. If he could be killed, we could defeat their headless army. Reaching him won't be easy, but I guarantee a big reward from the castle if you complete this task.
b9357bf875	Can you bless this greatsword, Widowmaker?
b9424c2bdd	Shall I take you to Lady Ironstone?
b9564f382c	Come with us, horsey. We'll take you home to your owner.
b9625c4752	Thank you, I was glad to help.
b963eff750	Enchant this greatsword.
b97d2458b7	Oh! I admit violence and destruction aren't my thing. I'm more of a creator, but because of the high rent for my little corner of hell, I have to take side jobs like this. And I wonder, do you have an occupation you love, or do you also have to do work that doesn't interest you?
b97e9a0144	I need to find a suitable fir tree for the celebration in the forest near Whitetower; perhaps the woodcutters who went north-west can help me with this.
b98235c08b	I must escort Sylvia to Nivarian.
b9896eee6a	Can you enchant this greatsword, Soulcatcher?
b98f8dc097	I'll be grateful if you make sure the princess is safe and report back to me.
b998de44d9	([BLUE]An old-looking man with a scarred face who has clearly been in many scrapes[]) Aha. So you're the young hunter Whitewater was supposed to send? Hm, I'll have to work with what I've got... My name is Colt, and now I'll tell you about the beast you'll have to kill, or it'll kill you, whoever's luckier, ahem.
b99f86f3d3	I need to return to Kiara in Liberty.
b9a77abb12	([BLUE]A knight in unusual armour, cleaning blood off his sword[]) Thanks, buddy, for helping me beat those vile creatures! Damned goblins, there are more and more of them every day, and nobody in New Garand cares what happens here, on the border of their kingdom! By the way, my name is Duncan.
b9adef8d81	All right, that freak has just sneaked into my home again. I hope you won't let me down. By the way, you can call me Sansa.
b9b1473af7	Fine, I'll keep that in mind.
b9b6366357	It's your right to believe me or not. I have already accepted my fate, but I hope that one day people stronger and braver than I will reveal the truth about our king to the whole kingdom and rise against him. Hm, the governor will obviously demand some proof of my death from you; I wonder how badly you'll have to desecrate my corpse.
b9b8c8aa47	Well then, we'd be glad to learn something about who you are, and, uh, about the treasure, if there is any...
b9bd09f394	Outrageous! My appearance may confuse and mislead you, but I feel like a woman, I identify as a woman, I am a woman!
b9bd0fc838	We couldn't find our friend here. Let's head back.
b9bd288895	Nothing yet.
b9cc7e5305	"This is the entrance to the abandoned mine."
b9d34d1976	And what can you offer?
b9d6629d06	Go on, try to take it, old man!
b9d87da5a7	A good deed! But here's the thing: recently rumours have spread that squads of zombies who were once clergy are roaming those parts. Such sacrilege is unacceptable! Whoever desecrated the bodies of our fallen brothers, the main thing is that they must be laid to rest once and for all. That way you'll pay them their last respects.
b9d9fcbcda	[BLUE](You examine the corpse, but it has been robbed. Perhaps the camp of the orcs who killed the courier and took the wizard's artifact is nearby)[]
b9def34bcc	In recent years a lot of new faces have turned up in town and the competition has grown, but I'm still afloat, because one of the big enterprises is in my hands.
b9f3b71269	While you're still here, I wanted to ask you to help me with a difficult situation that a hero like you can handle!
b9fc862077	Welcome. I represent the independent wizards and I'm ready to provide magical services to all in need, for an appropriate fee: teleportation, buying and selling magic items, elixirs, spells, or you can use the magic vault.
ba0335e418	That's right, that's me. Your friends warned me you and their other companions would come here. I took them to that island and waited a long time, but they never came back. I had to return without them.
ba112ec96e	I must deal with the necromancer and the vampire lord.
ba14692e90	A sorcerer? Well, see... a man comes to a sorcerer and asks him to make his dick reach the ground. The sorcerer thought about it and shortened his legs...
ba2214a588	Do you know anything about the sorcerer who comes here?
ba2318f022	[BLUE](A young half-naked woman with deathly pale skin sits on a stone by the shore, looking at you with interest)[] It's been a long time since I saw new faces on this barge. Pleased to meet you. But I advise you not to stay here long, and to be very careful.
ba3f0b0980	I have nothing suitable. Sylvia, maybe you could make some clothes with your charms?
ba5314348f	I have small emeralds with me.
ba710cfcbf	"A staircase leading down to the basement."
ba7417bd24	[BLUE](A young pale-skinned woman glares at you)[] Sorry, but I'm busy. I have no time for talking.
ba8007d71d	[BLUE](After the deathblow the demon explodes, flying to pieces, but suddenly the biggest pieces start turning into small copies of the demon)[]
ba84ad5236	Yes, a monster who unquestioningly carries out her king's will and faithfully serves the kingdom and the people for their welfare and peace. While you, out of idiotic stubbornness, keep doing foolish things, sowing unrest and causing me and the king a lot of trouble. You have driven our father to the point where he has no strength left to put up with it, and now you reap the consequences of your decisions. Rosmund!
ba84bb2c09	All right, I won't bother you.
baa1d6d454	Greetings, traveller. The northern parts are crawling with zombies, so you'd better use the safe coastal road.
baa7421b76	My work on this armour will cost you 190 coins, and I'll also need two wolf pelts.
baa8012edb	Great, I have that armour with me: Ancient Rags.
baa9fd38e8	Senior novice Peter asked me to help reach another of the warrior-priest's comrades, the priest Morgen; for that I must destroy three totems in the mine to clear the magic field from the way to him.
baae45bbdd	All right, let's try getting through these caves. Lead the way to the entrance.
baafbc5ed1	[BLUE](A red-haired girl who isn't in the mood for talking)[] I'm no outstanding fighter, but I can still help you. I can handle one of those scrawny musicians.
bac425f8c3	A famous figure, but I see no problem summoning him, though talking to him will be hard. I have everything ready for the ritual. Give me the object.
bad0910c19	All right, thanks. Maybe someone else can help me with this question.
badbe54168	Then good luck with the hunt. I hope they won't send me your replacement.
baee5fee34	An underground business the authorities wouldn't approve of. A certain special fish lives in the local waters. It's poisonous, so it's no good as food, but if you dry it and grind it you get a powder that people take in small doses, and I think you understand what for. The goods are in high demand, so someone unknown has decided to take my business for himself.
bafae9cccc	Or they'll kill us if we don't obey!
bafdf2a2aa	No time for talking now. We need to get out of the city before dawn.
bafe8afbd3	Rrawr.
bb00bb615d	Good idea. Where can I find them?
bb046180be	The Most Famous in the Kingdom
bb0b02d8df	[BLUE](Step in and help the bandit)[]
bb19857778	That's not what I meant when I said I wanted to help you!
bb19c83468	I managed to get the permit, Mika.
bb1e9da152	Maybe we should leave. Can you imagine what trolls might do to young, beautiful sorceresses who fall into their paws?
bb3b6074db	Fögas Forest.
bb472aca07	What? He lost his nerve?
bb478ce95f	I activated three of the teleporter's four obelisks.
bb49a13614	Here are the golden apples you asked for.
bb51c211bd	[BLUE](a girl in armour nods to you in greeting)[] Greetings, traveller! If you're planning to head south, be careful: this road leads to the Sorcerers' Valley.
bb523faa37	Ha-ha! Got it now, loser, what you wanted to amaze us with?! Ha-ha-ha! Let's fly out of here, guys, it makes me sick to be near something like that!
bb56c4005c	Sorry, but there are already too many of us in the party.
bb69516a39	[BLUE](A young sorceress who stands out for her bust)[] Oh, Johnny! Long time no see. I thought somebody had knifed you and left you to rot in a ditch. What brings you here?
bb6c39e1b8	Excellent, so you know where and to whom you have to go back after the meeting. I hope you'll share that information with me?
bb738dc12a	And don't cross my path again; next time I won't be so kind!
bb73981d46	A safe bet.
bb772fb5ec	I need a fashionable cloak.
bb79d94215	A wizard from Istril asked me to help him find unique Myrosian armour, but I refused.
bb79e1afc5	I managed to get the unique Myrosian armour.
bb7aa66274	My work is done, now I can drop by the tavern!
bb7ce0cb7d	Sounds tempting. Only I don't work for guards.
bb7def5b04	And in reality?
bb88cf8bdb	You know where to find me if you need me, my hero.
bb914833a3	Excellent. Since the magic field has weakened, I'll remove it now, and we can get to Morgen.
bb9859a665	Well, the chance to study something new and unknown is one of any wizard's main aspirations! But I see a far more important mission. While the rifts to other worlds are open, outsiders will keep getting in, and it's only a matter of time before something unimaginable and terrible appears that wants to destroy our home! That's why it's very important to patch these rifts, and the outsider substrate I discovered will help with that. I have an idea, but to carry it out I need a certain magic artifact. But there's a problem: the man who was supposed to deliver it to me was captured by orcs. So we need to rescue my courier, or better, my artifact.
bb9c84eed5	Bless this Brigand's Cudgel.
bba1386a6a	[BLUE](the frowning man looked at you closely)[] So you managed to get the cloaks?
bba631ac70	North: Freeport. East: Freetown. South: Liberty.
bbb0627659	Many people were hurt and killed, and the king personally took charge of the investigation. All of Lukan's father's money schemes were uncovered very quickly; he was tried and executed, and after that everything happened as Lukan described to you. All right, enough chatter, it's time for us to go.
bbba68233b	Enchant this Bone Mace.
bbc9102d47	Yes, though it isn't that simple. Istril was built on the site of ancient ruins, and some of their remains, still intact, lie beneath the sewers, and most likely the villain is hiding somewhere in them. Besides that, the scoundrel spreads nasty rumours about our good king; he will surely try to fill your head with his tales too. Don't believe his vile lies!
bbcb614f17	Work is in full swing. Soon we'll need new hides!
bbccb90943	Hi, have you by any chance seen Princess Evelina Lightwind?
bbcfed3140	I'm Lady Philippa, and now you're my new bitch. I'll have you twice a day, and if you're stubborn, you'll get publicly acquainted with my whip. And for good behaviour I'll let you give me oral pleasure.
bbdda0b651	Magister Mundric agreed to give me the key stone from the Temple of Knowledge if I bring him a minotaur horn.
bbde0c61f1	In the Zamohr Mountains there is an abandoned tower of some ancient mages. They were the ones who kept that seal. With it you can lock all the vampires in their caves, where they will perish forever. I hope you manage to find the seal, but a truly mighty mage will be needed to activate it.
bbee03b58b	True. Then come back to the Royal Forest; we'll think of how to help Dariel and his friends. [BLUE](the man turned to the table, did something and vanished in a bright flash)[]
bbee84d353	[BLUE](A big, well-built man)[] The boss is over there, go talk to her!
bc1149d0d4	You're just in time; those bastards will arrive in boats any moment, their ship has anchored at the river mouth. Don't trust them too much, so be ready for a fight. But however it goes, the main thing is to get that pirate ship, although dead pirates will be useful too: we'll leave the bodies as evidence of their attack on the governor's son and his friends.
bc1534fee3	Here's the seaweed you asked for.
bc17a1a816	You underestimate my strength, and now you'll regret it!
bc219b2fb1	Fine, you grown-ups never have time for me...
bc36b74047	The problem of Magister Windchaser, who was hounding me, is solved, and now I can use his ritual.
bc49c0f3d4	[BLUE](having finished reading the message, the man did look at you after all)[] So where are you from? Istril or Quiet Haven?
bc4a3d92bd	[BLUE](Insert the green stone)[]
bc5950cd15	I managed to kill the leader of the harlots' gang; I must tell the boss.
bc6004563a	Then, until we meet again.
bc695a8c60	I had nothing to do with it, boss! Yes, I was there, you sent me there yourself to sort things out. When it all calmed down I stayed to check everything was in place after those damned women's raid, but Vince came and said I was free for a couple of days, so without any more talk I went off to town!
bc7aaecb6b	And you, Christine, and our new friend will help them if there are many more bandits at the meeting than reported.
bc82565eb2	Great, I have that armour with me: Disgusting Leggings.
bc8e410216	Can you enchant this hammer, Killing Power?
bc90afb4af	[BLUE](The monster climbs out of the water again, roaring and scattering some kind of larvae all over the deck, and clearly wants to devour you!)[]
bc90fd1ff9	Eh? Oh? I haven't done anything, I'm just a poor, wretched...
bc9d554cfd	"This is the entrance to a rented house."
bc9d6500a3	[BLUE](Someone's corpse lies in the mud. Perhaps this is the wizard's courier)[]
bca0ee0e47	But you'd like to earn your coin without much effort, eh, pal?
bca2979f6d	[BLUE](A warlike-looking priest)[] Glad to see you in our temple, hero. You gave invaluable help in fulfilling the holy mission! And I'd like to offer you another worthy job that's right up your street.
bcab56d3d7	All right, that's a good idea. And how and why did you end up here?
bcac2ba542	No, I try to keep away from shady types like that.
bcb39a5483	True, when we were young... [BLUE](Princess Bernadette lowered her head as if deep in thought. Then she abruptly straightened, swung the axe and struck Havis a heavy blow to the head. The woman let out only a short cry, blood began to pour down her face, and after standing a moment longer she collapsed to the floor)[]
bcb60e1b13	I'm working on it.
bcb670ce90	Hey, that's not Hermes. Who have you brought me?
bcc0ff1580	Oh, all right. Honestly, you were always a pain to deal with, and I meant to turn you down from the start. Besides, we're moving to other parts anyway, and we won't need to work for you anymore. So my lads and I will now say goodbye to you and your rabble for good, and your belongings will be our severance pay.
bcd71bdb74	[BLUE](A young half-naked woman with deathly pale skin sits on a stone by the shore)[] So you're back. Glad to see you again, my friend.
bce2ab543f	Hello. Would you happen to know where we can find a wizard named Janod?
bce76e5e5f	Wrong answer!
bcf1050a4d	May the Three bless you too. Well, and now you, witch, don't even think of running. Let's go, my friend, and um... do you have anything this witch could cover herself with? We are going to the holy city after all; it isn't fitting for her to appear there like that.
bcf991180d	You're at it again, you freak?! Jerk! [BLUE](The angry sorceress launches a bolt of lightning that roasts you thoroughly, then teleports away. Despite that, you pull off your armour and zealously set about proving to the woman how much of a man you are. Her moans echo across the whole swamp for a long time)[]
bd0d66947a	I'm very grateful you've decided to stay and carry on my cause. I need to meet some people, but I'm not in the best state right now, so I'd be glad if you'd escort me to them. You probably won't enjoy seeing them, but I hope we'll manage without a fight. Let's meet tomorrow night at the old royal castle.
bd107f9268	[BLUE](While you work out this problem, the ground next to the crack collapses under your feet, and you fall down into the darkness)[]
bd1688e68a	Step away from it.
bd1e78ed1f	All right, hold on, we'll soon reach your settlement.
bd2797c803	I took the key from the priest; now I must give it to Anika.
bd294b3e50	Can you enchant this greatsword, Widowmaker?
bd2edd6e4e	[BLUE](a girl behaving provocatively and immodestly dressed)[] Hi, I only work at night!
bd3c3b681d	A Time to Gather Skulls
bd4571c4bb	I must find four magic artifacts that will destroy the seals holding the being from other worlds, to free it.
bd4b5dbe01	I'd gladly set off on travels with you!
bd69ce3965	[BLUE](the frowning man looked you over)[] Greetings, hero. I will need the help of a good fighter like you, but while the outskirts of Istril and the surrounding area are troubled, it's too early to act.
bd747eb9a6	Not far from the settlers in the Northern Bluemist River.
bd78e1b3ef	Here are the deer antlers you asked for.
bd7dc669fd	We don't need many people for this job. I'll go to Istril myself, and I'll need two good fighters.
bd9b6c2ecf	I must help Kiara deal with the chief traitors.
bd9c97b2c3	"The entrance to a cave."
bd9f39dab7	So what talk can there be with you bastards now?
bdbf292c95	After the meeting, go to the "Merry Wayfarer" tavern. You still have my coin, don't you? Show it to the innkeeper like last time. That's all for now, let's not waste time. Let's get to work.
bdcba22207	Hi, Mika, can you give me your autograph?
bdcee0e874	I need a little time. This isn't curing a runny nose!
bdd030b96b	Well, I think that...
bdd0470b91	And what about what your buddy Tommy did to my friend last week? The poor thing still can't get out of bed! And she's not the only one. The girls often complain that your freaks take more liberties than they're allowed.
bddcd5a94a	I found the evil mage; now I need to deal with him.
bdfd43bbc0	Hey, easy! I understand you have serious disagreements, but that's no reason to grab weapons and shed blood! Let's try to settle this peacefully after all.
be02016b01	All right, but where will we find him?
be03f6e3f8	I must deal with Zeref.
be13594a25	Understood, I'll do it.
be304827a9	Dominic and his friends have started a brawl in Friguld; I must find him and talk to him.
be351575d0	I must deal with the unknown mages to get into Gwen's home.
be36eaf58a	Yes, I'm afraid to imagine what you went through here.
be46c4d22e	[BLUE](In the tomb lie the decayed remains of a man whose hands clutch a green stone)[]
be4fb193ac	Know this: a weak man looks for excuses, while a real man prepared them in advance.
be5c51e1af	Clearly that's not enough to restore the map.
be66b7b590	I'll easily spot any threat to us from far away.
be67471a0e	[BLUE](the frowning man looked at you closely)[] Evidently you've found out something important, since you decided to use the coin.
be6a872616	Is that so? I remember the last time you came to borrow something for a while, you never brought it back, and what's more, something else went missing from my house after your last visit.
be819c646f	[BLUE](the door is closed)[]
be874de583	New armour wouldn't go amiss.
be89efcb8f	Magister Mundric agreed to give me the key stone from the Temple of Knowledge if I bring him a large battery.
be90f65698	[BLUE](a young-looking warrior, a servant of the temple)[] Good to see you again. Do you need my help against the forces of evil?
bea05d668c	Nicely done, kids. I'll pick up the goods, deliver them to the client, and then go and see Hugh.
bea2b3935f	All right, I'll find him and free you.
bea9821501	The moon curse?! Ha, that's nothing but benighted superstition! I never dealt with such frivolous subjects while I was teaching.
beaaaac378	[BLUE](The ghost lowers his gaze to her; disgust is plain on his stern face)[] Filthy peasants! In my time the rabble did not dare address a noble lord like that!
beab40f8c8	Maybe something happened on the way?
beaedb1842	I dealt with the brigands who attacked me.
beb287d57e	Meow?
beb900dcc2	I met a private detective mage who is ready to help me; he needs to see the dead thief's note.
bebdd3c270	Looks like it's time to go back to my room.
bec811a916	I got the enchanted knife; now I need to go and look for the ancient troll in the Troll Swamp.
bed482ed6b	I need a little time. This isn't charming away baldness!
bed4852993	Yes, yes, I get it, though I still think it's some kind of kids' game! I'll do everything I can that's required of me!
bed4a9ec28	[BLUE](near the castle entrance you notice Princess Bernadette talking to the city governor, with the captain of the guard standing nearby listening. You meant to slip past unnoticed, but the woman saw you and called out)[] Ah, wait, hero! I was just about to send one of the guard captain's men to find you, but what luck, here you are right beside us.
bef073ad02	I killed the orc leader; perhaps I'll find the key to the cage the sorceress Evelina is locked in on his body.
bef3052248	[BLUE](The man leaves, and Havis turns to you)[] We need to go back and give Alarion not the best of news. But I have a bad feeling. Bernadette knew we'd be here. Perhaps she knows about Alarion's other plans too. I'll go to the Royal Forest alone, and you go to Istril, find Lukan and warn him of the likely danger. If you're unlucky, try to find a man named Magister Kaledor. Lukan went to meet him. Tell the magister you're from Alarion. I'll find a message for you now so he'll believe you. Find out whether he managed to meet Lukan and how it went.
bf042bef04	Looks like we did something really bad. Or maybe it'll all work out, what do you think?
bf05f3f9ee	Looks like our troupe will fall apart faster than I thought.
bf0855fa45	Perhaps these manuals can be found somewhere in the tower.
bf246aaecc	[BLUE](A short, pretty girl with unusually coloured hair)[] Oh! Welcome back! Long time no see! I see you've bulked up, got healthier, even mightier. Must be from living a healthy lifestyle!
bf24b28bb7	The perfect place to get rich, though it can almost always be done only illegally, unless you were born a noble.
bf2c393fc7	I want you to wait for me here.
bf300c89a2	You want us to free you? And how can we do that?
bf4a59d779	Yes, he's back in the settlement, not himself at all. These days he's usually hanging about in our tavern; you can find him there.
bf518b6154	[BLUE](you woke up to some noise outside the door. Going out into the corridor, you followed it to the next room, where the noise seemed to come from. Inside you found a hidden door, behind which you seemed to hear the sounds of fighting. Opening it, you found yourself in a small room with a darkened little balcony)[]
bf5c5f5f7e	As long as not all our enemies are dead, I'll be glad to work with you again.
bf64cdd61a	Bragging about what others did for you, how funny. But how easily I pulled off all this behind your back, on your own turf, shows how weak you are. Under the old boss nobody could even sneeze unnoticed and get away with it. He was right when he said a whore like you shouldn't be trusted to run even a petty street gang.
bf6695c85d	I've ended up in some unknown place; I need to find a way out of here.
bf6b98e627	I defeated the dungeon's guardian; now I need to activate the portal stone.
bf88f920e8	She? You trust her? Are you sure she can help us?
bf9253b873	Greetings, friend, in this holy place!
bf933af745	Aren't you getting cocky? For that kind of money I could hire two or three gangs like yours, each with its own tub.
bfa07d6dae	[BLUE](This man is sober enough to talk to)[]
bfa774df61	We need to find the right man in Icemist.
bfbc8b971b	Great, I have that armour with me: an Ashen Chestplate.
bfc45aaeb9	[BLUE](Take off his collar of submission)[]
bfc6f18623	I hope this works properly...
bfca2cc497	I must free Dariel.
bfd1d5d30f	You won't believe it, but I had a double! They killed him instead of me by mistake, and those unknown types are still hunting me, so I can't stay here long! And you'll look after Janod, all right?
bfd8e81b85	[BLUE](A serious-looking young woman)[] Glad to... Adaon?! You're alive! And I thought you were already... Wait, why are you alive? I was told you were...
bfe195de1b	Great, I have that armour with me: a Velites Chain Shirt.
bfe2684904	Of course!
bfea7bc671	No, no! Don't hit me anymore! I'm just an ordinary man, and this is only a costume!
bffd06ced2	You again! I warned you, you dirty, stinking beggar, now you've made me angry! [BLUE](it seems she means business)[]
c00811a742	Then my friend and I can give you a hand, since you need to finish your little job.
c00f417d6e	It's not dangerous, it's ordinary mana. We mages use it and we're fine, aren't we?
c02245b90c	Oh yes, of course, on business as always. And here I was afraid you'd just decided to visit your father, ask about his health or whether he needs any help, but it's the same as usual with my son. Out with whatever you dragged yourself here for, while I still have the patience to look at your face.
c0348ef148	These are my companions. They need your help. A man hid something and died, and we really need to find out from him exactly where.
c0468811a8	All right, be careful there, don't get into new trouble.
c049db7801	I must deal with the horned creature.
c04eb41c97	My work on this armour will cost you 260 coins, and I'll also need a snow leopard pelt.
c06c8d973d	[BLUE](a frowning man came up to her and took the message, paying you no attention)[] What nonsense, why does he send just anyone as a messenger?
c0704a6bd5	I need to reach Dominic to leave New Garand with the loot.
c077bcb16b	I'll call my daddy to help us right now!
c07828888d	All right, I'll tell her.
c0790e1114	Thank you. You know about trolls, I suppose? I'm developing a protective suit for the workers in the Icemist sewers, and these creatures' hide would come in handy. Could you bring at least three such hides?
c07b9f2c5d	Drastic Steps
c07f4bbc84	Good. And what shall we do with this dangerous device of the mage's? Destroy it?
c08be0ff3c	Mikaela's stalker has sneaked into her troupe's rehearsal; I must deal with him.
c08ca2d6ea	Captain Greedy's stash may be behind this steel grating, but it can't be opened without a key.
c09279aaa7	I'm Bridge! And who are you, what do you want here?
c0971dae6c	Are you, by any chance, the inventor Hermes from the settlement at the mouth of the Despair?
c09730e0c6	All right, got it.
c09c9c214d	I can explain everything!
c09c9ef633	[BLUE](the frowning man looked you over)[] Safe journey to you; I hope you'll come back with good news.
c09ca4d3b8	The highlanders' elder will give me the snow flowers if I kill the monster living in the cave near the village.
c0aacd61fa	In which of these locations is the quest item "Winter's Howl sword"?
c0bc508c78	I found the second key stone in the Temple of Knowledge.
c0c7655981	Mikaela's stalker escaped, but I should search his lair just in case.
c0cbd69180	We were coming back from a successful job when yellow-skinned bastards attacked us to take our loot. That they took our stuff isn't as important as the fact that they killed my close friend, part of my family! The retribution I bring down on them will be inescapable and brutal!
c0db2f3161	Read something from the middle.
c0dc194563	I've brought the huge bear's head.
c0dcdd236e	All right, let's get out of here.
c0e16ee493	Save your apologies for your family! I understand that the young are overly curious, but sometimes curiosity must be kept on a leash!
c0e39b0fea	You damned scoundrel, you deliberately sent me who knows where?! Now you'll pay for it!
c0e80c9e77	Alice and I must eliminate our troupe's competitors; one of them is on the road leading to New Anthur.
c0f1c3c45a	All right, I'll try talking to these sorcerers.
c0fe845665	Looks like these are the musicians we're looking for.
c113dd77ce	Oh, that's good. Of course he'll want to do everything his own way, I had no doubt of that. Thank you for carrying out my errand; here is your reward, as I promised.
c11d530f27	Excellent, I knew you wouldn't leave me in trouble! As for our target, my husband left the other day on some business of his, and the sorcerer has disappeared from the city too, but when the swindler comes back I'll let you know, and you can deal with him. My maid will see you back to the city; if you need to see me again, she'll be waiting in the same place.
c11f769bf1	Oh, how wonderful! I've been studying that very phenomenon for many years. But has Icemist really suddenly taken an interest in it? It always seemed to me that such things were considered secondary and unworthy of attention.
c120561f93	I helped Lady Philippa and Boss Rickman deal with Baron Enterprise, who tried to set them against each other.
c123fbe36d	Oh, come on, no need to make excuses, we all like some fun when we're lonely! But if you really must enchant this thing, then, as usual, I'll need ingredients: six deadweeds for the dark charms.
c124fea21f	And you want us to deal with these ill-wishers?
c13f483351	I've come for you, Durant. There's no one left here who could stop me from kicking your ass.
c141502292	We must kill the traitor and his mistress!
c14a132e59	If you know where the book is, why don't you take it yourself?
c155e436e7	You're still here? My offer about the cage and the whip still stands. You haven't changed your mind, by any chance?
c15cbcbf49	That's about the twentieth time you've talked about one last ride, and they never stop.
c15ce2967c	Well, my group is me and... you can join it too! Great, right?! You'll be a member of the most famous and very best troupe in the kingdom! Honour and glory! Heaps of loyal and devoted fans! Cute plush souvenirs in every colour of the rainbow! And people in every corner of the kingdom will be singing our repertoire!
c1622bc8cd	In a Freeport alley I ran into bandits attacking some guy; I decided to help him.
c16e1b66c0	No, it's mine.
c16e32644c	Awoo-oo. Woof-woof-woof.
c1756da179	Hey, Vince, what the hell, I thought we had a deal? And what the hell is he doing here?!
c17962ca2a	Enchant this bone club.
c1801353b0	Well, formally, yes, I can, but actually I don't have vocal cords, and you hear my voice right inside your head. But don't worry, I can't get into your brain and read your thoughts or see your memories or anything like that!
c18300945f	My book? Well, of course, that vile treatise I stole from him; that's why he arranged all this, craving to get it back. [BLUE](the elderly wizard set the scrolls aside, got up from the table and took his staff in hand)[] I think the time for talk is over. Though I have accepted my fate, I don't intend to part with my life so easily. If luck is with you here today, I hope one day you too will see the truth.
c1839ca24a	So I'm supposed to find the prince somehow on my own, even though a crowd of people failed?
c185819f9c	What?! That stalker got in here? Hold him!
c1961c61ef	I need to calm down the missing villager.
c1a3626fc9	You can call me Sybil, though I'm known by many other names. Quite possibly I'm the last of my tribe. I ended up in these swamps because of ancient horrors that came to my homeland. I've wandered many places, but nowhere was I welcome, so I decided to settle here alone, only occasionally venturing closer to civilisation.
c1a887ce2c	Well, this is a serious matter, especially after your claim. Now it concerns the dignity of our whole gang. We'll help you solve this problem, but you must return everything you took from the stash, with interest.
c1ab9eb46e	([BLUE]When he comes closer, you recognise the old hunter Colt[]) I see you managed to deal with the bear after all, since you're carrying a trophy!
c1b493bd6a	I made the road to Lannegar safe by getting rid of the fake bear and the real man-eating bear.
c1b5dbb293	Go on, try it, you pathetic Forsaken!
c1b9bb5927	You may not get another chance.
c1bd928e39	Excellent. Katasakh, Neville and his new friend will get into the mansion and reach the vault, quietly taking out the guards. Sansa will remove the magical protection. Grab as much loot as you can and load it into the cart. Dominic will take you to the agreed place near Lannegar, where we'll all meet.
c1bde5c554	Actually, hiding your feelings is easy. Hiding a boner is much harder.
c1c2f87f6a	I don't have the right card.
c1cbb74cfc	[BLUE](A scruffy-looking old wizard)[] Good luck ridding someone of the moon curse!
c1dbcb1278	You think money is power? Nope. Old money is just old.
c1e6615bdd	Mikaela asked me to deal with a fan who keeps stalking her and stealing her underwear, and to get back her favourite pair. I must find someone to help me with this task.
c1eedc344b	Enchant this Staff of Madman.
c1ef65fb7e	Hm.
c20b996e08	I helped the praetor catch the thieves. He sent me to you for the reward.
c20d94ec0f	Aaaaaah!!! [BLUE](as soon as you grabbed and pulled the piece of cloth there was a scream, and looking closer you realise you are holding the edge of a cloak worn by a boy who was hiding under the rubble)[]
c21325e975	Oh, so you two are together, since you're ready to play the hero for Adaon. But you surely realise that with someone like him you'll hardly build a strong, trusting relationship. You'll just waste the years of your youth.
c21652d422	Well, she's a hellish creature, her physiology must differ from ours somehow, and you know her very closely, so you must know something interesting. Maybe she can use her tail like a dick?
c220b00e6f	So what, you think we should now just hand them our loot?
c2319721a4	[BLUE](you take the armour, and at once everything around you goes dark, and you find yourself in the middle of the same ruins where you were looking for the cache)[]
c23d772e5f	[BLUE](A dark-skinned sailor by a boat)[] Hello. Made myself a new boat with my own hands. Heh-heh, I hope nobody thinks I stole it.
c23e7212e5	It seems you've ended up somewhere else.
c23e949fae	I need to talk to Adaon the scholar.
c254e1ecfb	That I'll never go to such a horrible place with you again!
c25e0f3948	Excellent! I don't know exactly how many pieces the magic map was split into. Bring them all here, and gradually it'll become clear and we'll be able to restore it.
c260777712	Looks like Hilt will have to find someone else, more sensible, to negotiate with us!
c2611f2f2e	Hello! Have you come across zombies here that look like clergy, by any chance?
c27dc0ee4f	Good luck in everything. Until we meet in our homeland!
c28ef9b485	The villagers by Dawn Lake turned out to be cannibals! But I agreed to keep their secret.
c2a7739c26	Praetor Nazira asked me to find and eliminate orc scouts; I refused to help her.
c2ae8f9d64	And are you serious about the Whitetoads? An unexpected choice of target, of course. Or have you decided to work on someone's tip? A job like that will be hard to pull off, and I've already spotted easier options.
c2bd552921	This hammer will be even mightier than it already was!
c2c4213a5a	Until the owner takes the collar off the victim, or the victim is badly hurt or dies. The charms can only work on one person, though. After the collar is removed, it becomes useless.
c2c7548a54	Oh, my competitor. I haven't noticed him lately. Maybe he's in his home, I've no idea.
c2c9b13b8d	[BLUE](One of the soldiers, apparently a woman, takes a magic sphere from her belt and studies it closely)[] Yes, sir, boss, he was hired into the king's service.
c2cdfff770	You're not the first to try to cross me. They all paid for their stupidity, and so will you now.
c2df1076d9	We acted quickly and in concert. As soon as our target went inside, a squad of our best warriors and mages teleported here, all veiled beforehand with charms of unnoticeability. They cordoned off the place, and an anti-teleportation field was set up at once to cut off every escape route for the prey. We're only waiting for you, so you can deal with your opponent personally.
c2e522e469	Neville's lady is under a moon curse; I must find out something about this curse and how to lift it.
c2e7a47487	They're very curious material for research! The creatures I saw differ from all the undead we've come across before. Perhaps by studying this unknown variety we'll find a more effective means of prolonging life!
c2ea80d3af	It's terrible that this happened to him, but we had to kill him to keep the people safe. Thank you for tearing him from captivity and trying to save him. Accept your reward.
c2f56c79b0	All right, we'll decide on the way which route is better.
c2f7df30b3	All right, I'll find that bastard and finish him.
c3186c3abe	I must kill the monster Baron Enterprise has turned into.
c328b407c2	Everything's fine, let's move on.
c32e822a8e	Enchant this Wall-Punch.
c3344d443e	I've found two pieces of the map.
c339209396	Maybe I can help you get inside?
c33d4a9296	Oh, uninvited guests! It seems you don't understand where you are or what harsh punishment awaits you for such insolence!
c35569f156	Ah, it's our hero. How's the search for the artifact going?
c355b4c115	[BLUE](it seems the vampire leader is defeated, because the survivors decide to flee; the young priest who helped you looks around)[] The Three protect us! What horrible spawn of darkness! So the rumours were true!..
c35b2eb06d	Hello, hero. Train harder, so you grow stronger and no enemy can beat you.
c37aeda33e	And I am glad too, Your Majesty.
c3899a6e9e	I don't need a weapon either.
c38dbd2c59	True, none of this must be in vain. My friends can't be brought back, but they believed in my cause and followed me, and for their sake I must carry on. Only now I'll take a different path. I'd be proud if you stayed with me, but you most likely won't like how things will go from here, so I'll understand if you leave.
c39b9184f7	[BLUE](A friendly-looking sorceress at the entrance to her workshop)[] Greetings, traveller. I enchant weapons. If that interests you, I'm ready to transform any blade or hammer you have with you for a moderate fee!
c3a5c56c2a	Thank you.
c3bcebb068	I'll need six deadweeds for the dark charms. Enchanting daggers and swords will cost [BLUE](200 to 300 coins)[], hammers and axes [BLUE](250 coins each)[], and anything heavier [BLUE](over 350 coins)[]. To make the amulet I'll need thirteen human skulls and one demonic one, and it'll cost [BLUE](650 coins)[].
c3c840a972	[BLUE](The soldiers jump on you, but you manage to break free, run to the sewer entrance and jump down into it)[]
c3ceb5da24	Yes, now no undead can leave these dungeons and get outside.
c3d358bc19	[BLUE](She looks like an ordinary middle-aged woman, but there's something beastly in her features and eyes. Greenery and slime cover her naked body here and there in place of clothes)[] Hello, young hero. Decided to come back to my abode? I hope not empty-handed?
c3dd96b523	I've got some problems, and maybe you can help.
c3e87fd53c	That'd be great!
c3fa59e075	Thanks, I'll go there and try to find him.
c3fd1678c7	I got a fir tree for the celebration; now I need to go back to Whitetower to the craftswoman Jeanne.
c4003e484f	[BLUE](You try to run, but the guards are serious about detaining you)[]
c40478fa01	Good luck to you.
c41bbc4c1e	I heard there's a tournament here for the strongest women, but they told me there's no one here in my weight class. Looks like someone turned up after all! Where is she?! Where is my opponent?!
c425b0bd08	And closer to the centre of the Seeing Hills is the Lake of Sorrow, with an island in the middle on which stands an ancient structure, the Lake Castle. I heard it was raised with the help of magic, which is why it has survived relatively well despite the years that have passed.
c42d8f379c	You won't leave me here alone, you'll free me, won't you? [BLUE](the naked girl locked in the cage looked at you pleadingly)[]
c42e87a1f7	All right, where is the entrance to this dungeon?
c4391ade95	We're surrounded by troubled places. We had enough problems with the bear-men, and now some black servants have appeared too. Every night they send evil creatures against our settlement, and I believe they're planning even more terrible crimes. I have few people left who can fight, and if you truly want to help us, I'll be very glad.
c43c738711	([BLUE]The wounded mage decides to surrender[]) It seems I underestimated you, and now I'm ready to accept your offer: to leave the Ironstones alone if you spare me.
c450e2ef7a	[BLUE](Better prepare first before going down there)[]
c451eec33c	[BLUE](a frowning man came up to her and took the message, watching you closely)[] Greetings, hero. We've heard of your deeds here; thanks to you the outskirts of Istril and the surrounding area have become safe. I'm glad to meet you.
c455b26339	Warning. Intruders. Detected. Proceeding. With. Detention.
c45834d549	Well, I hoped to change your mind, but now I see it's useless, and I'll have to use force to take this armour!
c46de226c5	Yes, he lives in Icemist. I'll teleport us right to the doorstep of his house so the guards don't see us.
c48123b7ec	Take down the brute!
c486ae679e	Buddy, enough time has passed. We should go back to Solliga, maybe Elizar has found something out.
c497bd3cbf	Incredible! You did it, teacher!
c497d45926	I'll become a virgin again sooner than those dreams of yours come true!
c49c3950c9	Nothing much. First they declared me mad, then a witch, but I had no normal life left in the village, so I ran away. I lived as a vagrant for a couple of years, until I met a man with a taste for underage prostitutes. Nothing good would have come of that for me, but luckily my fate crossed with our Lady's, and she took me in.
c4bbc1b19e	Magister Astutus agreed to help me if I help him lure his enemy Lexus into a prepared trap; I must get the details from Serunus.
c4c3a620de	I'll gladly go anywhere if you rid me of these types! They usually hang around the pier on this side of the river at night.
c4c54461b4	I got the ice thistle seeds; now I need to return to Elle.
c4c81b910c	[BLUE](when he'd gone, you checked your belongings and found that some of your money was missing. It seems the tramp robbed you!)[]
c4cac11080	And here's the most intriguing thing I know. The ancient masters of magic could create so-called wandering stashes, which could be entered from any place enchanted for the purpose, if you had the stash creator's magic map with you. Now, I've found fragmentary accounts of an imperial hero who kept his unique armour in such a stash.
c4d1cd67fc	The demon bear is dead; the high priest of the temple of Rigordion is ready to reward me for my help.
c4d207958a	[BLUE](A young sorceress who stands out for her large bust)[] Go give the dragon heart to Magister Astutus so he'll see you.
c4d249018f	Dominic has set an ambush for a squad of the secret guard; I must help him defeat them.
c4e640b104	Oh-oh-oh, these are our new costumes! Not everything's ready yet, so I haven't shown them to you. Though here, for example, is the tail for Violetta's costume.
c4edce5385	If you're so sure of him, let's enlist this detective's support. Where will we find him?
c4fe7e9f14	Of course. A bit more practice, and together we'll reach the highest level of pleasure. By the way, for example, all these adventures of yours clearly aren't for me, but it's another matter when I'm with you: nothing threatens me, because you'll protect me, and I can give you my magical support. I'm sure we'll make a great team!
c5083210df	[BLUE](Suddenly undead appear out of nowhere, and an otherworldly voice begins to boom)[] Whoever you are, whatever you're doing here, I don't care. I'm going to devour all your souls!
c514180507	I must deliver Grateroll to the magister in New Garand.
c5162a8283	What a pity, though I myself stopped being into women long ago. If you were a man, I wouldn't let you go so easily.
c519c3f2fd	Oh really? More empty talk?
c52f90f327	Agreeing with them isn't the best idea, friend. I hope there'll be time to explain everything to you in more detail, but if things get really bad, I hope you'll bail me out!
c52fa39a5e	Thanks for the hospitality. I have to go.
c533729856	This fortress was built at the dawn of the empire, but none of its chronicles have survived to our day. The fortress survived the invasion of the horrors, and after they left and our kingdom was formed, it became the seat of the magic council. Who rules the tower now, nobody knows.
c54a364c10	So what, do we take on this job, or will we have to pull it off ourselves without you?
c54d208ee7	Agreeing with them isn't the best idea, friend, especially now that we're outnumbered. I hope there'll be time to explain everything to you in more detail, but if things get really bad, I hope you'll bail me out!
c573a3bafd	[BLUE](A young pale-skinned woman glares at you)[] There's your spirit. Talk to it.
c5822a5d18	Ugh, turns out our treasure isn't that simple!
c596e82e81	Lady Ironstone asked me to deal with a swindling sorcerer; I said I'd think about her proposal.
c59b6aa06f	Let's not spread the word about... that.
c59fb500cf	Good. There's something else I wanted to tell you. Alarion is an overly secretive man. He has his reasons, but it sometimes keeps him from building strong, trusting ties, which leads to his plans being poorly carried out. So, you are a worthy person, Alarion himself speaks well of you, and since you've decided to help us, you have the right to know what you're getting into and with whom.
c5b5c1d043	You judge me too harshly. Though I'm content with how things are, I'm not getting any younger, and someday I'll have to give this place up to someone stronger in body and mind, who'll carry on my work of keeping order and prosperity in our city.
c5c9385a35	Well, the grandpa from the lake told me about this city, and I wanted to see it and explore it myself. But I didn't believe the white monsters he scared me with really existed! I barely managed to run away from them when they suddenly appeared, and I hid here!
c5d1f63ede	[BLUE](after this speech the man rolled his eyes while Evelina wasn't looking his way)[]
c5d46d6766	Bless this bone club.
c5d74545db	[BLUE](You remember Sylvia, the Varannari girl you met in your house, but decide not to mention her)[] No, I've told you everything that was troubling me.
c5e1bda177	I helped catch the thieves who robbed the wife of the governor of Freeport and received a generous reward from him, but I angered the Seventh House.
c5e4258272	I've brought your sword.
c5ed1548ff	You did the right thing. I won't forget your kindness! [BLUE](With these words the robber vanishes into the night thicket of the forest)[]
c5ed827f23	I'm ready to accept any reward you like, my lady!
c6071d2d0c	Hugh sent us.
c60b4fcb27	The bandit offered me work with his gang; I need to talk to their boss.
c61c4d6b25	Glad to meet you too. You're so pale. Are you ill?
c628853608	Why do you need the bodies of these unholy creatures?
c63323859b	Magister Mundric agreed to give me the key stone from the Temple of Knowledge if I bring him deer antlers.
c63c205ba3	I found one Tolassian priest of the four needed.
c64defff13	Anyway, we can always run if things go badly!
c666dbd553	Yes? A handful of ragamuffins who've probably already been eaten by spiders or wolves? And how many of those Varannari are still rotting in slavery or have already died in captivity?!
c67114efa6	Times have changed here. Now the Seventh House controls all criminal activity and keeps increasing its share of any more or less significant haul, so formally I've retired from big jobs.
c6736a29a6	I must return to Lady Philippa's refuge to receive my reward.
c677a8950b	Go on, try!
c68c66d05f	Pleased to meet you all.
c693ab9979	So you don't have to sit here alone, you could come with me and help me on my adventures.
c69ad3217b	All right, so be it.
c6a9f4d66d	Well, as you wish. I will tell you the legend if you do me a favour.
c6ad1862cc	Actually, we're looking for a sorcerer named Maurice, on Hugh's tip.
c6b09e8e33	Kiara. Adaon is dead. The guards found his body near New Garand.
c6b51ce5bf	This is my home, and you have no idea what it took me to get it.
c6b80f9c2f	Glad I could help you!
c6b992bb7a	Hm, a quite understandable wish for men. I see no difficulty doing it. Bring your friend to Solliga, find our man so he can bring you to my laboratory, and I'll do everything properly.
c6c2a2fbc6	The blacksmith Hilt has started supplying iron for the venture; I need to tell Agnius.
c6cbe23548	Leave me alone, I'm busy!
c6e4a2c3a8	That type did come to us, but we're not interested in getting into other people's feuds, especially since we found out he's tied up with some nasty lads. So he left with nothing.
c6f9805e58	I'm glad to hear such news. You must be a great hero to win that victory! But even if the curse is gone, I still have nowhere to go.
c6f9e1017e	Because the book is in the library of a fortress, guarded by a big squad of Heavenly Knights and their sorcerers, and I'm not mighty enough a mage to deal with them all. Now you see why I need a brave hero. In New Garand I'm guaranteed over [BLUE]8000 coins[] for this book, which we'll split in half if you help me.
c70263955d	Um, well, the main thing is you're not hurt. Did you manage to, er... do your business? Can we carry on?
c7040afe93	Honestly, not much. A young, mediocre wizard who took up treasure-hunting because he was weak at magic, though he was skilled at making glowing webs, which clearly helped him reach the Temple and return. No idea where he might be now.
c713869ea8	I want the cat.
c71a096ab6	Be strong, don't give up. If they hit you, fight back. If you fall, get up. If you made a mess, clean it up. Nothing complicated about that, is there?
c71e1521b0	Fair warning, no hard feelings: if my kin start beating me, you'll get it too!
c72a28fc10	I must reach the dungeon's guardian and defeat him to open the way to the exit.
c73d0afc3c	You must honour your ancestors. As my grandfather used to say: "I'm your grandfather."
c7433d479d	Family Matters
c74ae757af	Hmm... Thanks, but no. I'd better not touch it.
c758fb349b	All right, I agree to the exchange.
c76f7355a8	I must deal with Bubba and his men.
c790db64c4	Take me to father. I'll talk to him and settle this problem.
c7956c468e	Then let's check what's going on in there.
c79eeb1bca	I found 4 fiery cores, 5 more to go.
c7a7eb6892	Yes, I'll help you rescue Dariel.
c7add3a806	What kind of curse is it?
c7c29a7c54	[BLUE](A strong metal grating. Without the right key there's no way to open it)[]
c7c66de27a	[BLUE](Your companion goes off to another islet, leaving you alone. You pull off your armour and zealously set about proving to the woman how much of a man you are. Her moans echo across the whole swamp for a long time)[]
c7cbfecd99	That's clear, of course. Reaching mutually beneficial agreements is a long process. I also thought of proposing...
c7d03cffda	What is this barge? Where did it come from and where was it headed?
c7dc75abbc	Then go back to the city. I'll finish here myself. When I get back, I'll tell the high priest to reward you for helping me with this errand.
c7e12ce003	I must help Zeref deal with Balthazar.
c7e2720924	[BLUE](The highlander pathfinder silently waits for you)[]
c7f327242b	I angered the Keeper of the Lost Kingdom.
c7f8f87278	You've been bad, so you'll be punished by me! Anything to say?
c7fc8ccaa2	Sorry, but this is a risky business and I'm not ready to get involved.
c7fe58b33b	Do you have any work for a hero?
c800f2030c	What brings you to our city, if it's not a secret?
c805ab0c26	I need to find Vince; he went to Friguld to see the alchemist, perhaps I can learn something there.
c82a168b1f	And by the way, since you've already helped our city, would you mind carrying out one more errand?
c831055fa7	Be careful! I wouldn't want you to go back to that terrible place, but I understand there may be no other way to defeat these dark creatures.
c832e4a4a4	I fought the Heavenly Knights. You think I can't handle you and whoever your mercenaries are?
c8615e8485	Of course, I wouldn't turn to just anyone. Hugh is the best heist planner in all of Versalia. So let's not keep him waiting, come on!
c861ddb9f8	She's not my girlfriend, and the main thing is to find and deal with this stalker so he stops bothering her. Though, yes, she also asked to get her panties back, at least her favourite ones.
c86521c9fc	I helped the arcane knight Damian return from foreign lands.
c8711cc926	I helped the villagers guarded by Captain Ribbonhair, and they rewarded me generously.
c8779ecfb2	That's true enough, but I'm not some battle mage who wipes out enemies by the dozen. Besides, my real talents are useless, because these pirates have a shaman who can easily see through and dispel my illusions.
c87ae4d895	If you're that clever, maybe you can explain where I've ended up, what this place is?
c882dc6719	I see, but I'm afraid now your pension is only guaranteed in the next world!
c88e97997b	I'll deal with you and your master, whoever he is, and I won't let you ruin the holiday!
c8a05ff48a	Oh, I can guess who you mean. Unfortunately, I've run out of those potions. They get snapped up so fast. He was trying to find out where else he could get such potions. He was very insistent, and reluctantly I told him about Skull Island. It's a very dangerous place. I tried to talk him out of it, but I fear he went there anyway despite my warnings.
c8a81e85cb	And what if, before going back, he decides to take revenge for what happened to him?
c8a9276eca	Buddy, did you change your mind after all and decide to try my mushrooms?
c8ad7e8658	All right, let's go.
c8ada01229	[BLUE]A mage wrapped in furs nods gravely[] Wish to get out of this place? I can help you by using this portal.
c8c63ef133	All right, what do you need help with?
c8cceb83b6	[BLUE](the body of some poor wretch; it seems the walking dead beat him to death. Beside him lies a small book that fell out of his cloak pocket, perhaps the dead man's diary)[]
c8d4b9fb81	What do you want, master?
c8e1e0f71b	[BLUE](suddenly the night silence of the city is broken by someone's desperate screams, pleas for help and a terrible growling)[]
c8f4e1c689	The courier from the castle who was supposed to deliver my reward has run off into the city sewers! I must catch him as soon as possible, or I'll be left without my reward.
c8ff64faa9	We need to stay unseen so as not to draw the sentries' attention and reach these rebel idiots.
c91a12aeec	"Too early to leave, the job isn't done yet."
c92eb21eb5	It seems they don't know you shouldn't disturb girls in the middle of important business; clearly nobody taught them any manners.
c931580a2f	My teacher's warnings about terrible invasions may be quite real. I'll figure out how his machine works so I can close the rifts, but in a way that's safe for everyone living in our world. Thank you for the help you gave my teacher. Farewell!
c9351eb0fa	[BLUE](A grating blocks your way. Behind it a big, shaggy creature paces back and forth)[] Just our luck, another grating that won't open easily, and that's clearly where we need to go! And even if we somehow open it, there's some wild beast guarding the passage. We'll have to deal with it somehow, it won't just let us through!
c9403dd434	[BLUE](A slightly gloomy-looking priest, glad to see you)[] Welcome to the temple of the Northern Gods, traveller. In our sanctuary any warrior can receive the blessing of our gods for a donation!
c948925178	Very well, we agree to help you with this.
c94d51ec67	And what just happened? I didn't understand anything.
c94df937da	Great, I have that armour with me: a Lightforged Robe.
c95af1196b	The alien is dead; now I need to talk to Balthazar.
c95b8c1350	Damn it! I always have to do everything myself! And where are the rest of those tattered whores?! I need you here!
c969c05953	I must pass a message from Boss Rickman to Lady Philippa.
c97230b20e	Well, it's my personal business, but I'll be glad if you join me, brother.
c980e4e836	All right, and what's this business?
c997e806a0	Right, we'll head there. But first we need to find some clothes for Evelina, and her staff. [BLUE](first you searched the village surroundings and found a fine staff that clearly belongs to Evelina, then you searched the houses, found someone's cloak and handed your finds to the girl, who deigned to get up from her bed)[]
c9a9bcb1a6	[BLUE](Inside the tower everything is covered in frost and ice, and it feels colder here than outside. Your attention is caught by a stone chair, in which sits a beautiful black-haired woman with very pale skin, wearing a sheer, patterned dress. You notice no other clothing on her, but she doesn't seem to be cold)[]
c9afe3ef47	Right. By the way, about the price, since you mentioned the haul. My rates have changed. Judge for yourself: the places we're going are dangerous, and lately there are many more patrol ships too. You'll have to pay extra for the risk.
c9b039e944	If the cursed mage is the source of the spell, wouldn't it be simpler to kill him and spare ourselves the trouble? As I understand it he can't be cured of the curse anyway, and he may cause new disasters.
c9b92c9266	Here's what you wanted!
c9c59f7442	I made Dominic very angry.
c9cdb4d7bc	Hey, I need to talk to you.
c9e2a32ceb	May the Northern gods bless you!
c9eafd2292	I want to enchant this Terrifying Shortsword.
c9fd320d91	The Archon and I must reach the rebels and deal with them.
ca0bdde1db	I hope so. We should hold talks in a more peaceful setting; then we might be able to strike a deal that benefits us both.
ca0c6d83c2	We'll pick one of our most experienced allies from Sol-Laqueul.
ca137406e1	Changing Hierarchy
ca1a047f6f	Maybe you know someone who knows how to get onto this plateau?
ca2f7435d4	Bless this Silver Shortsword.
ca335c2721	I found four Tolassian priests; now I can return to Gwen in the Deadwood and give her the skulls.
ca3361b90c	Hi-hi! Glad to see you! We're going to hold a showcase rehearsal, and we've invited famous guest musicians for it! And how are things with you?
ca357cecc3	I found the courier's body, but the artifact wasn't with him; perhaps the orcs took it. Their camp should be somewhere nearby in the south of the Bluemist River.
ca37451333	I have no idea whether it's possible, but if I have to kill Morgen to free his spirit, I will.
ca3783bf4b	Sir Irolio said the knight I'm looking for is called Damian and should be looked for in the White Plains or on the Deepfrost Glacier.
ca386be1b7	Me? I'm just a lover of exploring various antiquities, like the ruins we're standing by.
ca3d7049af	Ah, right! I remember, that was a tiring trip. I don't like being far from the sea for long. You haven't changed much since then.
ca40cc3f5b	You know, that's not the best way to say thank you. But either way, I have no strength left to resist.
ca71e160be	Magister Mundric agreed to give me the key stone from the Temple of Knowledge if I bring him a Yeti paw.
ca7416697e	That doesn't seem quite fair...
ca883d2fd3	I couldn't find Vince on Skull Island; I need to return to Friguld and ask again about Vince's whereabouts.
cab56081aa	Damned bitch! Filthy slut! How did you find me again!?
cab7926f21	[BLUE](a girl with a striking look and unusual hair colour)[] Meet Mighty Rock.
cabdf49e78	This won't take long.
cabffb617f	[BLUE](the huge winged creature suddenly vanishes just as it appeared)[]
cad3eda2a4	I must deal with the inhabitants of the cannibal village.
cad555f086	[BLUE](The girl laughs)[] I'm a princess and I can do whatever I want, although of course I don't abuse that privilege. My talents are enough to get what I want.
cad6a925de	I hope so, and that I'm finally free of this burden. How strange, I lived with that monster for so long, and such a life seemed normal to me...
cad87ccb4d	Well, most likely you're supposed to serve the summoner, smashing and killing everything and everyone at his command.
cadc715929	[BLUE](The guards turn their attention to you)[] You! Stop! Are you this little rat's accomplice?!
cae3405ae5	I have giant mead!
cae37b3c33	Oh come on, Hugh, he's one of ours, proven. He's bailed me out a couple of times already, and he's not fool enough to share loot with the Seventh House hangers-on for nothing.
cae3afb8db	However hard it is, we'll find a way out of here!
cae807aafd	Me?! No, and what does it matter whether I'm an outsider or not? All lives matter. I'll stop you from putting innocent lives at deadly risk, whatever it costs me!
caebdca859	He did. Now let's get out of here. I'll take you back to the settlement.
caee52c750	Here are the sabretooth eyes you asked for.
caf2f0f94f	I helped Rickman keep his position as gang boss.
caf7288eac	Oh, I know everything about you, Maxian. How you and your legion fought in the campaigns against the orcs on the west coast. And in the hunt for Varannari in Jabal. And how you fell in love with a slave and decided to marry her, and not just a slave, but a Varannari slave, for which you were thrown out of the legion in disgrace when the truth came out. And how your crimes landed you in a penal squad, and about your escape, after which you took up banditry.
cb08c50ace	First you need to study the right manual and check that you have the required ingredients.
cb0eece395	The locals aren't very happy to see us here, so I decided to set up our camp here so as not to make them nervous, but some of the residents do seem interested, so we won't be left without an audience.
cb138f6c0f	Oh-ho, good potions, solid potions. Potions to poison your enemies, and potions so nobody poisons you.
cb1c79de53	Died? I'm sorry. We walked into a pirate ambush. I drew all the attackers onto myself and told Vince to run to the boatman... so he didn't make it. And when I'd dealt with the enemies, left without transport, I decided to swim back to Friguld. Swims like that are no problem for me, I'm a former athlete after all.
cb29ea1996	You think this world is diverse and full of unique folk? Nope, there are only two kinds of people: me and everyone else.
cb2d0f8e81	You're just in time! My husband recently came back from his trip, very angry and irritable; it seems his joint venture with the sorcerer has failed. And one of my servants spotted the swindler himself in the "Merry Wayfarer" tavern; he's only just told me. If you hurry, you can catch the scoundrel there!
cb2dec2b3f	Yuck! Is this some kind of medicine?!
cb32f6c3f5	All right, let's do that.
cb36094d7b	I want you to follow me again.
cb38a7d0b0	[BLUE](This is a magic door. There's no way to open it and go in without a key)[]
cb39000929	Yes, I was told you'd come alone.
cb3dda2600	Nice to meet you. Who are you, what is this place, and what are you doing here?
cb43529927	I'm Bridge! And you go wherever you were going!
cb47a5e31d	Can we get out of here somehow?
cb4d4bc30f	I can teach you [BLUE]Necromancy[]. With it you can summon a spirit that will fight for you.
cb51e79297	Step away from it.
cb5855f5ff	We have far more important business, and this guy is always getting into trouble; he'll wriggle out of it himself somehow!
cb59784b55	What happened here?
cb671a07b8	Bless this Silver Greatsword.
cb67aba687	I helped Zeref get into Balthazar's tower.
cb7fae57e8	Oh come on, Hugh, where else to do business if not New Garand itself? This is the richest ground for rich folk.
cb816b253f	All right, see you. We'll carry on and visit Violetta in New Garand.
cb84149a67	[BLUE](A very pale girl with no clothes at all on her slender body)[] Oh no! I failed, Alaric will be displeased! [BLUE](The girl turns into white smoke and vanishes)[]
cba3614d8b	All right, thanks.
cbacbbe89e	Great, I have that armour with me: a Tolassian Chain Shirt.
cbb05f433c	No need, you've done enough. I'll take care of the extra guards myself. I've just prepared drinks for them with a strong sleeping draught. Maurice, how's your sorcery?
cbb77d626c	Incognito, I carry on with the old trade, recruiting a team of accomplices from tight-lipped, proven people with no ties to the Seventh House. So we have a little problem right away concerning your new friend. I don't know him, and checking who he is and where he's from will take a long time.
cbba6c27ce	Of course, but I think I've already given you an autograph? Oh, what does it matter! I've mislaid my favourite quill somewhere. Come tomorrow and I'll definitely give you an autograph!
cbbebf4322	In a sec.
cbc373f675	There's no trust, and there can't be, in the words of bitches like you!
cbcda9bdfe	Don't worry, Mika, he won't get away from us that easily. One day we'll drive him into a corner he can't escape from.
cbd367a9b6	All right, here are the coins. Talk.
cbdd7b2436	Well, let's split the loot and scatter before the New Garand guard gets on our trail.
cbef7a1b8a	Yes, that's me. Who are you and what do you want?
cc0177424a	What happened? You stepped over to the bushes, I thought you'd gone to relieve yourself, and then you came back a minute later. That's all. What's wrong? If you like, have some more mushrooms. There are plenty left.
cc10fb438a	[BLUE](Princess Bernadette came out of one of the doors and walked towards you, holding a small axe whose blade seemed to be stained with blood)[] Sorry for the delay, my guest wasn't very talkative, so I had to resort to unpleasant methods to loosen his tongue. [BLUE](the woman came closer, taking a handkerchief from her belt as she walked and wiping the axe blade with it)[] Alarion! What a surprise, my brother. Decided to pay us a visit in person?
cc119b9da5	You can tell your lady she needn't worry about her rival anymore.
cc1ab114d3	At last, all the seals are destroyed, and nothing holds me back anymore! I am free!
cc295160e4	I managed to kill the unknown knight and his men, though I never learned the reason for his hatred of the villagers.
cc2af76a7c	Thanks, but I have to go.
cc4bc365fe	I hope you've prepared well before setting off. When you've got the book, come back here!
cc50c70dd7	I got an ursan's head; I need to give it to Magister Mundric.
cc5cc3e3b5	Well, yes. That way it'll stay on more securely and won't fall off.
cc794ee0bb	Damn it! These scoundrels followed you from the cemetery! I knew it wouldn't just end like that!
cc79ebde0a	You can call me Shenron, and I have a job for you. You're clearly one of those adventurers who takes any job, no matter who from. What do you say?
cc7e3f899a	My dear, you shared a secret with me, and as I promised, I've found this great wizard, who has already dealt with the moon curse before!
cc8b2482a5	[BLUE](A red-haired girl who isn't in the mood for talking)[] Hi. I have no time to talk.
cc8fa1763e	[BLUE](The fair-haired man doesn't react to the shouting at all. He still stands gazing into the distance)[].
ccb4722d55	Go in.
ccc0ce38d3	Yes, I agreed that if I help him, he'll help me.
ccc156e721	Alice and I found Layla and Violetta; now we need to return to Mikaela at the mistress's refuge.
ccc22af45c	[BLUE](A stone structure with recesses on each side, with stones set in them)[]
ccc3c6b7dc	From time to time a boy from the city comes to visit me to listen to my stories about ancient times, but recently he stopped coming. I went to Rigordion to find out whether something had happened to him, and it turned out he really had gone missing!
ccc4d82df8	I have Deepfrost cognac!
ccc9c4c590	[BLUE](in the shadow by a heap of rubble you notice a piece of some cloth sticking out from under it. Deciding to check, you find a small body under the rubble. Some boy somehow managed to reach this place and, most likely frightened by the light people, hid here, where he froze to death)[]
cccba3b286	I found the third key stone in the Temple of Knowledge.
ccd69089d1	I must get into Balthazar's tower in the south of the Bluemist River.
ccdb6c7159	Good. We have a guest today, but he won't disturb you; do everything as usual.
ccdbe92da8	Actually he just rattles off some gibberish fast, and his brother monotonously beats a drum.
ccdec453aa	Uwaah, I'm a zombie, and you're a tasty lunch!
cce449ecba	The first is a young duo of two brothers, a vocalist and a musician.
cce8f1ddfd	What donation exactly is needed to bless a weapon?
cceb140edb	Hm, I'm not sure I can explain its nature in a way you'll understand. It all began... Oh, I can't even remember how it all began, it was so long ago. All I clearly remember is that Oberon was with me. He was my... friend? My beloved? It's faded from memory what we were to each other, what bound us... Perhaps he was the cause of what became of us, or perhaps it was me. But now nothing remains, only pitiful, dim fragments of memories...
ccef5c67ef	I avoided taking part in the attack on the governor's son; now I must meet Alarion in the Royal Forest.
ccf0bc6a0e	Go through.
ccf6bd9b49	What the hell?! How can you walk on air, and upside down too?!
ccfb11f8e6	Lady Ironstone asked me to deal with a swindling sorcerer; I refused to help her.
ccfc2d3083	Enchant this Hunting Bow.
cd090e3433	You could have told our friend that in advance.
cd0bc8fb7b	Who are they?
cd17f87a79	This won't end here just like that! We'll meet again, hero...
cd183f0e54	I sense the wolves have come for my soul, and though their claws and fangs are sharp, I shall not fear or turn coward, I'll live again in spite of all...
cd19a2b555	In Rigordion I met Agnius Northson, who offered to make me a partner in his venture; I agreed. To start with we need to get 10 bear pelts.
cd1d53a5cf	So you're a princess?
cd27113e3a	Oh, great, let's hurry to a rented room!
cd2f47b548	[BLUE](She looks like an ordinary middle-aged woman, but there's something beastly in her features and eyes. Greenery and slime cover her naked body here and there in place of clothes)[] Well now, so you managed to defeat that monster, since you've made it here. And surely you expected to find a beauty in distress, ready to thank her saviour, but I'm not so bad either, am I, my young hero?
cd34c390c1	Those people in the village surely need our help!
cd3dcb5822	Kardagis agreed to solve the problem of Layla's debts if I pay 3000 coins.
cd3fbd907a	I must reach the centre of the dungeon of Castle Storme so the wizard can activate the ancient seal.
cd4590d060	The high priest of the temple of Rigordion is ready to reward me for my help.
cd4c4eb4a3	So who are you, and why are you alone here in the middle of the swamps?
cd4f0370c9	Yes, I can't wait to get out of here! [BLUE](the girl bounced about even more with joy)[] Did you kill all the orcs? Their leader should have the key to the cage; he's probably hiding in the cave.
cd5942c6ed	Nope. [BLUE](Evelina replied, waving a mosquito away)[] It probably survived from imperial times. I managed to study it a little, though, and it seems it had been out of order for many years, but someone recently activated it for some reason. Ouch! [BLUE](the girl scratched a spot where the mosquito had managed to bite her)[]
cd5e12c3c7	[BLUE](The young-looking sorceress gives you an unfriendly look)[] No idea who you are, but you'd better back off quickly before I decide to turn you into slugs.
cd6673d432	I'm just a prisoner. Sorry for deceiving you, but you won't leave me here, will you?
cd6ddade61	I must meet the dragon Shenron in the Great Plains to give him the Dragonlord's Circlet.
cd76b805a5	[BLUE](This woman is sober enough to talk to)[]
cd7d95f401	I'll try, Mika.
cd7eec1f86	[BLUE](the man pointed at those in the cage)[] We've gathered criminals here: rapists, cutthroats, thieves. Scum like this belongs in hard labour or behind bars. But because of the Curse the mines and quarry are closed and the prisons are overcrowded, so we sometimes use them for dirty jobs.
cd8990bd16	Calm down, baron. We called you here to talk about your descendants and your legacy.
cd919c3646	I have no business in there.
cda0fd0c1a	[BLUE](A big man, bare to the waist, stands leaning on the handle of his hammer, watching you closely. Not far from him Vince lies motionless)[]
cda42c5de5	I need to get to the other bank to save someone I know, whom the little green men want to eat, and you won't let me through. That's why I started beating up your buddies.
cdb67d1994	[BLUE](A kindly priestess, glad to see you)[] Welcome to the temple of the Northern Gods, traveller. If you have a suitable weapon and the required donation, you can have it blessed right now!
cdda0c5a49	See you! [BLUE](the girl headed for the castle gates, which the guards opened for her, clearly swaying her hips more than usual on purpose)[]
cddbe10cbc	What a pity! Sad that such a treasure trove of wisdom was lost so pointlessly.
cde495539e	Well, it may be nearly impossible, but my friend and I will go back to Castle Storme and try to find Holland Storme's notes!
cde55b3bc6	Hey there, mate! Got the tiger eyes?
cdf616007d	I don't care about your titles. You valued my life rather cheaply when you sent assassins after me, so I'll take yours for free.
cdff48e748	I can do that too. I can try it on you. I'll shove my enchanted sword deep in your ass right now, bitch, so it roasts you properly.
ce04f03ba9	[BLUE](going down the stairs, you suddenly found yourself inside a strange room with no entrance or exit. In the middle stood a magic cube containing some armour, and beside it stood a ghost, clearly guarding it. It seems you'll have to defeat it to get the armour and get out of this place)[]
ce232d1a43	I can sense there's a secret room somewhere here!
ce2a7940a9	That's it, calm down. What do you want from me?!
ce2e4c548b	Excellent, I'm glad you agreed! But now isn't the right time or situation to discuss the details. Later, find my maid in the city; she'll bring you to me so you don't have to sneak in here by secret ways again. Now run, in case my husband turns up!
ce41291846	[BLUE](This strange man, a mage by the look of him, clearly wants to keep apart from the settlement's people for some reason)[]
ce523a189b	I found this strange rune on the dead priest. Do you know what it is?
ce59128d18	Enchant this club of horror.
ce689c4f51	The werewolf settlement has been destroyed, and the threat to ordinary people's lives removed.
ce6fb5ad2b	Are all your people here?
ce880d77ef	I'm not to blame for your problems. As you've noticed, I met you halfway, agreeing first to negotiations and then to meet you in person, and in return they try to kill me here!
ce98a17fe3	He speaks disrespectfully of our master! The master will punish us if we keep letting riff-raff talk about him like that!
ce98deb6b7	[BLUE](A warlike-looking priest)[] Did you manage to eliminate the threat in the south?
ce9fcee103	Enchant this Bluesteel Mace.
cea5efe8fd	Aha, the saviour of Varranar in person. I didn't expect we'd ever meet again. So what could make such an invincible hero seek my help?
ceaa4b0c4d	[BLUE](The blow sends Rickman flying and he drops his weapon, but he quickly gets to his feet and draws another terrifying-looking weapon)[] Damn it! Now I'm angry! Now I'll show you why I'm the boss!
ceb3910bb1	[BLUE](A young-looking wizard)[] When I'm in Icemist, I'll try to find out something about the artifacts you need.
ceb89a10ae	I need healing.
cef8628596	Well, we couldn't come to terms with them, but dead pirates are even better. They can't talk, unlike living ones, if they'd been caught. Right, is everyone in one piece?
cf074eceff	It's recitative, baby!
cf0b7f27fa	I killed the monster; now I need to tell the highlanders' elder.
cf0d00930b	So, let's begin! Which character do you meet first, at the very beginning of your journey?
cf12a7af47	Reforge this shortsword.
cf1590e6f8	I destroyed three of the four seals holding the being from other worlds.
cf25e2102e	Boss, you don't happen to mean me, do you?
cf26cdeeb7	Very Strange Things.
cf40f08dfd	Not bad, next question! Which quest is the character named Liserpix connected to?
cf49a78073	Good, the girls are safe and sound. Otherwise the Lady would have been very upset if their looks had been spoiled. All right, I'll take the girls home to New Garand, and you go back and tell the Lady we've done what she asked.
cf6131749e	Exactly. Work isn't a wolf: work is work, and a wolf is a walk.
cf61aa3bfd	[BLUE](the man in armour frowned)[] I will send my people to the outskirts to investigate all of Captain Greedy's dirty, shameful and illegal activities.
cf6dddb237	The being from other worlds is free.
cf85c94ab8	Then see you in Balthazar's tower!
cf92bdda61	Step away from the workshop.
cfae3f9930	Then good luck to you!
cfb7a14466	Welcome to Istril, capital of the most ancient empire!
cfcd52ce01	Adaon.
cfd038667b	Glad to help.
cfd1a7c67e	Great, I have that armour with me: a Legion Breastplate.
cfe18651a1	Damn, there's no sign of Vince anywhere here!
d01458a8ac	My guards and I will search and turn upside down every such hole we know of.
d0166b5e55	Give me the Ladies' Man!
d0271bc866	Plus my beat, baby!
d02e5bf957	My friend and I need only one relic from the Whitetoads' holdings. All the other goods we can carry off will go to you and your team.
d0372cfa46	I eliminated all the orc scouts; I need to tell Sergeant Killet at the southern outpost.
d03919b6ab	Johnny told me you bailed him out and are ready to work for us. Well, we can use sharp and decisive people, since the problem with the nasty ladies has been brewing for a long time. Clearly both sides of this conflict are to blame for it coming to this, so it's time to do something about it.
d03e35e05a	[BLUE](A misshapen creature that was once human)[] Oh-oh-oh, has another explorer really made it here? Only it's all in vain. You'll find nothing here. You are greeted by one of the last keepers. For a long time there has been nothing in this place you could carry away.
d04a912e45	I must talk to the Archon to learn about Princess Bernadette's plan.
d058fdd362	Actually, I saved the world by defeating the Forsaken!
d05bdb5c31	Enchant this hammer.
d060d1955f	You weren't in much of a hurry.
d06233a83f	Priest Ryurger reports that the demon bear has returned, and he wants to find and destroy the monster. Perhaps you know where the creature's lair might be?
d063ebd7a7	Unknown people ambushed me; it looks like the swindling sorcerer I'm looking for is mixed up in this.
d06824283b	Why, you swindler! My informants in New Garand saw you visiting my book client. Decided to cheat me and keep the reward for yourself? Now you'll pay for your treachery!
d075d7a7e6	I hope our forester really did see Prince Vardie. Otherwise he'll be in trouble if he lied.
d08800ca56	[BLUE](Outside the bars stands a young woman in an immodest black leather outfit, watching you. She holds a whip, and at her feet sits a young man wearing only underpants and some strange mask. Not far from them stand two powerfully built women)[]
d0885ea8b3	Not before you answer my questions.
d08e7ba8b2	Uh, I don't think just sex is the best way to reward a hero.
d08eb21903	I'd gladly set off on travels with you!
d08febcd54	[BLUE](The girls clearly sense your unease. Exchanging glances, they growl like beasts, tear off their flesh like clothing, revealing their true form, and throw themselves at you)[]
d09182d12a	Hey, what the hell, man?! My buddies come here complaining that some creep who looks a lot like you is beating them up! What's the deal, man?!
d0a0473cc8	Varann Forest.
d0a2089983	Oh, I wouldn't advise walking around town with that thing. It doesn't look very decent!
d0a9bc99d5	I'll try to be useful.
d0ac235c32	Go and talk to the Lady.
d0b26b7e3b	Right, let's not waste time! While Alice was looking for you, Olivia and her friends and I came up with costume designs for the whole troupe, and the costumes for Violetta and Alice are already being sewn! Besides that, I've already written part of the material for the performances! It's turning out so cool!
d0b652afa3	What a trap! So the Dragon Lord's Crown doesn't exist?! Well, we'll have to convince Shenron somehow, and he's unlikely to be happy to hear it or accept it! Friend, maybe you can talk him round?
d0b723af8b	And don't forget: family is the most important thing.
d0c5f4eccb	[BLUE](once in the vault, before you could properly look around, you heard a noise in one of the corners; a large mechanical golem was coming towards you)[] Warning. Intruders. Detected. Intruders. Detected.
d0d6e98806	Want to put me in chains? Try it, because nothing in this world can hold me! Brothers, for freedom! Beat the scum, I'm with you!
d0d9d0a35c	[BLUE](You decide not to worry and rest with the young girls)[]
d0ef003d14	That's a pity.
d104fa5e34	Great, I have that armour with me: a Reinforced Velites Chain Shirt.
d10d2c64b2	And I hope I won't have to work with some of you again.
d10e1a4098	All right. By the way, I found your staff. I wanted to give it back, but you weren't in the castle, so I went looking for you, and that's how I ended up here.
d114f7ce61	Wow! What an unusual apple! I've never tried one like this! Thank you, lady! By the way, my name is Kai! I think I won't eat it now, I'll save it for the holiday!
d11c104e71	Bless this Minotaur Axe.
d127616d45	All right, I'll leave if that makes you feel safer.
d12982d61d	At the "Merry Wayfarer" tavern I learned that Kriop was supposedly seen in the forest by the quarry a couple of days ago; it may be worth checking that place.
d12e1a1922	[BLUE](A fairly young-looking wizard)[] Thank you for helping me get to that freak. By the way, you needed some problem solved. I can help you with it.
d133f8c002	Awoo-oooo! Woof-woof-woof.
d1404f9156	Here, at the battle of the Royal Lake, our mighty King Kalion the First won a great victory, crushing the rebel army from Sol-Laqueul!
d14b9c6676	All right, I'll save your comrades.
d14f23e9cf	Pity, though the actress doesn't have to be a real cleric. Um, actually, I wanted to discuss a problem with you. I've got a maniac fan who keeps watching me and following me, despite all Mighty Rock's attempts to scare him off, and lately he's started stealing my panties!
d15633d7b5	[BLUE](This dead man seems friendly)[] Hello again! I hope you haven't got bored on our tub?! There's plenty of fun to be had here! But be careful with the local girls!
d160e09adf	Then I'll see to the reward for our hero right away! You'll receive the magic council's thanks later, once they're told of your deed.
d18f038a70	Thanks for the advice. I'll be very careful if I end up in your forests!
d19471efff	I eliminated two orc scouts, three more to go.
d195cf4858	I must deal with the green creature.
d1a746885a	Plenty of zombies roam around here, but I haven't seen any that look like clergy.
d1b4c38c56	All right, noted.
d1c56c346f	I hope we're lucky and find at least some trace of Prince Vardie, so we can continue the search.
d1d49667d9	Nothing.
d1e4a52862	So you're the one sent to collect the payment from me?
d1ea67cf11	[BLUE](This must be the tower where the mage is waiting for you. The sturdy door is unlocked)[]
d1eb0af0ad	Then get in the boat and we'll head there.
d1efbb362a	There are too many of them, we won't be able to break out!
d1f048d90d	All right, I'll see to it.
d1f0e7880d	Don't touch it.
d1f71584d6	I must meet Alarion in the Royal Forest.
d202cb0f94	I need to find Vince and the Philosopher on the island.
d20a721a44	All right. But wait a moment. Obviously you've got other things on your mind right now, but how's my errand going?
d20dff9f9c	Oh, he can talk after all. It'd have been a shame to beat him up if he turned out to be disabled! Listen, we've come for Dominic's horse, and you won't get rid of us that easily!
d21f83a382	Cool! Everyone's already gathered, so we can begin! A merry and happy holiday to all!
d22ac4c4e8	And where are you going to look for them?
d22e9cf925	Maybe you know something about the Lady of the Night?
d24c0fda23	Thought I'd fight you? Well, you were right!
d24dae35a7	Or we'll help you, and you can help us. What bandits are pestering you? I'm sure my friend will deal with them easily.
d24e238c56	Well, the brothers gave me a modest little room, but I'm content with that; the journey here in my condition was hard, but there are far more kind people here, ready to help me cleanse Castle Storme of evil. Grissenda, so the rumours that Dobros is alive turned out to be true?
d2569f74b6	Sorry, but I don't need that right now.
d256a8a526	Thank you. I'm developing the perfect antidote, but I have no snake venom. The snakes live far to the south. Could you bring three each of mamba and coral snake fangs?
d25b1308e6	[BLUE](These are the remains of some warrior, whose dagger you took)[]
d2694e1db0	Won't work!
d26c13feba	All fine! I met this Murlon, we discussed the deal, agreed everything as needed, had a few drinks... I hope he doesn't forget what we agreed once he sobers up...
d276270fa3	Great, see you around!
d27c76eeb0	Hm, this is one of Tol's totems, but it has lost almost all its power. Useless as it is, its presence clearly lures undead here, and perhaps it can be used to control them. I'd like to take it into my keeping. In exchange I can give you my ring. It holds more than enough of the magical power you were looking for here.
d28c309a0f	If any bastard tries to run, I'll finish him too!
d2a044b5e1	Thank you. Somewhere in the west of Ilmara live exotic beasts, sabretooths, which have unique eyesight. Could you bring about three of their eyes?
d2a39830dd	What can you tell me about this place?
d2a9e85c62	Monster! How did you survive?!
d2d057f945	[BLUE](The big man collapses dead on the floor. His accomplices, seeing their leader beaten, decide to surrender, but one of the archers hidden in the walls shoots straight at Kiara, and she falls to the floor too)[]
d2dae2e6f0	Bad news?
d2e68778ba	So he's dead... A great pity. His inventions did a lot of good for the people. Accept part of the reward. You tried to help him.
d2eb094325	In your place I'd throw them away, just in case, or burn them.
d2eebeee4f	You're always not feeling well when the decisive moment comes where you have to do your part. I don't get it: maybe you don't get enough sleep, or your boyfriend doesn't give you enough, and that's why your magic powers act up? How do they even work for you?
d2f387c956	Dead? But how... I saw him just recently... [BLUE](The woman is clearly shaken, though she tries to look calm)[] How did it happen?
d316caa59d	Holland Storme, founder of Castle Storme.
d318fdb05f	[BLUE](The pale woman rises from the chair and comes closer, watching you closely. Unlike yours, her breath makes no steam)[] Don't be afraid. Not many have managed to visit my abode, but I let them all leave these walls. My name is Ginevra. I'm glad to meet you.
d32452fca8	Of course I know, but I can't give out the royal rangers' information for nothing.
d3328cb216	All right, thanks for the reassurance. And what did you want to talk about?
d3351df249	Good. I'm glad we can skip the explanations and get straight to business.
d341023612	Yes, sir.
d3410d8328	All right, let's just kill them quietly!
d35398150d	I don't care who rules the kingdom; I just want to kill that monster on the throne.
d3563fc74b	Sure, buddy, I don't care who returns the stolen money. Two thousand and everything will be fine. I'll forget about this little whore!
d364e25d4f	[BLUE](A short, pretty girl with unusually coloured hair, looking at you angrily)[] What do you want?
d37da250c1	Don't waste our time. The one you're looking for is waiting for you inside.
d37db69730	[BLUE](a girl with a striking look and unusual hair colour)[] I'll finish with this championship and then take care of Mika's troupe.
d382d19632	Don't you worry about us, we'll finish you off quickly, you won't even feel a thing. That's our job!
d3868f4ac7	When I used to experiment with charms, my work with metal went badly, but wood is another matter. So I don't want to take risks: for enchanting we'll stick to bows, staves and wands, and they must not already have other charms on them. And I'll need four small gems each, to focus the energy for the various charms.
d38e826088	I'm ready to listen to you, my friend.
d38f99fd2d	Something bad has happened to Lukan and I can't meet him, but I need to try to find Magister Kaledor.
d394c9c8b3	I accept your donation. As for your request, I'll try to fulfil it, but I don't guarantee everything will work properly. My magic reacts differently to different people, and on some it doesn't work at all. But first you must help me with something.
d39abb1d2a	I managed to defend the bandits' warehouse; I must tell the boss.
d3b5384338	Switching to standby mode.
d3c1535d07	[BLUE](In the darkness you hear some noise and notice a dark silhouette. A huge, shaggy monster with big horns is coming toward you, clanking some chains. Steam rises from its fur, its hooves pound loudly on the stone floor of the cave, air bursts noisily from its nostrils, and its black eyes seem to pierce right through you)[] And here's the chief naughty one! [BLUE](The creature's voice seems to fill the whole cave)[]
d3d1bf69ca	I don't like this kind of work!
d3d678e564	Don't show off, you shitty dead man. Your time is long gone. We called you here on business, not to listen to your stinking speeches.
d3fb0c207e	All right, since Hugh needs me urgently, we'll finish my business here quickly. I wanted to pull it off quietly and without violence, but since you need me right away, we'll do it more crudely.
d3fb9c1673	I need to find Magister Kaledor in Istril to collect the disguise cloaks; I can find him east of the city by the farms.
d3fcea2e98	[BLUE](You manage to take the stone, but protective charms strike you)[]
d4044e2b6e	Hi, sorry, but I don't serve strangers.
d40528c9d5	All right, I'll meet him.
d40ec48bf3	Well, looks like we managed to beat all those freaks!
d40fe467ff	What a meeting. I didn't expect to see you again! It seems you didn't follow my advice to be careful dealing with strangers? Well, you've asked for serious trouble.
d4205f7d11	There are records that this castle was owned by some ancient imperial family; I don't remember their exact name, Braykich or Braveer or something. Anyway, they controlled all the river and road trade routes in that region, so they were very rich. After the fall of the empire the family died out, and the castle emptied and fell into disrepair. You can only get there by water, but nobody risks it, since there are lots of bad rumours about the place, especially now that the Curse is raging there.
d42626ce12	No kidding! Or did you think you could make friends with the undead?
d42832d8c5	My portable teleporter has a short range, so I can only teleport you to the Iron Enclave, for [BLUE]300 coins[].
d429ece540	I told Praetor Anwar about the runaway slaves, and he sent a squad that killed the fugitives.
d4312477bf	Honestly, no idea, but now nobody will stop our holiday for sure.
d436327b5e	Well, what did you find out? Who did it?
d44c41fcdb	I could use some coin.
d44ca7ab6d	Don't waste time, go help my lads.
d44d7805f0	Oh, it would be much better to find my staff and magic gear. As for the portal, it's simple. See those big flasks attached to the arch? They hold mana; if you break them, the portal will stop working without its supply. [BLUE](the lack of clothes didn't seem to bother the girl much)[] It's a pity we couldn't solve the orc problem without violence and killing, though.
d44decc887	[BLUE](By tricking him into putting on a collar of submission)[]
d45073909f	Damn! Let's get out of here, fast!
d457239d5c	Far-sighted. Then let's use your teleporter.
d45bfe574b	To hell with you and your Archon! The cursed mines are nearby; anyone in my place wouldn't want to hang around here long!
d46be2870b	Go back to the boss.
d472d42094	Hey, careful with slogans like that, or some of ours will surrender without a fight!
d4767f0299	I helped repel the orc attack on the southern outpost and eliminated all the orc scouts; I need to tell Praetor Nazira in Liberty.
d4a1e473e6	A weapon is just what I need.
d4b883c224	But how can that be?! I expected the sun to turn them to stone, as it should in the old legends!
d4c012b8a3	I've already drawn up a list of candidates I've worked with before, and where to look for them. Our team will need: a mage safecracker, since the Whitetoads are very rich and it'd be foolish to assume their vault has no magical protection; a very strong and tough guy who can carry out as much loot as possible in one go, since you won't get a second trip into the vault; and a girl spy who can easily seduce anyone and find out all the information we need.
d4df80970d	What nonsense are you talking? I call him brother figuratively, the same way we all call each other sisters or brothers!
d4ed091aa3	The thief who broke into my house was acting on someone's orders; perhaps the city guard can help me somehow.
d5008c6cef	Let's see how worthy an opponent you'll be for me!
d50a1cc8c5	Exactly!
d50a7b5eba	Excellent. By the way, meet our pro, who'll help us find Bubba.
d528e60259	If you change your mind, I'll be waiting for you here.
d52bd50e01	Captain Bloodsilver asked me to free a kidnapped villager named Hermes, but I refused.
d5483471f7	Make a simple choice. Either you marry me, or I cut off your dick and feed it to the harbour dogs. See? Simple.
d54b83f3c7	All right, I'll deal with him!
d552e9d584	Recently rumours began to spread that people were disappearing around here, and of unknown creatures roaming the night. I came from Ilmara to look into it, and it turned out to be true! These creatures of darkness are real, and what's more, they've grown bold and started attacking right in the city!
d561ca5f4e	And a warm welcome will await you if you ever find yourself in our homeland.
d567db24a3	You can keep yelling at each other, but it won't help! We need to do something or get out of here.
d575229816	What the hell is she doing?!
d575526e46	And I'm really glad I met such a good friend. You know, I think you could...
d58c24f8d4	Use it.
d58cc12c43	I'd be glad to help, but my gods are too far from these lands. I doubt they'll help us here.
d5b36098f2	[BLUE](A stone monolith with a picture of an ape's face is glowing)[]
d5b5c6f85b	I'm ready to check again whether it's so, my young hero!
d5c8b49cc4	I need a little time. I'm certainly not charming away wrinkles here!
d5d3b56d78	When you've got fuck all to say, say fuck all.
d5e5eda656	Let's go, then.
d5e92a8c9a	Yes, I managed to save one of those poor fellows.
d6056fd629	I have a pouch of poison with me.
d6172834c9	Oh, that's great! They'll not only be musicians in our troupe, but help with the instruments and organising the tour! While I keep working on the repertoire for our troupe here, you, Alice, will talk the girls into joining us, and our new friend will help you with that!
d621379e3a	Get away from me.
d62ce88282	Hm... Let me think... Hm, really, why is that? Interesting... I need to think some more. Hm...
d631492b1b	[BLUE](The guards lunge at you, but you jump aside and trip one of them. He falls to the ground. You shove the second in the side, he stumbles over the first and falls on top of him. While they try to get up, you and Neville run away from them)[]
d638b692a5	Who exactly do you need armour for?
d639a29e8e	I understand. The evil of this burial mound is too mighty for many.
d63b468c31	Do you happen to need help with anything?
d6458899e2	What was the monster that blocked the way to your islet, Sybil?
d65749942c	Adaon has been killed! The wizard Janod is one of the suspects; I must find him in Whitetower.
d667a8bfb1	Not much information about such armour has survived, though I've been to many places searching for even the smallest crumbs of information. Sadly, the years take their toll, and I can no longer do the active searching, although even spending most of my time in the tower, I manage to learn interesting things.
d66b41c7b2	Sorry, but I have no strength to talk. I barely have enough to put one foot in front of the other.
d66de455ca	[BLUE](A young, fragile-looking girl, but equipped like an experienced ranger)[] Hello, traveller, I'm Scarlett, a local huntress. Today's a great day to go hunting. Pity I no longer have a reliable partner. It's dangerous to be alone in our woods.
d689abec53	Then don't just stand there, come to me.
d69c1f21bb	Enchant this Wand of Power.
d69fe90500	The swindling sorcerer was recently seen in the "Merry Wayfarer" tavern; perhaps I can meet him there or find out about him from the regulars.
d6a2b464d5	Excellent! I am Brother Amos, and I welcome any help. We must protect the common folk, this threat... [BLUE](he falls silent, and you notice a figure wrapped in a cloak emerge from a dark alley)[]
d6a2f481aa	Goodbye, my friend! I know our paths will cross again.
d6a51d78fb	Praetor Anwar suspects that a man named Makbul is one of the thieves; I need to try to worm my way into his trust to find out whether the praetor is right.
d6aed9fe11	That's sad to hear, but I need these flowers for a very important matter.
d6b2895059	Everything has a price. Name yours, and you'll get the sum if you leave the Ironstones alone.
d6b3c44d6f	Yes, just scratches. I just need a little rest and I'll be good as new. Don't wait for me. Let my son and my family know the job is done.
d6c078b39e	You said you sell potions. I'd like to see your wares.
d6cf5db633	[BLUE](A red-haired girl who isn't in the mood for talking)[] If the unhappy locals don't finish us, then the wolves living in these woods will eat us, or the goblins prowling around here will rape us!
d6d0cb5e17	I recently sensed the presence of some creature from outside in that village, and judging by your description, it was most likely a spirit of envy.
d6db703a4b	[BLUE](Alarion vanished in a flash of magic, and the princess looked at you)[] And now you, hero. Although you chose to support my brother's revolt, the king ordered that you be spared for your services, but from now on you are an unwelcome guest in our kingdom. Lorcan, show him out of the castle.
d6e16a7624	Get away from me!
d6e224dcff	No, thanks.
d6eb0fb50b	[BLUE](A grim-looking old man stands at the gate of the house. His face makes it clear he isn't happy to have guests)[]
d6eca48c70	Send me!
d6eeb695c2	The entrance to the monster's cave is straight to the north.
d6f5ea2929	Calm down, my lady! To resolve this misunderstanding, allow me to explain the situation, which you may have misinterpreted.
d700014dd2	I'm not leaving, but you're going to die here!
d707c1cdaa	[BLUE](Take the sack of jewels)[]
d7080b2eaf	Shut up already! If we're late, Alaric will punish us again! Let's deal with this prey quickly and get back to the castle!
d70a867f5b	Well, it's time I went too. Thank you again for your help; your services will certainly be rewarded.
d717ff943a	Right, let's go.
d71f54dc3f	Anika agreed to join the crew if I take a key from a priest who will be on the shore of Lake Nivar at night.
d72cf73cb6	I met the dragon Shenron's helpers; now together with them I must get into the tower through the caves.
d730dc5781	[BLUE](This dead man seems friendly)[] This is no place for snot-nosed greenhorns. This place is for real sea wolves!
d7315efd18	Yes, boss. But Jumbo and I settled everything and called off the bet, so none of it matters now. Everyone keeps what he's got, and our gang won't be affected at all.
d7372cc510	So, what did you want?
d73a93e98f	What the hell, I heard someone... Ah, you damned thieves!!!
d74836dd7f	Well, yes. For example, when you're not home, he washes the floors here if I ask him nicely.
d74887de39	By chance I met a local lady who asked me to help with some problem. To meet her again, I need to find her maid in the city.
d7511ad27a	Not bad. And what weapon exactly do you have for enchanting?
d752c09572	Well, as a token of gratitude, take these scrolls. They'll surely come in handy on your travels.
d75a3f71ac	All right, I'll wait.
d75b355bbb	And you've decided not to let it go?
d76267a1ba	The supposed werewolf settlement is somewhere by the Lake of Tears; I need to find it.
d76b69ede2	All right, I'll keep that in mind.
d78716bbcb	I'm happy for you all, but since I helped you, our deal stands, and I'll take a couple of these monsters' corpses with me?
d78968eda0	What happened, friend?
d79d3bb457	"These are the stairs to the mansion's upper floor."
d7a2838c62	Magister Mundric agreed to give me the key stone from the Temple of Knowledge if I bring him 5 Deadweeds.
d7a5d93116	I eliminated one of the orc scouts, four more to go.
d7a97295d4	Bless this Silver Dagger.
d7ad5883c0	I'll go with him. If you have any objections, keep them to yourselves, for your own health.
d7ba92a257	[BLUE](the girl threw the cloak over herself)[] Thank you, you've rescued me again. Maybe you should move to the castle and become my personal dresser?
d7c10d9dd5	I need potions.
d7d0d7a76a	The workshop is ready to start work.
d7d6e8ff22	Yes, and where is she?
d7de791928	Looks like there's no point talking to this madman
d7df7e3850	You try to make sense of the books and scrolls, but what's described in them is too complex for your understanding.
d7e2c65908	Of course, the wizard is right. Let's not put off what he's here for!
d7e33dd837	All right, try to explain yourself, but be quick, or I'll call the guards right now!
d7e4e39725	The Green King.
d7ed8a18ee	Had enough, or do you want more, little brother?
d7faba35a0	Magister Mundric agreed to give me the key stone from the Temple of Knowledge if I bring him a Varannari totem.
d7fe2079ab	Can you enchant this Terrifying Shortsword?
d801f34664	Well, you've found me. But now we both have a problem: how to get out of this place and go home.
d808b61ee0	Thank you for your help. Now I'll keep a closer eye on my husband so he doesn't drag us into new trouble!
d80b0ea524	There's a job for you. Do it, and all the charges will be dropped and the hunt for you called off. You'll be clean before the law again. Well, what's your answer?
d8100c0087	Get away from her, you sick bastards!
d810fc6b01	I got the druid's amulet; I need to give it to Magister Mundric.
d8266c4a5b	[BLUE](The little boy goes back to what he was doing, paying you no more attention)[]
d82b02d16a	I helped the arcane knight Duncan deal with the goblin menace.
d82c13fa8a	Adaon has been killed! The wizard Janod is one of the suspects; I must find him in Solliga.
d82de6a574	Kill these goats!
d830925d34	As you say, Havis. Tell my brother to forget his new foolishness, sit quietly in his backwater and not stick his head out. My patience, and certainly the king's, are not endless.
d8464dfde5	I got a wyvern tail; I need to give it to Magister Mundric.
d85c8b933b	I killed the evil mage and received a reward.
d862b7079b	And here's my brother. As I told you, the job's done.
d873063597	What are you even doing here?
d88367f0b2	All right, I'll try talking to him.
d886299135	Rhonata Cave.
d88c0ecb52	What nonsense?! Undead means you don't live, don't exist, but I'm very much alive and I have lots of needs and desires! But what am I talking about? What are you doing here? Maybe you'll clear off and leave this hero and me alone? I'm sure you'll enjoy spending time with me, but I can't promise I'll hold back, since I might suck you completely dry!
d8992ad992	What a nosy busybody you are! You've managed to meet my sister, cross paths with my foolish little brother, and most likely you've met our rotting grandpa too. But I'm not going to waste words on you; you're a dead man anyway.
d89e1c7773	Great, I have that armour with me: a Myrosian Breastplate.
d8a4c454e4	I helped the dragon kill the demon Femipet; the energy released from him charged the magic crystal.
d8a591b193	If everything's decided, [BLUE](Havis interrupted him)[] let's not waste time, let's be on our way.
d8adab31df	Someone unknown is blackmailing Sansa; we must meet his go-between in New Anthur.
d8b1ccd82e	This goat has completely lost it, hit him!
d8c26555af	Of course she'll help! She's a mediocre mage, but she has certain talents, such as talking to spirits.
d8c3a604f2	[BLUE](Take it)[]
d8ce2f5d2b	I've brought the eggs of the ancient troll you talked about.
d8ce42dfe6	Here, I've beaten the bears and the wolves and brought the trophies.
d8d6d778ce	I hope you know the way and we won't get lost in these forests.
d8d7cf236a	[BLUE](the man suddenly laughed)[] Yes, they live there, or more precisely, exist. I visited the castle only once, with my father and elder brother, when I was still a child. I have no clear memories of that visit, but I do remember that even then it was an uncomfortable place. They say that even in those days the local mages were up to some devilry here.
d8de4b73b2	You could go to the lady. I'm sure she'd help you deal with this problem.
d8df3d657a	Of course. The corpse looks fresh, there shouldn't be any problems. What will we ask him?
d8e139652e	Why did you chase me?
d8f30a50dd	Guys, there you are, I've been looking for you!
d90251e833	[BLUE](A middle-aged huckster)[] Well, another successful job. It was a pleasure working with all of you again, and with some of you for the first time. I hope not the last.
d90f782960	[BLUE](A very pale girl dressed in some rags that do nothing to hide her slender body)[] So what if there are many of them? Almost all those brainless bloodsuckers are weak and useless!
d9173153ff	It's you I'm not counting on, Adaon, but I hope your friend won't let me down.
d9242cb384	All right, I'm ready to help you.
d92716feba	In the Sagar Forest I met a forester who offered to share his mushrooms with me, but I refused.
d932b4ffcc	[BLUE](While the guards come to their senses, you and Neville manage to run away from them)[]
d93ff1c8b9	They are the product of combining the colonists' knowledge with the mysterious force of this world called magic. These creatures were meant to fight the consequences of the catastrophe, but for an unknown reason they went out of control, finally burying all hope of realising the colonists' ancestors' plan. Those of the colonists who survived fled to other lands, and I suspect that their descendants caused a new catastrophe.
d94426e883	Can I help you with something?
d94443bd16	Don't shout like that, I'm alive. [BLUE](She sits up with Adaon's help)[] A trifling wound, and I always carry an antidote, just in case.
d949a7deae	To my people. I sent them north on an errand, but circumstances have changed and the venture has turned out more dangerous than expected; they must be told to come back. They set out recently; you can catch up with them to the north-west beyond the forest.
d94c9474e4	Layla owes money to local bandits; I must come to an arrangement with the Seventh House to solve this problem.
d94f5a50bb	I talked to Uncle Tonel. He agreed to help us, but only if someone helps him sort out his problems. But I also talked to the village elder and managed to talk him into throwing a feast! And he promised to prepare presents too!
d952d272a6	[BLUE](This villager is well equipped for a forest trek)[] Greetings. Officers from the city don't often come here. How can I help?
d953bd901b	The old hunter attacked me, wanting the trophy for himself; I must deal with him.
d9575a9e2a	Wait, but Castle Storme stands on that mountain, the domain of one of the rich barons of Versalia.
d96eebd0b5	[BLUE](A knight in black armour nods in greeting, as if expecting you in particular)[] It seems fate itself has brought you here, to grant me a worthy opponent at last.
d972de4887	Better death than slavery!
d97d0ae402	I understand. I hope I'll find a braver helper.
d9820c3a3f	I hope we can help Morgen!
d991c3d4aa	I wanted to find the Magister.
d9947a3971	No.
d9a1794ae4	Yes, it is I, Dustin the White, who was, is and will be. So the time has come, and someone has been found to put me down. Well, at least I'm ready to die for a just cause with my head held high. But how honest will you be with yourself, killing an unarmed man?
d9a2d08cb9	I agreed to keep helping Prince Alarion in his rebellion.
d9b0dee29d	We'll do it.
d9d2a641c8	Use the portal.
d9d9a14842	The Versalian Job
d9dedcb16a	I must escort Havis to Sol-Laqueul, but first I must discuss the plan with her.
d9e4f9b307	Well... actually, when I got to prison I was already one-eyed. Ha-ha-ha!
d9ec8aee59	The dark Curse, what is it?
d9f958df58	Good luck with that. And as for Dariel's promotion, I'm sure everyone was happy with your decision.
d9fc09d70a	We'll see, if this arrow doesn't finish me off. See you.
da1f93ddc6	Of course, what do you want me to do?
da21e9b6d1	What an unusual weapon! To bless it, you'll have to donate eighteen small diamonds and [BLUE](3500 coins)[].
da29748501	Yes, I'm interested.
da43148e7f	Hello, my friend, make yourself at home. I want to thank you again for your help, and I have a delicate matter. I'd be glad if you helped me again.
da45c87ca6	Yes, luckily the weapon of the pirate who wounded me wasn't poisoned.
da4fc3ceb8	There won't be any peaceful solution until this whore hands over the stolen money!
da607d7d25	Woof.
da6259f838	You needn't worry about me. I work part-time, so it'll soon be time for me to go home. By the way, what's actually going on here? It's my first time doing something like this, and none of the demons explained what I'm supposed to do when I'm summoned from hell.
da7e481ce8	My work will cost you 550 coins, and I'll also need one bear pelt and two white wolf pelts.
da81fa41b0	Alice and I must find Layla in Kingsbridge.
da848681ca	Thank you. And now, shall we go back to the city or deal with your errand?
da9037b858	Seems he's still breathing, for now.
da96b93501	[BLUE](A young pale-skinned woman glares at you from a dark corner of the house)[]
da9df7c8c6	[BLUE](a cute little kitten is sitting on the road)[]
daa676ee6e	Safe Passage.
dabc61a096	I think so!
dabfb957f3	What's there to say, it's all true. You lost control long ago, you've loosened your grip. I hoped the new troubles I arranged for you would make you quietly and willingly retire and free up the boss's seat, but it seems I'll have to push you aside myself.
dac1e28e78	[BLUE](This is one of the magic seals holding back the creature from other worlds)[]
dac32d6247	I'm a girl, after all, so I get certain allowances, in exchange for providing certain services to the group's leader. But you'd hardly want to do that kind of thing with him to win his favour.
dacabcf1a7	I'll definitely save him!
dad8ffe2ef	[BLUE]("...they talk, they whisper that I've gone mad, but that's not true! Fools! I know it: evil is outside, it surrounds the tower, it is preparing to strike! I must be ready for it...")[]
dadd73862a	[BLUE](It seems this warrior priest is losing control of himself too, and you'd better ready your weapon!)[]
daeef7395e	Thank you. There are rumours of a strange spotted white bear roaming around Icemist. Could you find it and bring me its pelt?
db0255c22b	I'll join you, Alarion.
db0dc38297	Hi, your sister sent me. She wants you to tell me about the forester who saw Prince Vardie.
db1cc6d594	Hello, Dariel. And you, I see, have been promoted. You look just like some nobleman.
db1fe81456	I need to find and collect the body of Adaon's double from the cemetery on the outskirts of New Garand.
db2ebb8a51	Great idea, but I'm not used to staying in one place all the time.
db40958b98	I understand, boss.
db418821ce	[BLUE](You tell the legionnaire the sack holds manure from overseas, and explain all of its finest qualities at length and in great detail)[]
db4b5fd0e4	Wait, that blade you have... I recognise it: our long-lost family blade! But how is that possible after so many years? Where did you find it?
db4dea7f41	All right, what job needs doing?
db507ef17e	And you think it was Johnny who robbed you?
db6a9fa268	I met a private detective mage who is ready to help me, but he has to be paid 300 coins.
db6ab8e0a8	It's not about me, though; I am only carrying out my father's will. The main thing is the conflict between the king and Alarion. Constant arguments and quarrels have led to a complete break in their relationship. Perhaps if one of them made concessions, they could come to an agreement and reach an understanding. I don't know yet how best to act in this situation, but I'll think of something.
db70e7a558	Agreed, let's not argue. This wizard is unlikely to stop after failing here, unless we stop him ourselves.
db970e56d0	Where did you get my?.. Oh! Um, what blasphemy is this?! Leave, and don't come back here with such a thing!
dba2249058	Boss Rickman's lair has been attacked!
dba268f34b	[BLUE](through a secret door you managed to get into a richly furnished bedroom, but it wasn't empty: a young lady in a negligee there notices your arrival almost at once)[] Aaaah!!! A maniac! Where did you come from?! Help!
dbb0227db4	Well, you've come a long hard way, wanderer. The test is passed. Are you ready for completely new worlds and other challenges?
dbb671d918	Hey, we've dealt with your master and his rabble. Now it's your turn, whores, to die for good!
dbc0848110	One more bad word about my abilities or competence and you'll be sorry you were born, you little bitch!
dbcfe1b1e5	I was hunting an evil sorcerer on the orders of the crown of Thuram. I managed to find him and corner him, but the scoundrel lured me into a magic vortex that carried me here.
dbd1326d1b	I'll skin you right now and take your stone!
dbd669a06e	Excellent! And one more little question: what colour is the Magister's... Actually, you'd better not know that! Here is the promised key. With it you'll get into the place where the thing you need is kept.
dbe7468803	...you keep telling us the same thing, Vince, but nothing changes, and if it does, it's not for long.
dbf01e61ad	[BLUE](You've already examined these human remains)[]
dbfc6108c6	That might not be a bad idea, but this isn't the time or place to talk about it. [BLUE](and in a quieter voice, starting to pack his goods into a bundle)[] Remember that cellar on the outskirts? We'll discuss everything there, away from prying ears and eyes.
dbfd1a0ee8	I need to leave the office of the governor of Sol-Laqueul.
dc011906fa	I'm not interested.
dc0d5c0750	Excellent. Either I or one of my men will drop into the city when you need a hunter's services.
dc14875e0d	You'd better clear off from here yourselves before the guards throw you out!
dc1658bb21	All right: minor healing will cost you 20 coins, medium 40 coins and major 60 coins.
dc18d0cb93	Thanks for the advice.
dc1ce74e23	Waiting for him to pull another trick on you is just as stupid.
dc368f96fd	I wanted to ask you: have you come across zombies in your woods that look like clergy?
dc3795ada7	You were wonderful. I've never felt so good.
dc5a1ab465	[BLUE](the brigand leader is defeated, and his men immediately lost the will to fight and ran. But that wasn't the end of the trouble: another, larger gang of bandits came out of the forest)[]
dc6a74c8ba	[BLUE](The little boy climbs out of his hiding place once everything is quiet)[] Yes! We beat those evil ladies! Now nobody can stop us having the holiday!
dc6bcc00c7	By the way, can I find anything useful here?
dc9203013f	Thank you. These are incredible things. Quite possibly there must be similar things, but bigger. Could you bring at least one such big thing?
dca0b7cf57	[BLUE](A swarthy man in a hooded tunic)[] Hello, I'm grateful for your help. The merchant rewarded me generously for returning his daughter. The silly girl often gets into trouble, so I think Daddy will have to cough up many more times.
dcaca162b0	[BLUE]("...some bungler lost the keys to the tower's lower level in the prisoners' section, and they couldn't be found. Idiots! Surely one of the prisoners has those keys now! I'll lock down the whole level until those cretins bring back the keys! By the way, I should keep the keys to the gratings of the lower level at hand. They were lying somewhere here on the table...")[]
dcb3e5458e	I found Magister Mundric's orb; I need to give it back to him.
dcbe88ad7e	[BLUE](The hunter Colt glares at you, holding the club he tried to hit you with)[] Look at that, a nimble one, but no matter. Maybe I can't handle the bear, but I'll deal with you somehow!
dcbf038d84	[BLUE](A short, fair-haired girl, immodestly dressed)[] I hate backwoods like this. It's full of insects, and my skin doesn't handle bites well!
dccbae6758	[BLUE](The last surviving bandit begs for mercy)[] Enough, guys! I didn't sign up to die here for that tiny pay, and I only got a small part of it anyway!
dcccaa6468	All right...
dcce5cc9f7	The harlots' gang has attacked the bandits' warehouse north of the Bluemist River; I must defend it.
dcdb3b59fb	Bless this axe.
dcdcaad6e5	All right. And now, shall we go back to the city or deal with your errand?
dcde5952ac	Boss Rickman suspects Johnny of robbing the gang's warehouse; I agreed to help find him. I need to talk to Vince to learn the details.
dce6704898	[BLUE](Remove the stone)[]
dced53300c	Wha-a-at?! It can't be, it was all planted on me! Think about it, why would I need all this junk?
dcf6d2dac8	Lady Ironstone?
dcfa09819c	It doesn't show.
dd0cb07648	So in the end one of us will have to die, because while we both breathe there'll be no unity in the gang. I've found one particular fellow, a pro at finding people who know how to go deep underground, but I think your help would be useful too, if you have the time, of course.
dd15a1a075	Even so, I'd like to hear it.
dd20cbf0e0	[BLUE](The wounded bandit drops his weapon and starts begging)[] Don't kill me! I'll tell you where I agreed to meet the man who hired me, to hand over the reward after the job, so you can deal with him.
dd28fb854b	[BLUE](The sky suddenly darkens, and several more huge dragons descend to the ground. The biggest of them speaks)[] Well, who gathered us all here? You, Shen? What was so interesting that you wanted to show us all?
dd2b4f8a41	Actually, the last time we saw each other was in the Royal Forest, when the king was celebrating his second grandson's birthday.
dd42309295	[BLUE](Despite the damage he took, the wizard manages to reach the teleporter and use it)[]
dd48d05fce	Yes, you came to my aid just in time. Thank you for saving me once again. I hope it won't become a habit for us.
dd4db06e26	Enchanting daggers and swords will cost [BLUE](200 to 300 coins)[], hammers and axes [BLUE](250 coins each)[], and anything heavier [BLUE](over 350 coins)[]. If you have something suitable and the right ingredients with you, I'm ready to get to work right now.
dd611895a4	Lady Philippa has been attacked; I must protect her!
dd686c562c	Good. [BLUE](The man starts giving orders)[] Kirk, you and your people take the boats to capture the pirates' ship, then come back for these bodies. Some go into the sea, leave the rest for the setup. Take the ship around Dead Bay and the Fire Hills, moor nearby and wait for my signal. The hero and I will go to Desert Cape and cross to the island by the ruined lighthouse. Let's not waste time.
dd7a79e94c	I managed to defeat the vampires of Mount Storme, locking them in the dungeons with a seal!
dd88212773	I'm tired of trying to talk you round. If words are no use, let's move on to fighting!
dd8d49d373	I helped Dominic deal with the rival gang and the guards; now I need to talk to him.
dd8f577d6b	In the south-western part of the sewers. Good luck if you go in there.
dd92c60de4	No. First I'll signal my people who have captured the pirate ship, and after that we'll use the teleporter Princess Bernadette gave me. It'll take us straight into the royal castle.
dd9842f793	Of course, what exactly do you need?
dda68ff04e	Glad to see you again, but my servants haven't spotted our swindler sorcerer in the city yet, so come back later.
ddb14e1a69	I managed to open the tower door and can leave, but first I need to find the Dragonlord's Circlet.
ddb162a240	Calm down, old man! We need your help. You know all about ancient trinkets, don't you?
ddba42f0e5	That's terrible, I'm very sorry such cruelty befell her. I'll pass your words on to Alarion.
ddc9094758	Go on, try to teach me a lesson, if you're strong enough!
ddcc07b9bc	Use the key you got from the Pseudo-Sphinx.
ddd0cfba1b	Perhaps you already know: not long ago a warrior priest and his comrades went south to carry out a holy mission, but sadly it all ended in fatal failure for them.
dde1f3cbd5	[BLUE](This dead man seems friendly)[] Welcome aboard our vessel! I'm the captain here, and I'm glad of any guest! We've been aground for a couple of centuries now and we're hardly ever going to move! But that's no reason to be sad. At least we're not feeding the fish on the bottom!
dde347d508	What? How do you know that?
dde4d929a4	That is one of the main reasons I began this struggle once I learned the truth. My father has an ancient treatise of dark magic from which he drew sinister knowledge. Through it he learned a vile ritual by which one can prolong one's years of life by sacrificing the lives of others.
dde4db7d35	Can you bless this huge hammer, Rock Breaker?
dde4ebdbb0	Then sorry, I'll take the money from this bitch, or she'll die!
dde8ea0ea3	Thank you. I've found tales of golden apples growing in the north of Nivar. True or not, could you check and bring at least two such apples?
dde9143d10	I need to meet Brother Gabriel to discuss the vampire attacks.
ddeb15c7b7	I have the required sum.
ddefed0da2	[BLUE](Suddenly the elder, like all the villagers, begins to turn into shaggy monsters!)[]
ddf0c433cc	Thanks, I'll be sure to try it.
de15f1a574	Oh! Princess, why are you naked?!
de1e96cece	[BLUE](A fairly young-looking wizard)[] At last I managed to beat that idiot Astutus.
de200044f4	What an unusual weapon! To lay the charms effectively I'll need other ingredients, namely twelve large sapphires, rubies or emeralds for the charms of one of the elements. And because the work is difficult it'll cost more: [BLUE](2100 coins)[].
de33b8a471	[BLUE](A short, fair-haired girl, immodestly dressed)[] I hope that once our troupe succeeds, I'll be able to get back to my workshop!
de3523c642	Fine, I'm ready.
de35c6f450	Are you stupid or something? Or have you forgotten you're a rich merchant's daughter and will inherit more gold than all these pirates will loot in their whole lives?
de40eca866	Let's see what you've brought me.
de47216d40	Buddy, how's the search for the snow flowers going?
de49b5dd8b	I'll need four small gems each, to focus the energy for the various charms. Enchanting a bow will cost you [BLUE](250 coins)[], wands [BLUE](300 coins)[], and staves [BLUE](500 coins)[].
de4a1910c6	What? What rubbish are you talking?
de4bd36fa3	They were mighty sorcerers of their age, but they wanted still more power, to rule all lands. In some unknown way they managed to tear the veil of reality for a moment, which was enough for me to enter this world. The sorcerers meant to bring me under their control, but when they realised they could not, they sacrificed their lives, trying to escape my punishment, to lock me forever within the walls of this temple. And so, because of their greed, I am stuck in this place, unable either to return to my world or to enter this one. And since you seek treasure, I will grant it, if you help me.
de4d54e942	[BLUE](a woman in a hooded cloak)[] The governor is waiting for us.
de7b20cf61	We have time while we wait; ask if anything interests you.
de7f36fbab	[BLUE](A young sorceress who stands out for her large bust)[] Go and talk to Magister Astutus.
de876b62a7	Oh, then we can skip the extra proof, if he trusts you. But I hope Lukan is all right and you can find him, and you'll come back to the Royal Forest together. Ask if you want to know anything, and let's be on our way.
de92381bcb	For a warrior and a rogue.
de93192906	[BLUE]("...this tower, without doubt raised by the hands of unknown sorcerers and long abandoned, will make an excellent refuge for me! It would be good to put it in order, repair and improve it, but sadly I have few helpers with me. I could try to get the local savages to work on it, but my coins will hardly interest them. I must think of something...")[]
de9662de43	Did you find the abducted villagers?
dea5040c07	I'm looking for Bridge's friends. Do you happen to know where to find them?
dea74b939b	[BLUE](The captain is clearly worried about something, though he pretends not to be)[] Greetings, traveller. I hope you like our beautiful parts, troubled as they are these days. We're doing everything we can to keep at least this settlement safe.
deb19e5ba4	See you. Brother, you'll clearly become a target of this unknown bastard too, but together we can find him and beat him! We'll meet in New Garand.
deb1ba95a0	The heist planner Hugh agreed to help me; I must meet him in a cellar on the outskirts of New Garand.
deb4771841	Ah yes, I remember you said the same thing once before, and in the end we didn't have a single coin in our pockets.
deb55a6bac	Oh no! He's here!
dec4d28c17	I dealt with the possessed; now I need to free Evelina.
dec7e88566	[BLUE](A young, fragile-looking girl, but equipped like an experienced ranger)[] Hello, traveller. Did you manage to find out anything about my partner Cryop?
dedbd03790	My dark magical arts needn't concern you! This time you won't ruin my plans. I'm sure that tramp Ironstone sent you to finish me? Only today you're the one who dies, not me!
dee51d6126	Well, that really does make our task easier. I'll make the keys while we have time.
def91befae	"Magical energy envelops you from all sides, then seems to pull you into a deep corridor, and suddenly it all dissipates."
defad9a758	All right, let's go to your teacher.
deff030ef3	You know where the exit is. The captain will show you out.
df104a1910	Our mages have studied this phenomenon, but they couldn't learn anything definite. It is some mystical force somewhere in the depths of the ancient mines that can take control of the dead as well as the living; no one knows where or when it came from.
df161c1c77	Great, I have that armour with me: Composite Armor.
df30f1a545	That's none of your business! Go on with your hunt and don't stick your nose where it doesn't belong!
df46aea4fd	Right, we'll take a boat now and cross over to that goat.
df4a9b2c97	[BLUE](This warrior woman doesn't look very friendly)[] Hey, you, stop! Strangers aren't welcome here, so clear off back where you came from!
df5cd0c660	Then let's go.
df5f9a1ee4	Thanks for the help, Layla. Let's not stay here any longer.
df62e99d23	[BLUE] This chest is clearly not empty, but its owner will surely be angry if we lay hands on his property []
df70183649	I'll be waiting impatiently!
df7533958d	Do you happen to know where he can be found?
df7c0ebc78	[BLUE](a frowning man in armour, no longer young)[] Greetings, hero, glad to see you. Thanks to your efforts the area around Istril has become safer for its people.
df7d3b0005	[BLUE](a very pretty young girl who looks a little nervous)[] Well, how did it go? Well, I hope?
df82892bd5	That's terrible, though there's still a chance he's alive. But despite this, I'm still ready to help Alarion, especially as several supporters have now joined me. This isn't the best place to talk, though; Bernadette has ears everywhere.
df8c428be6	You'll go into a mine yourself right now, where no one will ever find you, and I'll take your stone!
df94e3f940	[BLUE](A scruffy-looking old wizard)[] Oh, how glad I am you came! Thank you for getting rid of that monster. The fire kept it away, but I'd hardly have had enough fuel for long!
dfa498bdf7	Hey, brother, you're just in time! The artifact we need is in the basement of the governor's mansion. While we draw his men onto ourselves, try to get in there and take the artifact. If you manage it, don't linger, head straight back to Lannegar.
dfa819d1b1	That's it, we're ready to head back.
dfb8911f1f	What an unusual weapon! To lay the charms effectively I'll need other ingredients, namely eighteen large sapphires, rubies or emeralds for the charms of one of the elements. And because the work is difficult it'll cost more: [BLUE](4900 coins)[].
dfbc87a885	[BLUE](Sansa opens the envelope and her face freezes in great surprise, which darkens as she reads the message; when she finishes, she crumples it angrily)[]
dfbc8e5882	Then get out of here, don't waste my time!
dfd5d1f080	I ran into the creator of the lava elementals and he was displeased with what I did; now I need to return to the demon to charge the crystal.
dfd82adc3d	No, I have my own.
dfde6ef613	Exactly! Worse, he stole my very favourite panties with vorators embroidered on them! Can you find this scoundrel and deal with him, because I can't keep enough panties with him around, and get my favourite panties back while you're at it?
dfe47592c4	We are merchants from a very distant land beyond the far side of the ocean that washes the shores of this continent. We were caught by sea raiders and sold into slavery in this country, where we have been for I don't even know how many months. With great difficulty, and not all of us, we managed to escape the city. I don't know how we'll get home, but better to die here than end up in chains again.
dfeb2a0f1e	Thank you, but I'll use the teleporter. See you.
dfee99e59b	Oh, there's plenty for you to look at. Some potions are weaker and some stronger, more toxic, so be careful with them. Oh, and if you find any poisonous ingredients, bring them to me. I'll gladly buy them.
dff03d6f9c	I don't have anything.
dff2d24889	Now is not the time to leave the tower!
dffb4930ae	[BLUE](Nasty-looking types)[] What are you doing here? Clear off while I'm feeling kind! [BLUE](The bandit takes a dagger from his belt and points it at you menacingly)[]
e003e1df2a	[BLUE](A completely exhausted prisoner, but being freed from captivity gives him new strength)[] I'd stopped hoping I'd ever get out of the cage. I'm very grateful to you!
e011a10796	Glad I could help.
e01538eb7a	This is the exit from Lady Papewidow's house.
e026b99b6c	Excellent! Let's pick a suitable character for the job!
e032b83e38	Hey, calm down already! We're here on serious business: vampires are hunting people, and they've managed to reach the city.
e038b37eeb	[BLUE](a girl who looks like a sorceress, but is dressed in light leather armour and armed with a long enchanted sword)[] No weapon could touch that bastard; we need to figure out how to beat him!
e0419e2f30	Bless this greataxe.
e04a670f6e	Greetings, impiri. I am Duck Tail.
e054837b37	Greetings, I won't take much of your time. I'm from Alarion; he wants to know whether you managed to meet his man, Lukan.
e06623f5da	I helped Adaon defeat the Magister.
e078e4af8c	Interesting, show me what you have.
e07fecd0ff	A month ago I managed to get hold of a treasure map in the Grey Library. But I couldn't set out right away, since I had to gather supplies for the journey, and I had to get out of Freetown fast because of the library's owners, who didn't like me poking around on their turf.
e0872df8b9	Hm, Alarion has long been my sad concern. I promised my late wife to protect our children, but I could not keep that promise. My firstborn Malion is dead, my daughter Celestia is dead, Naelon was killed. Their deaths weigh on my soul. Only Alarion remains, and he does not wish to be obedient and loyal to me. For his countless rebellious acts he should long ago have been executed under the laws of the kingdom, but I cannot do that to my own son. I hope he will mend his ways after all, and that someone will help him with that, you, for example.
e096d3210f	You're starting that talk about having nothing to do with it all over again?!
e09e42b117	See you. [BLUE](Your companions go their separate ways. You're about to leave too, you glance back at the castle and notice what seems to be white smoke drifting away from one of the walls, or did you just imagine it?)[]
e0a6a14bff	And couldn't you change him back?
e0b9eb85d3	Hm. [BLUE](Percy looks closely at the man Mikaela pointed to)[] I think I know who that is. It's our villain!
e0c16c061d	Exactly. I found out that the goblin king is in the caves at the foot of the Wyvern Mountains, north-west of the Sagar forest. I'd go there myself, but then I'd have to leave the villagers unprotected for a while, and if I died there, they'd be left with no one to look after them at all.
e0c5a40c72	A couple of days after the funeral I stole the knife the butcher who worked for us used to cut up pigs. And when my stepfather went back to his old ways and came into my room, I used the knife the same way our butcher did on pig carcasses.
e0c821aae9	King of Korne.
e0d8cdcd0b	Understood. Where can I find these fishermen and the captain?
e0e26456e5	Here's the sum we agreed on.
e0e63b8a80	I should try. If this really is Cryop's body, returning the bow will soften Scarlett's loss at least a little.
e0ea428cdf	A manual for creating a sword combining the charms of opposite elements. It needs these ingredients: one large ruby and one large sapphire, 4 living ice and 4 fire salts.
e0f3322d09	I am Priestess Anabel from the temple in Rigordion. I'm here on an important errand for the high priest, so you'll have to put up with being bothered by us.
e12cbc0ad8	I must assemble a crew for the heist; now I need to free the gladiator Katasakh from the arena in Freetown.
e13a6312e6	You?! How did you get in here, villain?!
e13c7bf989	Greetings, hero, nice to meet you again. Please excuse me, I have important business in the city, so I have no time to talk right now.
e13d9c91c5	My work on this armour will cost you 160 coins, and I'll also need two wolf pelts.
e153774fa5	Lately there have been far too many goblins, and they keep taking over new places. And here's the reason. With difficulty I managed to squeeze out of one of the freaks I caught that something like a king has appeared among the goblins. He has gathered several tribes and organised them into one army. Under his command the goblins could do a lot of harm to the people of the kingdom.
e153e4d74f	Good idea, let's do that.
e15b5c426d	Enchant this knife.
e17d9f3e27	I've told Lexus about you. Go and talk to him.
e17f844dc5	Skin flute? What kind of instrument is that?
e18cd2a171	Do you remember father's speech when he made you leave Lyra, about the importance of royal blood, about bastards and the threat they pose to the succession? [BLUE](the soldier who had brought the child stepped back to his place. Bernadette went up to the boy, who in fear and confusion was staring at the motionless Havis on the floor)[]
e199c8d70a	I think it'd be a terrible thing to leave anyone in this bad place.
e19da1a5a6	[BLUE](a girl with a striking look and unusual hair colour)[] Hit these pigs!
e1ae78bc6d	I don't like backwaters like this.
e1b9c8cf3b	I need information, everything you've got.
e1c2dc7959	I'll pay his debt if you leave him alone.
e1ddbc355b	I'm still interested in the job.
e1e4571ebf	Well then, we'll try really hard, put on amazing, memorable shows, give it everything we've got and spare no effort, so we become just as famous and gather huge crowds of our fans at our performances!
e1e81ef964	You've already received the blessing of our gods.
e1f812122f	No doubt I will need help again in exposing the conspiracy, and I hope for your support.
e200db2164	What? No, I've no idea who he is! What's going on here anyway?
e2022e5af9	There's a fool around here whose herbs won't grow. I want to hammer into his head that everything grows as it did before, he's just looking in the wrong place. For that I need merples, about five.
e2161c98ee	This isn't the end. For vengeance I bound myself to such dark powers that the descendants of this settlement's people will still pay for the sins their fathers committed against my ancestors in the mines of the Seeing Hills, however many years pass!
e21942e64f	Hi, buddy! Been exploring the local woods? Tired, hungry? Sit by the fire and help yourself. These are good mushrooms. I've been picking them in this forest for years.
e238f220a3	What do you suggest we do?
e23c61726d	[BLUE](A lonely little boy by the statue frowns as you approach)[] I won't talk to you until you bring me something to eat.
e2470c1bc5	Do you think you can overcome the curse that has taken hold of this priest?
e249b69e37	And now it's time for us to set off and finish the demon bear.
e24e42a5b5	I won't fall for that a second time.
e25a5b9a2e	Um, that tower has a very powerful protective spell aimed specifically at dragons. It's harmless to other creatures. And with my size it'd be hard to explore the tower anyway!
e273d5a2e5	Our Istril port. It's safe here, lots of soldiers; those freaks from the north don't poke their noses in here now.
e27819e2c0	All right, which weapon do you want blessed?
e27c814184	All right, teleport me to [BLUE]Nivarian[]! Here's my gold.
e27d0cede8	Of course, what do you want me to do?
e28f331e99	I'll give them the appropriate orders.
e291abcc63	The northern kingdom? Well, maybe I really should have a change of scene. I'm ready to work for you, but do you have 500 coins for my journey?
e29fd622b8	I found two fiery cores, 7 more to go.
e2c21dde07	I have no wish to sail who knows where, and besides, my wolves haven't been fed; it's not right to leave them hungry!
e2d42af98b	I need to lead Nail and his gang out of the city through the sewers, where an ambush set up by Praetor Anwar will be waiting for him.
e2d5dad56d	I've come up with a cure for cheeky old men too: a hammer to the skull. Want to try it on yourself, or will you give me your stone?!
e2f061d656	I'll do everything I can.
e3034b6933	What an unusual weapon! To lay the charms effectively I'll need other ingredients, namely six large sapphires, rubies or emeralds for the charms of one of the elements. And because the work is difficult it'll cost more: [BLUE](550 coins)[].
e318eb9fbe	You look like an honest person. I think we can trust you.
e31dc42fdf	Well, good luck, Charlotte, in everything else you set out to do.
e32cf6d1b4	All right, I'll be sure to visit your tavern.
e32f236916	Well then, good luck! And besides the music and the lyrics, I also need to sketch ideas for our costumes, so they're the most beautiful and really memorable! What do you think of making you panties with a big fox tail? That'll look so cool! And bunny ears with a fluffy tail for Violetta! And a costume made only of feathers on strings for Layla! And for me a tight mesh dress and a spiked crown! I need to ask Olivia what fabrics and furs she has in her storeroom.
e3349bed9f	I was glad to be part of our team.
e334ab7c7a	Can you bless this Terrifying Shortsword?
e338d0f163	[BLUE](Use the Rusthatchet family diadem to activate the spell that destroys the seal)[]
e34021a380	Ah, in that case I can help, but I won't invite you into my house, sorry.
e35c1e5dbe	Here's the druid amulet you asked for.
e35f6425bd	...and you know what, Vince, your faggot boss can shove his proposals up his ass, just the way he likes it, and every one of you queers likes it too.
e360c7c7eb	Of course Borkmuk knows! I'm quite the antique myself! What have you got there?
e36a9fc9c9	I feel the same about all of them, especially the ones who fancy themselves important gentlemen. A childhood trauma, so to speak.
e383ae7677	[BLUE](A warlike-looking priest)[] So, how's it going? Where are your trophies?
e3866494d6	I have fire salts with me.
e38c220a39	I freed the being from other worlds, and now it wants to destroy our world. [BLUE](to be continued in the next update)[]
e38ef6cad9	Hi! Aren't you cold in that outfit now? Maybe I could find you lodging in town?
e3923cfa79	Then first meet those who'll fight the monster shoulder to shoulder with you. This is Honorary Guardian Glover. He received his rank recently and doesn't yet understand that it gives him the privilege of staying at the temple all the time, while the rest of us have to run off somewhere on errands.
e393ba0e7e	Then why the hell did you come to me without the keys, you idiots?! Don't waste my time, bring the keys!
e399efe05c	All right, I'll do it.
e39ef88b59	Well, I actually wasn't on Skull Island, though at first I meant to go there. Then I found out you were looking for me. I wanted to intercept you on the way so you wouldn't go to that island for nothing, but I didn't make it.
e3a364a5d6	You're wrong, they are useful. I picked this riff-raff for particular targets, but someone extra turned up here who wasn't in my plans, and this stranger was clearly too tough for them.
e3bdf82805	You really want to check? No problem! The decision is yours. I'm not going to change my choice, and I'm certainly not going to just walk off!
e3c40bf9d6	No time for chatter!
e3e485a07f	([BLUE]A knight in unusual armour[]) Any progress, buddy?
e3e5066280	Great, I have that armour with me: Forest Leggings.
e3fbf7deb1	And what is it?
e403766eae	What else will you say?
e404dfabbc	He did. I'll take you back to the settlement. Only then who are you?
e40c86b6ce	The bastards! You'll dance for this yet, you dung lizards! [BLUE](The dragon roars after his departing kin, then flies off himself, leaving you alone)[]
e417a6cf67	[BLUE](A group of young half-naked girls eyeing you with great interest)[] Look, what a manly hunk! Hey, you must be tired and want to relax? We'd all be delighted to help you with that!
e41d8dfae8	Let's skip the preliminaries. I'm the best at what I do. I'm harder than hard-boiled eggs. I do things right, and I don't do things wrong. While you're thinking and scratching your ass, I'm already acting...
e41fef682a	Besides the ordinary locks, the vault has magical protection, but nobody could properly explain how strong it is or how it's switched off. But our old acquaintance the sorceress can probably deal with it. Otherwise why is she here?
e42d36a838	[BLUE](The woman frowns, looking at him)[] No idea. We hadn't talked for about ten years and met again not long ago. Although, the job I gave him did involve a certain wizard. But I didn't think there'd be anything truly dangerous for Adaon.
e43c5dd898	Here are the troll hides you asked for.
e46bbcdb62	[BLUE](You manage to get the stone, but protective charms strike you)[]
e470e284e7	It's a bit early to bury me.
e47339bb0b	[BLUE](The biggest of those who burst into the house speaks calmly)[] Just look at that: we came hunting for small fry, and bigger fish is waiting for us here. Excellent, two birds with one arrow!
e47a59da92	This is Alarion's trusted companion; he didn't want to come here without him.
e48f7f808e	Rumours of his new laboratory have reached me, but so far I haven't been able to learn anything about it. It'd be interesting to see what he's up to there. Right, I'll gather a squad and you'll lead us to this laboratory.
e490dcd85b	Someone has killed the blackmailer, and suspicion of his murder has fallen on us! Sansa suggested meeting a magister she knows in New Garand, who can help us.
e49713c84c	Oh, I understand, you're a hero and have no selfish interest, but good deeds must still be rewarded, and I want to do it personally. [BLUE](Evelina moves her hand away)[] I'll be in your power. You can do whatever you like with my body until you tire of it.
e498a7e11b	On my way here I heard terrible news: my beloved is dead.
e499751bd2	Hello. I've brought the required contribution and wanted to get your help. A friend of mine badly needs a certain body part enlarged, and I learned that your group of wizards practises that kind of magic.
e4a1f3b739	Sadly, the curse took all of Killian's comrades. He himself held out longer than the others, but it overcame him too. I brought this diadem with me. Is it the relic you talked about?
e4b1a7d6c7	Ha, so Ironstone's little tramp hired you? And what exactly did she tell you to do? Kill me, surely?
e4b6641d06	Oh come on, Mika, we'll sew you exactly the same ones, or even better! Why do you want those strange little critters on them? Let's embroider dragons instead!
e4c0aafdbe	Thanks, friends, I'm in your debt! I'm harnessing up right away and heading to New Garand. If you like, I can give you a ride.
e4c1b3356a	My family's blade has returned. With it my family's former might will be reborn!
e4d8a234e5	Supposedly because of the Curse: the mages studying it went mad and killed each other. But I think the real reason has to do with something else, or rather someone. Perhaps you'll find out for yourself if we manage to get inside.
e4db8d0b96	And where do we find this goblin?
e4e1e6fb0b	Great, so we go back to the boss!
e4e29f9615	Do you have any work for me?
e4e8f0a970	Only this dead man lived a couple of hundred years ago.
e4e8f10aad	What an unusual weapon! To bless it, you'll have to donate twelve small diamonds and [BLUE](1500 coins)[].
e4f1f287c6	It's always good to have someone to rely on. Better to have a friend than to have each other.
e4f8594114	So do you agree to take on this job? The reward will be more generous than the one you've received.
e5156587b2	And where are you, someone-talking-to-me? I can't see you.
e5290fbfed	[BLUE](starts rummaging through the chests)[] Excellent! Take the most valuable stuff and stuff the sacks; we'll take as much as we can carry!
e52ac4b9a3	No problem! What won't one do for one's fans! Now, I have a copy of my new collection with me, and a quill and ink for my autograph. Here, take it, a worthy reward for a glorious hero!
e540dd18fb	Help! Help, murder!
e55624d804	I need to beat you up so Bridge will let me through.
e55739d31c	[BLUE](Insert the purple stone)[]
e55cddc97f	No problem!
e564a7cc8f	I met Mikaela, who is putting together her musical troupe; I refused to help her.
e565146dfc	[BLUE](As soon as the collar snaps on the neck, the magic takes control of it)[]
e56752d8a0	Great, I have that armour with me: Thuramiam Plate Leggings.
e56f45c80c	Thanks for the help, Layla. See you.
e57a48bccd	[BLUE](The pale woman suddenly smiles at you)[] Come again if you need anything. I'll be glad to see you again.
e57ab0ba1c	I'm the one lying?! After all your attempts to meddle in my business and your worthless excuses that you had nothing to do with it, now you say I'm the one lying?!.
e57ca89d9e	You two look more like country boys who got the inspiration for your art by listening to cows fart, and then started putting out songs that are exactly what those cows put out of their backsides!
e58735796a	Correct! Next question: in which of these locations is the quest item "Winter's Howl sword"?
e58fab728b	I found Alarion's people, but they were dead.
e5bfa6ab84	Well... I know a necromancer who, I think, could help us.
e5da3cc51a	Uh, nothing comes to mind right away, but if I'm in Icemist again, I'll try to find something out.
e5e0fae04c	Easy, tiger. Our guest didn't mean to be rude to me. He just doesn't understand the situation yet.
e5f642ba90	Pull out a knife, then cut; pull out a noodle cup, then eat!
e5f6d7bfcc	I've no business down there.
e5fbd7f01d	Yes, of course, the silver sword. I did everything I could with this blade, but you can't make an excellent weapon from such metal. Tell her that.
e600a695ee	[BLUE](The woman laughs softly)[] I wouldn't call my condition an illness. It's more a curse, a very ancient and merciless one.
e601b44e8b	Quite well. He's got used to life in the countryside and provides protection for the people. Those are troubled parts.
e60afdf641	This thing doesn't look as impressive as an ancient and mighty artifact should. How can we know it really is the Dragon Crown Shenron needs?
e60db5b94d	[BLUE](take it and look it over; maybe this trail will lead me somewhere)[]
e612af36e4	Punishment will catch up with evil, sooner or later!
e6159279ae	You needn't worry about that. I don't save you for gain, I'm simply doing a good deed.
e61de1829d	[BLUE](A small, nasty goblin with a roguish look)[] Shut up and don't bother me, can't you see I'm working?! This door turned out not to be as simple as it looked at first glance!
e62bff639b	My work on this armour will cost you 160 coins, and I'll also need a wolf pelt.
e6367e7978	Hello, do you by any chance know where I can find Magister Kaledor?
e64c6a72bb	I need major healing. [BLUE](pay 60 coins, heal 100 HP)[]
e651a5496c	Careful! Don't look into his eyes!
e65c2801cf	Glad I could change your mind. So who are you, and why are you alone here in the middle of the swamps?
e66335a830	[BLUE](you found yourself in a dimly lit hall with a chair in which sat a pale-skinned middle-aged woman; beside her stood an equally pale young woman in scanty clothing, and she spoke first)[] He didn't come alone? Rosalia, who's that with him?
e66335f2c6	So could you, Alarion. We'll all be there on equal terms; no one is safe from misfortune. Don't argue: Dariel is my friend too, and I want to save him no less than you do.
e6648d3948	[BLUE](A very big, powerfully built man. From the many scars on his body it's clear he has been in bloody scrapes more than once)[] Don't worry, friends, I won't let you down!
e6721b0cb0	[BLUE](You carefully search the ruins. A couple of hours of searching bring results: you find a piece of the magic map)[]
e677241b4c	It doesn't matter how many there are, ten or a hundred. We're family, and that means we win. Time for one last ride.
e684d55bed	His Majesty has many cares, these are troubled times, but he did his best to take charge of the search for you personally as quickly as possible. Well, the hero who saved you will of course receive a fitting reward.
e68536f016	Why are they always being bad? I don't like constantly flying off somewhere to punish all these naughty ones!
e68b8dd8af	Hm, it's a hard process to explain. It took me long years to figure it all out. The basis is ordinary teleportation, as used in Icemist, but improved many times over with the knowledge I've gained throughout my life.
e68b9e36a6	What exactly needs to be done?
e68bf316fd	I have a Potion of Lesser Restoration!
e68f6d1ae5	No, I'm not cold, since I'm always on the move! And not far from here I found a bear's den. I killed the bear and now use the den for rest and sleep!
e69343122b	Well, perhaps you don't like it, holy brother, but it seems to me that any means are good for defeating evil!
e696b9ad3f	Hop on, then...
e696e166dd	Since you'll deal with the seal, I'll go to Freetown to ask the Golden Hand about the sword. If anything, we'll meet there.
e696f25fdf	Here are the chitin shells you asked for.
e6975151e9	In fact, Captain Greedy kept my reward for himself and sent me into the sewers in the hope that I would die! He also set up an ambush for me in case I survived.
e69b4e3a39	The best warriors I've ever managed to gather.
e6b18e44ca	Hey, you! Do you know Dominic? Someone stole his horse, and it looks like it's standing right here next to you!
e6b7689812	Let's go!
e6b8a68d21	So which of these characters is not from Kingsbridge?
e6bc403cf1	Tell me more about Necromancy.
e6ce84be45	This chest is empty.
e6d9415bed	[BLUE](A warlike-looking priest)[] The demon bear won't escape us!
e6daf5f60b	Try to touch it.
e6e375a394	Well, the trouble with our troupe started even before we got famous.
e6e77888f1	I killed the poet Dustin White; I need to tell the governor at the royal castle of New Garand.
e6f5a8e223	I must get into the dungeon of Castle Storme so the wizard can activate the ancient seal.
e6fa30207a	Let's not waste time. We burst inside, kill everyone who stands in our way, finish the baron without any talk and get out fast before the guards show up.
e700478f85	I enjoyed travelling with you again, especially how you helped me calm down after meeting those savages. I'll rest, and we'll see each other later, all right?
e70aca1a08	Aren't you overrating yourself, Bugs? What makes you think a second-rate oaf like you can become boss?
e71ad56011	Just this. [BLUE](the woman handed you a small pouch; it was open, and inside you saw a human finger wearing the familiar signet ring of the Burntier family that Lukan had shown you)[] I'm sure Alarion will take the hint. It was a pleasure to meet you.
e71cb9a1c4	Of course, I'll be glad to.
e731e2854b	We need to meet Gigi's demands.
e73ae72a05	No, I don't need anything.
e741522c19	I helped Mikaela create a musical troupe, but how long will this troupe last?
e74d48fdec	The Deep Cauldron.
e7562f3067	[BLUE](A short little man)[] Ah, anyone can pick on a little guy, but could anyone imagine how he feels, try, so to speak, to be in his shoes... And what are you looking for here, good person?
e759cacd34	Leave.
e75f83cc1b	Aha! You're just who I was looking for! You're the sweet "Lilac Blackberry", aren't you? I've heard about you, even though you formed quite recently. Pleased to meet you!
e75fabbcda	[BLUE](A group of unpleasant-looking types harassing a scrawny, thievish-looking lad)[] Jumped one time too many, you little rat?! Now you've nowhere to go! Hand over the coins or we'll pass you around and you'll become the harbour's new whore!
e762f05045	[BLUE](A businesslike-looking lad)[] Oh, hello, traveller! I'm Agnius Northson, a descendant of the very first merchants of the kingdom. First time in our city? If you need work, I happen to need a partner in a venture, and you seem to inspire trust.
e770782775	I've grown too old to take on beasts like that, but I'll help you however I can to bring down this brute and stay alive! The main advice is simple, though: strike accurately and don't get under its paw. And don't forget, every beast fears fire, and bears can fly into a rage if you wound them badly. As for where to look, this bear is cautious and hunts mostly at night in our woods of the Lannegar Valley, but it isn't afraid to attack travellers on the road. I think that's all I wanted to say.
e77089a2ee	Ew! How absurd!
e7926ee632	All right, get to work.
e7a5094edc	[BLUE](A slightly gloomy-looking priest, glad to see you)[] Welcome to the temple of the Northern Gods, traveller. In our sanctuary any warrior can receive the blessing of our gods, if well enough known in the kingdom! [BLUE](requires reputation 10 in the Northern Kingdom)[]
e7a61d1d16	Do you know how to get onto the snowy plateau deep in the forests?
e7acc055d0	You know where to find me if you need me again, my hero.
e7b8e2ec90	Thank you, you'll be doing a good deed for the people of the kingdom. Here, I'm sure this will come in handy.
e7bff51069	[BLUE](the obelisk suddenly began to glow after what you did)[]
e7c8ddeb0f	Hello. I hoped to get your help. A friend of mine badly needs a certain body part enlarged, and I learned that your group of wizards practises that kind of magic.
e7c8e49ba6	All right, if it really helps our troupe, so be it.
e7cefacd09	The choice seems obvious, Adaon, but either way you stop being the master of your own dick.
e7cffbedf1	Great.
e7e6eee00e	You don't say? I'd like more detailed information!
e7e9afe19f	From the red ghost I learned about a fiery altar at the foot of the Zamohr; I must find it to learn more about the magic crystal.
e7eaa1021e	I'll gladly help you avenge your friend's murder.
e7ec71ef86	Yes! Come on, I'll show you the place! [BLUE](The little boy leads you behind one of the houses. Here you notice that the artifact the sorceress gave you has started to glow. When you take it in your hands, light envelops you and blinds you for a moment, and when your sight returns you realise you're in some strange place)[]
e812f02414	Yes, of course, I'd be glad to hear about the way from a talking dog.
e81c9aa750	Work isn't a wolf. Nobody's a wolf, actually. Only a wolf is a wolf.
e81feb1cde	Tell your mistress we'll soon go to pay the baron a visit.
e836803e80	What's going on here? I thought you had no free people to catch the thief, and where is this thief, anyway?
e8443d9f10	Not much, but we found the panties you asked us to get back.
e848c96e95	Wait, wait! I haven't agreed to anything yet. I only offered to hold a face-to-face meeting. There were too many hints and half-truths in Alarion's messages, and I'm a straightforward man. That manner of communication annoys me greatly. Take your companion, for example. Alarion clearly foisted him on you, but does he know what's going on here, and who Alarion actually is?
e849d58120	Excellent. Then I'll send my aide to the castle so your reward can be brought here when you've completed the task.
e852817c2d	Yuumaaae.
e862674aba	[BLUE](The captain falls dead, and you notice a key that fell from him. Perhaps it will come in handy)[]
e866db0b74	Magister Mundric agreed to give me the key stone from the Temple of Knowledge if I bring him the pelt of the spotted bear from the Icemist Fjord.
e8707e0d66	A Simple Choice
e8715fe23c	Well? Do I look more suitable for your music troupe now?
e88849e3e7	[BLUE](making your way through the forest, you reached a small clearing at the foot of the mountains, where two roughly built huts stood)[] Wait outside, I'll be quick.
e88d0dd9a4	Hit those queers!
e88fbca786	[BLUE](When you finish, you start tidying yourselves up)[] Looks like we'll have to call the staff to clean up the whole bed after us and put on fresh sheets! I'm sure you liked it, and we need to do it again so you gain more experience.
e8a0097771	Seriously, Dad, what do you think we are, some kind of crazed hunters?
e8a846cf13	What the hell, what do you want from me?!
e8adf46d1e	[BLUE](A young sorceress who stands out for her large bust)[] Go give the coins to Magister Astutus so he'll see you.
e8afe37849	[BLUE](A strange hum can be heard behind the door, but it seems to be unlocked)[]
e8b0b29e26	I'll always be glad to help if you get into trouble again. Well, now it'd be good to find you some clothes again.
e8bdb117b9	Understood, then let's not waste time.
e8c2584820	At least I'll die free, not behind bars. I must confess to you that I'm not Hermes. Sorry I lied, I wanted so badly to get out of that dungeon...
e8c4f08b35	Oh? Me not understand you!
e8d08e288b	Excellent, brother. I'll go to Friguld alone for now to scout out the situation. We'll meet there.
e8e31230cf	[BLUE](having finished off the last bandit, Havis began to examine the dead)[] Looks like these are brigands from the same group we ran into in the Royal Forest, but their leader isn't here. Pity none of them survived; we could have found out what they wanted here.
e8e4605dce	I must talk to Mikaela to start carrying out our plan to catch the stalker.
e8efa16932	Actually, I've already had dealings with these creatures, and I can help you.
e8f70e3582	Thank you all for your help cleansing this castle of evil. Under my sister's guidance this place will become one of the safest in Varsilia.
e8f82a3883	I came to terms with one of the groups of fishermen.
e90845a06f	Damned bastards, there's justice for you yet! [BLUE](Baldwin, whom you beat up, limps and staggers off into his house)[]
e9191dd2f1	If any of these queers thinks of doing something nasty at the meeting, they'll all pay with their health or their lives!
e91bee5bd5	Don't worry about that, my friend and I will handle it, and Mika isn't sitting idle either. So do you agree or not?
e92273ec89	Hello. Have you come across zombies in your woods that look like clergy?
e922c06c27	When it all started, many used the river to flee, but now there's no one left in the port. The city is sealed off now, and apart from these creatures you're unlikely to meet anyone.
e929f16ffa	I can't believe it, you've brought us home!
e92dde9fda	Go and talk to the boss.
e941a8dce8	Your task is simple: deal with these bastards, and I advise you not to spare any of them; they've been promised freedom if they can finish you off.
e946768d1b	Glad to see my hero again! But we don't have much time: if you stay in my chambers long, nasty rumours will start and there'll be a lot of trouble for both of us, so let's get down to business.
e963621bad	This won't take long!
e96957e8a2	So that's how all these orcs and minotaurs got into these lands!
e97a02eedd	Actually, Astutus himself sent me here. He wanted me to lure you into a trap, promising in exchange to solve a problem of mine, but I doubt he could have helped me.
e97b57480c	Bloodpaw Cave.
e97c3510f6	Great, I have that armour with me: an Unremarkable cuirass.
e98070cecc	Ah, this, [BLUE](the man looks over his outfit)[] honestly, I'd rather keep sailing like an ordinary captain than sit around on land, but mother thinks it's better for my future.
e98de7e1e5	Excellent! Do you have the ancient seal?
e9919af196	I helped Ryurger destroy the zombie clergymen.
e9927d95c4	Instead of giving you that kind of money, I'd rather finish you after all.
e9983d724c	All right, you'll get the money.
e9a48ee9cf	Here are the snake fangs you asked for.
e9a9e6f715	[BLUE](The picture of the ape's face begins to glow)[]
e9b56545ec	[BLUE](a girl who looks like a sorceress, but is dressed in light leather armour and armed with a long enchanted sword)[] She's a real sweetheart, don't you agree?
e9ca72c4d3	Actually you'll work for me, not serve me, but I need hunters in Rigordion.
e9cd136e38	Let's see what happens! [BLUE](Turn it right)[]
e9fbf87a5a	I brought a special weapon against big freaks like this one!
e9fe07d5bf	"This is the entrance to Kiara's house."
ea0289d2eb	Greetings, guests! I am Winalways, the greatest alchemist of Bespontomia. I've come to your lands to show off my art! Would you like to see my wares?
ea03a1d4e5	I've brought the merples you need.
ea0ba2e9af	Well, we've dealt with the cultist musicians, but there's still the question of what to do with this devil.
ea0e4485ec	Let's just carry on.
ea12bf159b	I'm busy. Go and talk to my teacher.
ea4476a446	Shut up! You're not much use in this job either. You don't need to pick locks, since we have keys!
ea4675d95d	I'll be very glad to serve you on this trek and deal with all the dangers waiting for us!
ea4b32b21d	All right, I understand.
ea4c21a42d	You're a hunter, right? I happen to be looking for hunters to hire for a job.
ea548abbc3	Perhaps these remains belong to Prince Vardie, and they need to be taken to the city for identification.
ea5a0a19fb	Hey, do you happen to know where your buddy is? I haven't seen that idiot in a while.
ea64468b9d	As you understand, if the main rebels are not subdued, I will have to take harsh measures against everyone who has joined them. The Archon will explain the essence of my plan to you, and you will carry it out... [BLUE](she fell silent as a richly dressed man came down into the cellar; he approached the princess, bowed and began to say something quietly to her)[] I see. [BLUE](having heard him out, the woman sent him away and looked at you)[] Someone wants to meet you. We'll discuss the plan a little later. Lorcan, escort our guest.
ea6753875f	[BLUE](A serious-looking young woman)[] Don't hang around here doing nothing!
ea7b748b1c	[BLUE](You won't get a present from Sansa, since you offended her or haven't unlocked her yet)[]
ea8278eba2	All right, take me to [BLUE]Rhöneis[]! Here's my gold.
ea8475f46d	[BLUE](The naked girl writhes in her bonds, clearly wanting you to free her, but first you need to deal with all the possessed)[]
ea86b3818a	It's for our master to decide who gets punished and who doesn't. You're no match for him!
ea8f7cfaa6	You're just in time. A group of my lads has already gone to the place of the showdown. I was waiting for you and my old friend. [BLUE](He points to a scruffy-looking man with a scar on his face and a patch over one eye)[]
ea925d9898	I helped the lost boy get back to Rigordion.
eaa18d8222	I summon the infernal horde!
eacb8af88e	Maybe there is, but I'm not getting involved with just anyone. [BLUE](This quest requires reputation 10 in the Northern Kingdom)[]
eace380747	I must defeat the trio of vampiresses to get into the dungeons of Castle Storme.
ead6520d38	I found the stolen artifact; I need to give it to Freebag in Northern Inori.
eadb1b8115	[BLUE](you find an opening that matches the shape of the ancient battery. As soon as contact is made, the console begins to come back to life and the screen brightens)[] Access denied! A level 2 access card is required. [BLUE](a small recess below the window lights up)[]
eadfca58bc	Hey! Men haven't shrunk one bit, whatever dimensions you mean, and I can prove it to you!
eae1292ade	Money? How about this instead, you goat! [BLUE](And the girl whips out a knife she somehow managed to hide in her skimpy outfit)[]
eae4635662	You'll have to donate five small diamonds, and you'll receive the blessing of our gods.
eae7d3cfab	Zombies? Ew, how disgusting!
eaf248025a	[BLUE](Not far from the ruins you climbed out of, a squad of legionnaires led by Praetor Anwar is waiting)[] Surrender, scoundrels! Drop your weapons or you will be destroyed!
eaf9d73fab	The talks didn't go to plan; I must protect Vince and deal with the harlots.
eb01c30c23	[BLUE](you had only just started explaining the way when the man suddenly pulled a dagger and held it to your throat)[] Hand over your coins or die!
eb0a560dbe	I'll go to the magic council to report on our work and arrange your reward at the same time. And by the way, a little later you might agree to help me with a personal matter; it concerns Alarion... Oh, I probably shouldn't have mentioned him.
eb18c30a32	Stop bickering, let's go already.
eb19514c4b	All right, I'll pass your words on to Alarion, Magister. And are the bad rumours about Bernadette actually true?
eb20ee8795	I don't like it either, but if we really want to achieve something with our troupe, we'll have to act more decisively and aggressively. My failure with the workshop was exactly the result of the weakness and timidity I showed!
eb2137f674	Yes, tell me who you are and why you're alone in these wild lands?
eb42212f4f	I've never sold anyone out!!!
eb436e7dd2	Skilled Hands
eb4594b4d3	Well, yes. Fewer people, bigger share of the reward for each.
eb53407be8	Glad to help. A dying warrior-priest sent me to find his surviving comrades. Is there anyone else besides you?
eb5c1bf6ea	I still need a partner. Have you changed your mind, by any chance?
eb5f4983de	I managed to save my sister!
eb5f92a41c	Hi. Soon I'll be off to Rigordion, thanks to your generosity.
eb66ef564e	All right, I hope so. If you like, stay and watch our rehearsal.
eb6afeb223	Bubba, what have you done to Vince? Is he alive?
eb6f1ce782	Hello, brother. Serious trouble has struck my family again.
eb6f8ae9c8	He works for a group of other former legionnaires and various seasoned mercenaries. Together they managed to steal the "Eye of Tol 2.0" again, and now they're planning to stir up big riots in Freetown. The Philosopher will surely be there too.
eb8b6f9334	Of course! I don't usually step in the same puddle of trouble twice. Good luck to you!
eb8c20ea92	Good. Sign the contract for Agnius too.
eba558875a	Are you all right? We didn't even have time to understand what happened before something carried you off into the castle; we fought our way in here!
ebaecdebdd	Almost nobody uses this gate, so the princess wasn't here.
ebb2d01f34	We've nothing to do with it! Actually, our boss was attacked, and that was clearly your doing!
ebb82d13b9	Here are the ancient batteries you asked for.
ebbd1b547f	I've come about Agnius's business.
ebc3a18423	[BLUE](The picture of the moon goes dark)[]
ebdefa10af	We don't want to spoil your moment of freedom, but we spent a lot of strength and time destroying all these seals, and you promised us treasure as a reward.
ebe0845554	I defeated one of the ice women.
ebfb9ce85f	I've told you everything you need to know.
ec07395577	I'm glad you appreciated it. Now let's get down to business. The Archon will explain everything.
ec0f62524c	Don't waste time, go defend the stash.
ec133b76d6	What weapons can you enchant?
ec16c60f46	Oh, um... [BLUE](the girl froze and looked down at her body, but was not the least embarrassed to realise she was standing naked before you, and looked at you again)[] What did you mean by bad? Sexual violence?
ec33731460	I've arranged a meeting with a magister who can tell me about the Lady of the Night; I'm to meet him at the statue in Icemist.
ec35ac7993	You'll regret your decision.
ec52f13d98	All right, if you're free later, you can find me here.
ec530ec717	Thank you. I've bought a new cloak and would like to decorate it with fox tails. The foxes live somewhere in the southern forests. Could you bring about four of those tails?
ec63ebebb1	To make you feel better, here's a pouch of gold, and for you, brother, this great little thing for your trouble. Thanks for helping me, even if it turned out to be for nothing. Let's go back to the boss.
ec68d3ae3f	I need to meet Balthazar in the old tower in the south of the Bluemist River.
ec7286777a	Enchant this Giver of Slumber.
ec72c466d6	Understood, Archon. [BLUE](some of the brigands went back into the forest, while the rest drew their weapons and began to surround you. Now you notice that although they are dressed in plain cloaks, they wear armour underneath and are armed with good swords)[]
ec75539f23	[BLUE](You carefully search the ruins. A lot of time passes, but you still can't find the stash. Disappointed, you're about to leave when suddenly you notice a trapdoor that has magically appeared in a previously empty corner. Opening it, you see a way down into a dark cellar)[]
ec7f10a25a	If I've got someone to flex my muscles on, I don't mind!
eca591dd37	I must go back to my room.
eca802cc3d	You'll find me in Icemist if you need my help again.
eca9354d97	Want proof? I'll find a pile of witnesses who saw your cart roll away from the robbery!
ecaa1315e3	[BLUE](Soon the legionnaire can't take any more)[] I get it! Just go already, I think something's starting to smell around here!
ecaaea3912	We don't much tolerate faggots here, especially when they shout about their preferences everywhere. So get lost before we turn you into beef sausage.
ecad04c167	Hold him!
ecb9919cd9	Agnius suggested hiring three hunters to supply us with pelts; I've found one, two to go.
ecbc71e6ca	Thank you, I appreciate your help, and we'll need a third good fighter.
ecbfc13142	[BLUE](a serious-looking, richly dressed man)[] Greetings, hero! I hope you've changed your mind and will take on my job after all?
ecbfe9956d	I don't know him very well, but I'll try, Your Highness.
ecc933fc5d	[BLUE](you had only just started explaining the way when you notice a group of cutthroats coming out of an alley, and the man pulls a dagger)[] Hand over your coins or die!
ecd91a8170	Hello, friend! Our parts are harsh. The cold winds will take your soul in moments, so you'd better dress warmly. And I can help with that. If you don't want to part with your armour and change into warm clothes, I can line your armour. It'll cost you a hundred coins or two, depending on the armour you bring, plus material from you in the form of the pelts I'll use. And if that doesn't interest you, I can also sew clothes.
ecde3d2d12	Enchant this Silver Greatsword.
ecdea8b86b	Good idea, I'm worn out after today and have no wish to walk back to the city.
ece623a4b0	I'm not strong enough to go in there either.
ece7552504	If you've decided to help us, get to work before these black servants wipe out the settlement. If not, don't waste my time!
ecf3b44e1b	We do everything in our power. The dark forces are too many, but little by little we will cleanse every land of their presence!
ed0a81932d	There never was any thief. I've set myself up a profitable little business: I find idiots to do difficult tasks, then get rid of them once they've done everything, and take the credit and the reward for myself.
ed0d9241f9	I managed to open the cage the sorceress Evelina was locked in; now I need to talk to her.
ed0f227b08	The situation's lousy whichever way you look at it.
ed12acf02d	[BLUE](A huge creature covered in green fur from head to toe is splashing about in some stinking green slime. When you appear, he jumps to his feet)[] Hey, what's going on?! Who's barged in? I was just about to take a bath! Don't look at me, pervert, I'm naked, actually! How did you get in here?
ed1599e55e	[BLUE](all the obelisks lit up, and the portal itself lit up with them; a flash of bright light blinded you for a moment, and you find that a large dark creature has appeared beside you. Clearly you will have to defeat it to use the portal)[]
ed20ca1c81	The magic council must be informed; let them send their specialists to study this portal, though I doubt they'll find out who activated the thing. Accept my thanks once again, hero; you've done a great deal of good for the city and its people.
ed335c5af3	No, he got away from us again.
ed6161ff55	Any weapon you have that doesn't already carry other charms. But I'll need ingredients: six deadweeds for the dark charms, or thirteen human skulls and one demonic one to make the amulet.
ed68ed63a1	No idea what the deal is with that island, but nobody there would have helped you anyway. But we came to terms with the sorcerers. They'll do everything for you just right!
ed6e15d2be	No, don't touch me! Somebody help!
ed76c5a1a8	Don't worry about who I am, holy man, save your worries for your afterlife. [BLUE](suddenly the stranger threw up his arms and chanted something in a language unknown to you)[] Rise by the will of the Blood Lords! Grant them the gifts of blood!
ed89f5056b	I helped return the things stolen from the wife of the governor of Freeport without giving the thieves up to the legionnaires.
ed935e2e3b	We also dealt with the captain who betrayed you.
ed9493a16f	Sansa, I need your help.
ed956f9315	Now is not the time or place for idle chatter.
ed9c0230e1	Bear hides, about ten for a start, so the people have something to work with. Meanwhile I'll try to arrange iron for the armour with Hilt the smith.
eda8c54839	Hi, friend! Looks like you're new around here? Shall I pour you something strong, or will you buy some to take with you? Or rent a room for the night?
edaeac5827	I'll finish you first, little louse, and then all the other faggots here!
edb2a5097d	Thank you. We'll meet in our lair. I'll gather my strongest fighters and we'll go to the showdown.
edb2d02e3f	And aren't you afraid to, er... die?
edc86d05a2	The magic field has changed, as if it has thinned. Looks like you managed to destroy all the protective totems?
edd57eeaa2	Hi, and who are you?
edd6d55d1a	Of course I'll stay!
eddae96107	I choose the sword.
ede06e2b12	So that Makbul will trust me, I need to collect an agreed item for him from a man named Omar.
ede1123ad3	Urrwyy, raah guaaaag, aarrwaaa aahraaa?
ede3765211	A room for half a day is yours for [BLUE]50 coins[].
edec4c7a1b	We'll find a way out of this illusory world!
eded97569f	[BLUE](the key turns the lock, and the cage opens)[]
edffba82b6	Enchant this Silver Longsword.
ee00a601d3	"An old abandoned tower. After a couple of shoves with your shoulder, the door opens."
ee016795e5	Death will be the easiest outcome for those bastards for trying to attack me!
ee079d3f7f	I need a little time. I'm not putting dislocated joints back in place here!
ee1b8e7011	[BLUE](This dead man seems friendly)[] Don't trust women, especially if they come on to you themselves! They might not be what you think!
ee1c521fb0	And Umrak still lent you money again?
ee2088f480	I killed the orc warlord; now I need to tell Captain Greedy.
ee29139e65	I must be on my way.
ee29416dbc	And what is this danger?
ee422f83d4	This will take a little time!
ee45a5b4fe	Well, it looks like we've made it back to our own lands after all. It was good to meet you; without you I doubt I'd have got out of that place!
ee49f0c9dc	[BLUE](all is quiet and peaceful in your house)[]
ee628b3ed9	Hey there, brother. I've got a new job coming up soon and I'll need helpers. Keep it in mind.
ee673d8f3d	I will not tolerate such insolence! Farewell! [BLUE](The ghost wavers and dims, but then suddenly starts to twitch like a fish caught in a net)[] How dare you, vile scum!
ee6c11720b	And what kind of holiday is that?
ee6c2b4cdb	Reforge this dagger.
ee79ba9a2c	[BLUE](A red-haired girl who isn't in the mood for talking)[] I don't like wandering outside the refuge, but since I promised to help Mika, I'll have to push through.
ee85423701	All right, I'll go into town and look for him.
ee8bf9c24b	I sort of make my living hunting, but it's not very profitable here. If I had the chance, I'd certainly move somewhere else.
ee8fc268e1	Enchant this claw.
ee92943f11	[BLUE](Out of the snowstorm a group of strange half-naked girls suddenly appears. Their skin has a bluish tint, as if they were made of ice)[] Whee! What a breezy ride! Look how many happy faces there are here! Our master sent us here. He knows you've been bad, so you need to be punished!
ee97f85000	I managed to talk to your original version from the ark.
eea15feaa5	All right. I saw him in New Garand. Maybe I can find him there again.
eeaa82f3c6	Let it stand until spring!
eead180207	And obviously we'll have to find someone new for his post. But that doesn't matter right now. Let us right this wrong: here is your reward for your feat, hero! [BLUE](he handed you a heavy pouch of coins)[]
eeb07819a0	[BLUE](This dead man seems friendly)[] Part of the crew, part of the ship!
eeba306af9	All right, show me your wares.
eebf4c7691	[BLUE](A serious-looking young woman)[] I see it went well, since Muqrin is here with you. Or not?
eec5b903c6	Let's do it again sometime.
eee2feef80	Ah, and this could have been our first collaboration with another ensemble. Pity they turned out to be deranged villains!
eef2481219	I don't need this thing for what you're thinking! I need it for something completely different, and I want to enchant it.
eef41d3580	Very well, Your Highness.
ef030bcd73	I must eliminate the leader of the harlots' gang, whose lair is by Mount Storme.
ef11fba64b	A manual for creating a magic sphere that protects against several elements at once. It needs these ingredients: one pearl and three each of living ice, fire salts and sparkling powder.
ef122e332f	I'm right here, standing right in front of you! What can't you see?
ef144d32c4	Sorry, but I don't have time for that.
ef1823d110	What the devil is going on here?
ef2373c5a3	I rescued Princess Evelina Lightwind and dealt with the orc problem, and I was rewarded generously.
ef237860cf	No, I'm serious now, there was something... Look out! ([BLUE]Suddenly a huge bear leaps out of the bushes straight at the hunter. The old man hasn't the slightest chance of surviving. In moments the beast finishes its victim and turns its attention to you![])
ef23cc1c6f	[BLUE](tail tucked, the kitten runs off into the bushes, having first managed to pee on your foot)[]
ef2aecd974	[BLUE](The same middle-aged huckster)[] Well now, it's Neville. I heard rumours they'd hanged you for some dirty business in Freetown. Glad it isn't so, though you shouldn't have poked your nose into Varsilia either.
ef2d1b1148	Magister Mundric agreed to give me the key stone from the Temple of Knowledge if I return his orb, which is somewhere in the Icemist sewers.
ef3b3e7e23	I managed to get them.
ef3c5eba1f	Don't worry, I won't start a fight myself, unless, of course, one of these impiri opens his mouth at me once too often!
ef5f0bc911	All right, I'll help her get to that town safe and sound.
ef6c778d3d	Serves the bitch right! Thanks for the help, buddy. Without you that madwoman would've made a few extra holes in me!
ef72c7dd9b	I'm not sure. Maybe we go back to the refuge, prepare properly without rushing, and then set off on our tour?
ef77801a5e	Fine, we've worked out who he is, but above all I want to know where to find the bastard.
ef7977390f	Enchant this Longbow.
ef88aaece1	Some maniac is hunting Dominic's friends; I agreed to help him find and get rid of him. I must meet him in New Garand.
ef90643f91	[BLUE](As you approach the castle gates, something like a strong wind knocks you off your feet and carries you off somewhere upward!)[]
ef92d6b041	I'd like to call this place my home, since I spent so much time and effort to fit in here, but it always feels foreign to me.
ef92fc6e68	If we've cleared that up, then let's discuss why I needed your help. Perhaps you crossed paths with the son of the governor of Sol-Laqueul when you were there with Havis. That young fool, egged on by his friends and my dear brother, is preparing a rebellion, and given the already difficult situation in the kingdom with the invaders, the Sky Knights' raids and the awakened Curse, their unrest will have catastrophic consequences.
efa352273e	Plunged into Darkness
efa9553cd8	[BLUE](The woman walks to the table, paying no attention to you or the governor)[] Hello, Havis, glad to see you. How is my exiled brother doing?
efbed663b8	I made a bet with my boy... friend from another gang, his name is Jumbo, over which of us has the bigger penis. To scare him, I told him I had the biggest in our gang, but now I'm afraid I might lose the bet. Jumbo is famous for the size of his member, so I needed a pile of coins to find something to enlarge my penis, to be sure to win.
efc775f2f8	I can't believe it, but now we can go home!
efcc531350	Bless this Mystic Bone Mace.
efd650f7e8	[BLUE](in the hall you see several motionless bodies, and by one of the beams you notice a warrior-priest still alive, but he looks as if he's breathing his last)[]
efe80da581	All right, take me to [BLUE]Fögas[]! Here's my gold.
efe9680e2e	And what do you want in exchange for this collar?
efea5bb540	We must act as the gods command, not according to our whims!
eff8346206	Hi, thanks for bailing me out! I'll soon leave for Rigordion, when the right ship arrives.
f0045b6360	[BLUE](Take one knife)[]
f00e0b4aa4	A Dragon's Favour.
f0132542f7	A little boy named Kai asked me to help him organise a celebration; I refused.
f015361d26	Ah, Rickman! I'm amazed at the loyalty of some of your lads. Even under threat of death, Vince wouldn't come over to my side and stayed loyal to you! Sorry, but you know I don't like being contradicted. Seems I misjudged my strength a bit, or this lad was just that flimsy!
f015dac92a	It's Tomas, an old rival of mine. He was last seen in Kingsbridge. He's a bit touched in the head, but be careful with him. If you make him angry, he'll smash your skull without breaking a sweat!
f017a0f311	Well, good for him. He doesn't give up, though he has only himself to blame for his current situation. The king put up with his stupid antics for too long, and it seems Alarion still can't sit still.
f017a7d087	Not in front of strangers. [BLUE](the woman interrupted him, frowning as she looked your way)[]
f01d88e67f	I won't disturb you.
f022bf259b	As far as I know, they should be within the borders of our kingdom, mostly in remote and wild places. So will you take this job?
f029a9f4a9	Certainly. I have few free people. Very many have to be sent to the other shore of Despair to fight off the Heavenly Knights' raids, so a volunteer for a tricky little job would be very useful.
f033bba061	[BLUE](A middle-aged priest looking around anxiously)[] Anika? Anika, is that you, dear?
f048232538	Looks like we managed to beat them all.
f050cfaeb6	Never mind.
f05a6c0fbb	Unfortunately I had to kill High Priest Killian; perhaps I can find the relic Honorary Guardian Nabiya spoke of.
f05d8c8c22	I like your ardour, my young hero, but my backside has already had your proof today, so let's check again next time.
f0640cbd89	Partly he's telling the truth. He was sent away from Istril as a child and spent his whole life in the backwoods, so his tales of his nobility and status are very doubtful. And then there's the story of his father; Alarion once told me how it really was.
f0654042dd	Hm, generous, though I understand what kind of trinket you need, and that your client will pay just as generously for it.
f07424690f	I'm planning to cook something too, but for your funeral, unless you give me your stone?!
f08266107e	[BLUE](looking closer, you notice nothing more)[]
f083e61855	We tried to talk to him peacefully, but he attacked us and then escaped through a teleporter in his house. We followed him and ended up in some dungeon, where he attacked us again, this time with a group of his fellow mages. I'm sure their lair hides a lot of interesting things; it's worth exploring thoroughly, and this fellow should be interrogated hard.
f08994666e	[BLUE](The ghost's face darkens)[] So none of my descendants managed to break that wicked alliance... Well, as I always feared, the thirst for power has led to our ruin.
f090d8ec3f	Oh, I hope you'll change your mind after all and find time for me!
f091fbc1a7	Tonight we'll put that to the test. It's too late to back out: Dariel is in mortal danger, and if we delay his rescue it may cost him his life. I share your worry, I'm not used to trusting anyone much myself, but right now we have no choice.
f09b6b4200	He's a damned traitor! He and his thugs knifed your fake sorcerer when we arrived! And we got out of him that he was acting on the orders of your bodyguard Bugs, and that the big guy is behind all your other problems too. We've brought him so he can tell you everything himself, Kiara.
f09e45b42f	I must help the Archon deal with the pirates.
f09f14a7fb	I think it won't be easy, but I'm ready to rescue this man from captivity.
f0a860324d	It happened many centuries ago, and not much information has survived to our day. My teacher told of a terrible force that burst out from under the earth and destroyed everything in its path, knowing no obstacles. And when it all subsided, white glowing people appeared; weapons were powerless against them. They laid waste to the surviving part of the kingdom, and the few survivors managed to flee to neighbouring lands.
f0b4a24e9f	I got into the tower; now I need to find the Dragonlord's Circlet and the way out of the tower.
f0b9cb220a	Have we really made it?
f0bb29bca7	I think so! And where are these buddies of the bridge, and how many?
f0be58df09	A truly fairy-tale place to be alone, if not for the dangerous creatures that want to eat you.
f0d912f3a7	How interesting. An invention like that should be in great demand!
f0ee68db52	Well, there's something that might interest you. Old information that several hundred years ago, beyond the Crimson Hills in the Thyr Ridges, there was a certain Temple of Knowledge, founded by wizard colonists from Andoria. They searched for and kept various ancient secrets and artifacts.
f114477f85	[BLUE](a woman in a hooded cloak)[] We need to find and talk to Captain Goodwhip.
f115972d07	With the blessing of Arbenos, we will defeat our enemies!
f12eea1d63	And what was that force, and who are these glowing people?
f13430a587	We know perfectly well where we are, and you, bastard, are standing in the way of our target.
f15270209d	Yes, of course.
f15b17253a	Mostly village kids and fools, I suppose. And our second main competitor is a rather big troupe of some kind of cultists. They have a vocalist who sings properly, but the second one just yells and growls, and nearly all their instruments are drums.
f1658ec1e0	The blacksmith Hilt agreed to provide iron if I kill some bad people he got involved with. He arranged to meet me at night by the city's southern wall.
f179d2e4b6	Got it, but maybe there's another way to worm our way into their trust?
f181bb160a	All right, I believe you! But how can I help you win the attention of this... lady?
f18b295cd8	Exactly! This place is only for black folks, like me and my brothers! We don't let in white bastards who don't understand, and can't even imagine, what it's like to be like us in this world!
f195993f78	Clear off.
f197aada7c	Bastards! Do you even know who I am and what position I hold at the royal court?!
f1abd8dbc5	[BLUE](you see a magic window displaying a text message)[] Access denied! A level 3 access card is required. [BLUE](a small recess below the window lights up)[]
f1b0445610	Then, until we meet again.
f1bf44989e	Can you bless this dagger, Wolfish Ferocity?
f1c10c1b06	Albeno turned out to be a scoundrel who didn't want to share the reward; I hope I can find the book's client in New Garand myself.
f1d3b2de6a	[BLUE](The mortal remains of one of the unlucky explorers. Next to them lies the poor fellow's diary. Perhaps it holds useful information)[]
f1da2fc9a7	I must meet Alarion and Havis at night at the entrance to the "Merry Wayfarer" tavern.
f1e141a2fc	That would be great! Follow me. Welcome to the team.
f1e368e779	Seriously? All right, no problem. Coming to a girl with a thing like that to get acquainted would be strange, of course. As usual, I'll need ingredients: four each of fire salts, living ice or sparkling powder for the charms of one of the elements.
f1f2cf2744	First we deal with this bastard, then we talk!
f1f3c496de	I got the unique Myrosian armour; now I need to return to the wizard in Istril to show him my find.
f1f6054f19	[BLUE](The master weaponsmith is clearly glad you've come)[] I heard rumours the guards found several bodies by the southern wall. Looks like I don't have trouble with unpleasant connections anymore?
f1fe8b6caf	Leaving already?
f208e47498	I dealt with the goblin shaman; now I need to talk to the arcane knight Duncan.
f21bd3e9cc	I found the missing sorceress, Evelina Lightwind; now I need to free her. The key to the cage she's locked in may be with the orc leader in a nearby cave.
f238095b28	Good luck with it!
f24d738ee7	[BLUE](Use the fourth variant)[]
f250123e63	[BLUE](you notice some elusive movement, a vague shape)[]
f25a82e04c	There's a very simple and effective way. We've already tried it on one of the sluts!
f272a92f13	Anything's possible, but I need hunters in Rigordion.
f275bd802f	The guard shift is about to change. We can move out.
f282f5e189	You could come with me and help me on my adventures.
f287c26cd3	Well then, I can easily help you get out of this place!
f2a7a144e6	I thought we'd sorted the problem. What else do you want?
f2ace21967	Hello! And where did your partner go?
f2b287a6cc	All right, then let's go to her.
f2c860b1d6	[BLUE](A bald man with an athletic build)[] You don't know me, but I'll fix that soon.
f2ce6575ca	[BLUE](A gloomy-looking sorceress, but willing to talk)[] Greetings, traveller. If you have a suitable weapon and the right ingredients, I'm ready to enchant it, or make an amulet against decay!
f2d264a7b2	No one and nothing will stop us!
f2f2da7427	[BLUE](A couple of boats land on the shore, and a dozen cutthroats climb out of them. The gang's leader speaks)[] Hey-hey! Hello, Archon. As promised, we came running.
f2fee674bf	Good manners are for a good person, and a good person won't hold bad air inside.
f30aee2947	Lord of the Void.
f30d01e21f	Fancy dying right here and now? Get lost, you dirty, stinking beggar, before I fry you! [BLUE](to drive her words home she hurled a lightning bolt into the ground next to his feet, nearly setting his clothes and yours alight)[]
f30d8eccc5	Understood, boss. Where are we heading?
f30fe3bde4	Right, I'll check who's out there, and you and your men finish the job here.
f326f15556	I ran into the creator of the lava elementals and agreed with him to kill the demon.
f32c82b81d	It seems you're somewhere else!
f33c1023a8	I found and destroyed all the protective totems; now I need to talk to Peter so he can remove the weakened magic field.
f3413f89f1	And all thanks to you, our saviour!
f34841da64	Um, are you trying to hint at something with that thing? Sorry, but you're not my type.
f34aa4d713	Oh-ho, now that size is just right for me! Oh, Tol help me... what am I saying?! Uh, what did you want?
f34dbd6609	What money? The money you stole from that klutz Bill. You were the one seen with him at night when he left the tavern!
f34e60cab3	Straight along the path is the tower of the wizard Ronald, the city's chief healer and enchanter.
f35259118a	No need to apolog... Oh, princess, what happened here?! [BLUE](Having caught his breath, the wizard at last notices the girl is completely naked)[]
f3541bb8e0	"This is the entrance to the basement."
f362c44bb9	And which quest is the character named Liserpix connected to?
f3717c1e26	We've nothing to do with it! If our Lady wanted your boss dead, she'd have sent me and a squad to blow your whole kennel to hell along with everyone in it, damned queers!
f373da56f1	An whoo'r you? I don' geddit? Whaddya sorsherer? Where'sh he? Huh?
f37694b9ac	And what happened after you found out this secret?
f3839b0144	Honestly, I don't know this place well.
f38cd92a20	It has to be done as soon as possible. Among other things, that warehouse holds Seventh House goods, and we clearly don't need trouble with them. So get going.
f3917091e8	What weapons can you enchant?
f39230ad93	What?! Look at yourself, you half-pint!
f3a540148f	We have to find a way to get to that freak!
f3f113bfb3	Greetings.
f3f33c9dbf	All right, I have various superb weapons, not for mages; I think something will suit you.
f420f9abc7	[BLUE](a girl behaving provocatively and immodestly dressed)[] Hey, cutie, want to have some fun with me?
f42438f08a	[BLUE](Distracted by the shout, you notice a strange glow in the room, and suddenly the same wizards who attacked Whitetower start appearing)[] They've found us again!
f428db19f4	I'd rather die than sign up for something like this again! Good luck to you, bye!
f42b7d4b41	Very well, I'll help you. The depths of the mine are deadly, and if many enemies remain there, they will surely try to set an ambush.
f434342773	No need. I'll go back to Sydarun, and from there head south to the distant jungles, and wherever else my muse leads me!
f434511040	What the fuck?! You, fuck, Vince, are you kidding?! What damn dick-measuring?!
f456e9cfb1	As I promised, I helped you get here.
f46117b4c7	Then let's not waste time. It's a forced measure to save lives in the future. Don't pity them, they're not people!
f483b87032	Boss Rickman has arranged talks with the harlots' gang on the outskirts of New Garand; I must make sure they go smoothly.
f48e1510c4	Then I want to make a large donation. Please, heal me. [BLUE](Pay 60 gold coins, heal 80 HP)[]
f4953af95c	I told you there's no place for amateurs here! We servants of the Three will manage on our own!
f4b26bc18b	[BLUE](A very pale girl in scanty clothing, her slender body almost completely bare)[] Hey, how did they get here? The castle is full of our dim-witted friends, isn't it?
f4b62297e3	All right, I'll bring them to you.
f4ba78d09a	Someone was stalking me once too, but we settled it peacefully, I think. With that kind of experience, maybe he'll help us deal with your stalker.
f4c6823984	It didn't go the way you described in your message.
f4d1d95207	My work on this armour will cost you 270 coins, and I'll also need two white wolf pelts.
f4d8d95e60	I feel so... so weak... Did it work? Oh! Look at my hand! The scars, they're gone! I got them along with the curse. I've had them almost all my life, and now they're gone! That means my curse is gone with them!
f4fd377f5a	Hugh is planning a job, and he needs you.
f50472059a	I've no business in someone else's basement!
f50f2d9931	[BLUE](A young pale-skinned woman glares at you)[] To make contact with the spirit, I need something that belonged to it.
f51127b390	Oh, I hope it really did work out with him, or else I'll skin you myself.
f51ac31f45	[BLUE](a guard was waiting for you at the castle gates; after a quick word with Alarion he let you in. He led you through the shadows of the castle courtyard into a corridor, silently pointed the way and left)[]
f51e113cc4	Forced Measures
f520112800	Johnny and I must help Vince win a bet; we need to find out about wild magic from the Varannari in Lamis.
f52db3ff2f	[BLUE](A middle-aged huckster)[] So, Anika, you've had enough time. What have you found out about our target?
f53541a80d	Dance of Flames
f54cf0d35c	[BLUE]("...they've changed the password for the tower entrance again... I need to write it down here so I don't forget it until I've memorised it properly...")[]
f55abe2fb0	Sure, only lately there have been a lot of these "who knows" happening with your girlfriends around! Or are you going to tell me Hugh and Tommy lost their money on their own the other day too?
f5607b9c10	[BLUE](The fair-haired man keeps standing silent and motionless, gazing into the distance)[]
f5682bf0e5	From the assassins' leader we learned that Magister Windchaser can be found at the fiery altar at the foot of the Zamohr.
f56bc9727b	Outside town, by the south-east corner of the wall, there's a place, some ruins. That's where I agreed to meet the freak who sent me on this job. I've told you everything. We had a deal. Can I get out of here?
f574637d49	[BLUE](A young sorceress looking around the cave)[] What do you think, maybe this is the cave we need?..
f57d899b66	[BLUE](A warlike-looking priest)[] Aha, here's the last member of our team for the holy mission! Ready to set off to meet mortal danger?
f5a9bf4588	I want to explain to you when to attack the enemy.
f5c1816d9b	([BLUE]a mage and his helpers appeared in the room[]) Oh, excellent! My plan worked beautifully! Balthazar, long time no see. I see you're busy as ever; what a fine set-up you have here!
f5c6918a1c	Are you the forester who told Corporal Bigir you'd seen Prince Vardie? I want to know where and when it was.
f5cb4a799d	I took the goods stolen by Nail's gang for myself, but I angered the Seventh House.
f5cd44e8de	[BLUE](A friendly-looking sorceress at the entrance to her workshop)[] Greetings, traveller. If you have a suitable weapon and the right ingredients, I'm ready to enchant it!
f5dded2a04	All right, good luck surviving here.
f5df59c95d	Of course I'm going to rescue him! Too many of our allies have died already, and I don't want to lose anyone else. We need to send a message to one of the guards loyal to us in the royal castle to find out where the prisoner is being held. Have you been in touch with Magister Kaledor lately? How is the making of the disguise cloaks going? It looks like we'll need them sooner than expected for this new job.
f5e6f89dfc	We'll do it.
f5ed837422	That's it, enough, stop sweet-talking me. Hand over the stolen money!
f602724919	I need to meet someone in Sol-Laqueul, a coastal town in the south-west of our kingdom, but right now I can't travel far, so Havis will go there in my place. The road to that town can be dangerous. I'm sure she can handle any threat herself, but I'll feel easier if you escort her.
f60bdbf660	The spell of destruction is ready. Go and use this artifact on the last seal to activate it.
f63df3515c	[BLUE](the woman went into one of the huts, while you, staying outside, looked around. Behind one of the buildings you notice some movement in the bushes. Looking closer, you realise it's someone hiding)[] Hey, we've got company!
f64353b171	Take the risk and jump.
f64cebf486	Then load into the boat and we'll go.
f655a6bd02	I managed to defeat the vampires of Castle Storme by locking them in their lair.
f659823875	Brother Gabriel must be in the temple.
f65e05007c	"The gate leading out of the Lady's refuge."
f667627c6b	I must eliminate the gang boss, whose lair is near Rhöneis.
f6749c50f4	Great, I have that armour with me: a Scaly Mantle.
f677a2b396	Magister Mundric agreed to give me the key stone from the Temple of Knowledge if I bring him 6 blue seaweeds.
f6799d9141	That's right. Magister Kaledor told me Lukan was taken to the royal castle, and I also ran into your sister Bernadette in the city; she told me to give you this [BLUE](you handed him the pouch you received from the woman in Istril)[].
f67d619b32	Yes, here are his keys.
f67f3d6530	The bandit boss's deputy, nicknamed Bubba, has decided to oust him, and Rickman asked me to find this Bubba. I can find out where he is in Northern Inori, not far from New Garand.
f693fba144	Leave her alone, Vi, you don't need to bother all my friends with your lust! So what's going on here?
f699e98fc9	And why not? You don't let us work properly, you don't pay a damn thing for the service yourselves, and on top of that you cripple the girls!
f69dbe635a	Oh, all right. And why does this corpse look so much like your companion?
f69ea464f5	Great, I have that armour with me: a Chainmail Shirt.
f6b037e0b7	Your sister was a worthless witch; I doubt you'll be any trouble either.
f6be4569e5	You be careful. The bigger the wardrobe, the louder it falls!
f6c122d1ea	That's a great plan! I'll even move the rehearsal time specially, so we can pull this off as soon as possible!
f6c86d7fd0	But you helped one of my girls, so you have a second option: you'll help me by doing work not all my girls can handle. Well, the choice is obvious for you, isn't it?
f6da64531e	Who exactly do you need a weapon for?
f6e63eaab8	[BLUE](A very pale girl in scanty clothing, her slender body almost completely bare)[] Just look who I caught at the castle gates!
f6ebe5318c	I helped Praetor Anwar catch the thieves; now I must return to the city for my reward.
f6f442a16b	Either way, you'll always be remembered.
f6f47bfc3d	[BLUE](When you finish, you feel a surge of strength. It seems the sorceress's magic had a beneficial effect on you through the closeness)[]
f6fb0405ca	Maybe, but we have to check to be sure. Do you have a rope with you?
f6fdd30d6f	As is well known, the king's first wife came from a modest family of Sol-Laqueul, while the new one belonged to an influential family of Istril; later this decision of the king would lead to sad consequences... But that's not the point now. The king's new marriage, unfortunately, did not last long: his wife died in childbirth, and many healers thought the newborn would not survive long and would follow her mother.
f706848f4f	Bless this Executioner's Axe.
f7092f3480	I decided to stop helping Prince Alarion.
f72ba2928a	I found the giants; I need to take back the stolen drink from them.
f7374196ad	Yes! We'll have a holiday!
f7436f6bb8	Sister Genta.
f7499a6152	Magister Mundric agreed to give me the key stone from the Temple of Knowledge if I bring him 3 troll hides.
f7544fb8e5	Here are the brown pelts you asked for.
f77532fc2b	Good.
f7783efc75	I must bring the traitor to Kiara.
f781ab2f64	Don't go in.
f7899ecbd4	[BLUE](on the seashore you notice a man in a cloak standing leaning on a staff and gazing into the water. Remembering Magister Kaledor's advice, you decide to approach him carefully, but suddenly he turned sharply towards you and stared at you intently)[]
f78b38d175	[BLUE](A stone monolith with a picture of an ape's face)[]
f795588f8a	The job's done. We can go back and report to the Lady.
f79665dbf9	There's nothing to find out. You're weak because you're alone, and I'm strong because I have a family.
f7ab5fbf80	Thank you, I'll give them to him.
f7b5f35b51	The feeling's mutual.
f7b89c28d3	These Heavenly Knights' sorcerers did something to me. My body is on fire! I can't bear it!
f7c8117ed8	Hey, careful with him, we need him alive. Princess Bernadette will be displeased if we bring her the governor's son's corpse.
f7c95d1d7c	Well, this really is very important news, [BLUE](the man smiled at you, the first time in all your meetings that you'd seen a smile on his face)[] I'll try to warn Dariel as soon as possible. As for Bernadette, I'd like you to keep working for her while spying on her. You'll have to keep taking part in her unpleasant schemes, but we'll learn a lot more of importance that will benefit our cause.
f7d1eecb54	I have a wand.
f7db23bbe6	Hello. Why are you so big, and where's your body?
f7fea31cc9	Try to jump over the pit.
f8089104d8	Or maybe not! [BLUE](The goblin and his orc friend take off without hearing you out)[]
f80d186222	[BLUE](A red-haired girl who isn't in the mood for talking)[] Hi. You must be the hero who helped our Lady deal with the bandits. Nice to meet you, but I don't really talk to people I don't know.
f80eeaa3ba	[BLUE](This man is drunk, but you can still try to talk to him)[]
f810ba956f	Well, first let's free you, and then we'll decide what to do about this portal.
f819d7d283	If we're all ready, let's not drag it out and get to work?
f820ea654a	I don't need to jump into anyone's bed to find something out. But you, it seems, got your place in the Wizard's Guild exactly that way, right?
f82462b28e	Havis and I must meet the governor of Sol-Laqueul.
f8246d6c53	I hope those white bastards didn't do anything to our artifact!
f827e152de	I see. Perhaps I can find her myself, or ask around.
f82c49ea5c	Glad to help. I was looking for a wizard who knows about the moon curse and how to lift it.
f8321bc74a	[BLUE](A short, pretty girl with unusually coloured hair)[] While you're busy with your business, Layla and I will keep preparing for our tour!
f83dfc468d	Oh, I'll give it to you for free, as a trial. After all, you got rid of that monster, and I won't have to fear it biting my bare backside when I'm bathing.
f849326062	Gigi brought me to the leader of the sorcerers' faction, Magister Astutus; I need to get him to help solve Vince's problem.
f8719493e0	Huh?! Where did you come from?! Mind your own business and clear off nicely while you're still in one piece!
f8730b53af	[BLUE](a girl who looks like a sorceress, but is dressed in light leather armour and armed with a long enchanted sword)[] Let's chat later, all right?
f89a618307	Not far from Kingsbridge. Christine will go with you to help you with this task.
f8b46a55a2	Great, I have that armour with me: a Hardened Leather Cuirass.
f8b7d9c877	Great, I have that armour with me: Metal Briefs.
f8bed27bd9	Give me the demon!
f8c07fc3d2	I have a blade like that for reforging.
f8da046ef4	Not so fast, pal. Maybe you've somehow wormed your way into the king's trust, but I don't trust you, and I'll be watching you closely. The slightest breach of the law and you're going straight behind bars. Understand me?
f8fa05f57c	Thanks, of course, but I'm too little to drink booze!
f904b8c7c1	Wow, if that's so, you'll really bail me out! The merchant's daughter is called Catherine. Her kidnappers are on one of the islands. Captain Dors knows the way there. Here are some coins so he'll take you there and back.
f916e50339	Enchant this Hunting Knife.
f91fdbb98a	[BLUE](the brigands stopped and looked around)[]
f9239ba653	I doubt it. There are few like you, who throw themselves selflessly into danger for someone they barely know. Heroes like that must be properly rewarded.
f925121694	Interesting. And who's in this troupe?
f93353c2e0	The sorceress Ginevra agreed to help me if I bring her the heart of Oberon, which is somewhere in the Wyvern Mountains.
f937a11aa9	Close all the exits. This time we'll deal with him and won't let him get away!
f93a87c457	And who are you?
f942fa8ca4	Not yet.
f946534ecd	And if I refuse, what will you do to me?
f951c924a9	I know my mushrooms. If you have doubts, try my mushrooms.
f958500a44	Yes, of course. To start preparing the spell, I need to know exactly which part of your friend's body needs enlarging.
f95dc9abc3	The demon of the fiery altar agreed to teach me how to use the crystal, but I must pass his test of strength!
f96109089a	Give me the Lady of the Night!
f9615a68d6	[BLUE](The soldiers jump on you. You try to break free, but the soldiers have no intention of being gentle or taking you alive!)[]
f963ec094f	Well. I don't know why you got mixed up with my lousy good-for-nothing, but you look like an honest person, so you'll do a job for me, and I'll give you the knife, whatever you need it for.
f990d711d7	Excellent work, traveller. Now don't stick your neck out. We'll deal with these bastards ourselves.
f99314bb70	Neville is in trouble again; I need to ask him about it.
f998622f37	What do I have to do?
f99908eae5	I must deal with the Magister.
f99b171222	Sorry, but we've already been paid, and we can take your stuff off your corpse.
f99d6b6b6e	I must meet Boss Rickman and Agnes at night in New Garand.
f9a0c296f0	How much will the enchanting and the amulet cost?
f9a178a873	You asked for it. Take down these brutes!
f9a9e18faa	Thank you for the gift.
f9acf913a6	Exactly! Behold and tremble: the legendary Dragon Lord's Crown and its owner, me, Shenron the Mighty!
f9b3732280	Now we are ready to carry on with our assignment, but I must warn you: Magister Daggett is a mighty mage, and although he has gone mad he has lost none of his skill or power.
f9d76cd401	I killed the master of the fortress; now I need to find the way out.
f9d90b1710	Thank you. There are rumours on the black market about some purple medallions from a mysterious underground city. Perhaps they're magical. It would be interesting to study such a thing. Could you bring such a medallion?
f9e4428151	What an unusual weapon! To bless it, you'll have to donate eighteen small diamonds and [BLUE](2500 coins)[].
f9ead987e1	I need a little time. This isn't magicking off a wart!
f9ef8a7420	Keep a sharp lookout. Is it just me, or is there something moving in those bushes to our left?
f9f9c1ea27	I understand, but this is a very important matter; our future may depend on it, and I want everything to go perfectly. [BLUE](the man turned to you again)[] Thank you for bringing me this message. If you don't mind, another message needs delivering, and as a reward you'll get much more than the gatekeeper promised you.
f9fe45a941	No, but one of the local captains boasted he'd been there. He'll surely help you, if you find him.
fa003e62a3	Then good luck with that.
fa02108038	And how's that?
fa21733040	So, are we going to see this forester?
fa2d4d96da	Let's go and find their cellar.
fa36370928	What magical services do you offer?
fa3816c59e	Let's have a look at them. Oh-ho, something's happening! Yes, they've joined into one piece! A couple of spells and the magic map will be restored. [BLUE](After the wizard's magical manipulations, the parts of the artifact merge, and he rubs his hands contentedly)[] Done! Well, now with the magic map you'll be able to find the stash in one of the ruins you've visited, and at last I'll get to behold the legendary armour of antiquity!
fa4e06e5ae	Seriously? Doing the holy folk's work while they lounge about somewhere?! Has that church run out of money or what? Can't they assign someone decent to guard that thingamajig?!
fa4ec3d5a7	What do you say, kitty?
fa5a052be3	"This seems to be a teleporter, and it's working."
fa5cad10aa	I just wanted to ask: have you come across zombies around here that look like clergy?
fa6d7f5e3b	Magister Mundric agreed to give me the key stone from the Temple of Knowledge if I bring him 3 mamba fangs and 3 coral snake fangs.
fa79f9d0c7	You know what happened to the last man who called me a whore. He went to feed the crocodiles, and you won't get off so lightly!
fa979b7d65	No idea, ask the clerics.
fa999a3b81	[BLUE](The young-looking sorceress, but this time she's wearing almost nothing)[] My hero and saviour, I see you dared to come to me after all to claim your reward. I thought about you and about a worthy gift for saving me, and I realised the best reward for you would be me.
faa37bafaa	Greetings. How's the search for the pieces of the magic map going? Or do you need one of my magical services?
faa600d838	We managed to find the ancient seal. What about you?
faa7272ca1	I helped the wizard from Istril get the unique Myrosian armour and was rewarded by him.
faae670857	I'll be glad if you dig up any information at all on this bastard.
fab1e01e3e	[BLUE](A short, fair-haired girl, immodestly dressed)[] Good thing that idiot only pesters Mika. Now she's less focused on dreaming up all kinds of nonsense!
fab90a0f40	Actually, I came to your lands from Varannar.
fabc437904	That doesn't actually matter! You can do backing vocals or backing dance, or be the service staff, or security. Or better yet, you can be the troupe's manager! I'm short of musicians in the troupe right now, and you can help find them and bring them into my wonderful troupe! What do you think of my offer?
fabf719907	All right, an ordinary spirit summoning. That won't be much trouble.
fac4a94837	I must defeat the priest Morgen and the witch he swore allegiance to.
faca7773a2	You're back? And not alone? Well, how did the negotiations go?
fad1e50c86	Hi, Mika. What are you up to here?
fadbd8dd36	I found another key stone in the Temple of Knowledge.
fadc61c14e	I must meet Kiara in Liberty.
fae11729ba	She has something we need to destroy the last seal! A kind of diadem, but she almost always has it on her, and it's not easy to get, so I decided to get close to this lady. But the process has taken longer than I expected.
fae8c2f405	Yes, I understand. I hope it all works out.
fae9c83290	I'm ready to cooperate with you. It'll benefit you as well as me.
faec91b1d0	[BLUE](Dominic stands before a crowd of slaves and the cutthroats guarding them)[] These bastards put you in chains and think they can control you, but they can't! Freedom is yours alone and no one else's!
fb0486cdc3	All right, I'll be glad to be a guest in your settlement.
fb0629c631	All right, it's a deal.
fb0b681227	I'm the novice Hank. More than a week ago a party set out from Rigordion to these parts on a holy mission. There's been no word from them since, and I was sent to look for them.
fb0c819f2e	That's Lorcan, the son of one of the former royal guards. When he was a boy, his father took him along on the king's hunt near the Royal Lake. There he nearly drowned; they managed to pull him out of the water, and my father saved him, perhaps with the help of his dark arts.
fb0e533ae0	The chief traitor is dead; now I need to talk to Kiara.
fb125e74f0	My work on this armour will cost you 350 coins, and I'll also need two white wolf pelts and two polar bear pelts.
fb22ee4bd0	And if I need another collar like that?
fb25ba8e75	Use the password to open the door.
fb3440db5f	[BLUE](you see a magic window displaying a text message. The message is very dim, barely legible)[] WARNING: Power below operating level, please connect an auxiliary power source.
fb43d80c10	Go inside.
fb5194d591	Well, excellent. Our job went quite well. We didn't manage to kill all the rebels, but we took the governor's son prisoner, and the pirate ship we seized helped draw attention away. By the way, I was just looking for you: Princess Bernadette wanted to meet you to discuss some new business.
fb5fad1f4f	Actually, you were the one seen at the scene of the crime!
fb6a0415d2	That's a real bastard's way of doing things. Do you really get away with it?
fb6d251de1	Ladies' Man
fb764ecc68	Yes, exactly! Only this portal is one-way: you can come here through it, but not go back, so the orc leader was looking for a mage to fix the portal. But I'm no specialist in teleportation magic, and I'm not good with magical equipment and artifacts either. I have no idea how long I could have fooled them before someone finally rescued me.
fb99b9f5be	What needs doing?
fba4d0badc	Clearly that witch's evil magic moved us here, but this place is unfamiliar to me.
fba82029dd	Our feud with the bandits has been going on for a long time. We gave them chances to settle everything peacefully, but they didn't want that, so the time has come for more decisive and harsh measures. Especially since now we have an ally who's glad to help.
fbb249822e	Captain Ribbonhair asked me to get rid of the necromancers by killing their leader; I agreed to help. Their lair is somewhere in the Seeing Hills.
fbb5522eae	I've brought the fir tree, only I found bodies of people torn apart by beasts. I'm afraid they're the woodcutters you talked about.
fbb6e35874	Go down.
fbbdd0f920	Go back to the Lady.
fbccadae05	The grating is open!
fbcdfe994f	I don't need your help right now.
fbdba63c5a	So the girls are safe and sound? Well, now we can deal with those scum seriously.
fbdc097191	What should I do with this thing?
fbdf794dc4	Take them.
fbe962da4c	Hi. I doubt they'll be happy to see undead in their towns.
fbebdd6b1c	The possessed have seized Evelina; I must deal with them to free the girl.
fbf0fa94b7	And how did that battle end?
fbf7d8ed62	[BLUE](an obelisk with a round hollow in it; perhaps it is somehow connected to the portal)[]
fc04eda637	This is the exit from Sansa's house.
fc0f0c2f13	I meant that we can do without the wedding nonsense and help you with something concrete.
fc13e17158	And I'll be glad to see you here again, and you too, Adaon. You can stay here for a while. Maybe it won't be so unpleasant to see you, and we'll find common ground again.
fc1424ed37	We've come to rescue the girl, and we won't leave without her, even if we have to kill every last pirate on this island!
fc26b62af2	All right, so be it. I hope we don't meet again. Next time I won't be so good-natured.
fc3dd30dfe	Actually, I'm already the boss, but let's fight by your rules and finally end the mess you've made in our gang. We'll meet at our old base.
fc3fa67a4e	All right, let's go to your Lady.
fc464dde95	The hunter said the man-eating bear should be looked for at night in the forests of Lannegar Valley, perhaps by the road.
fc48fc82f5	It's you who'll die right now! Boys, tear them apart!
fc4e9d2720	I'm looking for Bridge's friends. Maybe you can tell me where to find them?
fc500a8819	I told you, Archon, we shouldn't rely on riff-raff. They're no use, but they can blab and draw unwanted attention to us!
fc5059a3e5	I think you misunderstood me. I'm not going to haggle with you. It's thanks to my leniency that you sail in this part of the sea and the patrol ships don't hunt you.
fc57513591	Lexus is dead; now I need to talk to Astutus about Vince's problem.
fc591ac3b8	Here's the purple medallion you asked for.
fc80ce8a13	I helped the runaway slaves escape from Mercia.
fc8cd5fcbb	After the clash with the mad wizard I've ended up in a strange place; I must find a way to get out of here.
fc909d329c	Damn it, the bastard slipped away while I was arguing with you! That's what happens when you have to deal with stubborn, sentimental fools!
fc918f4605	The statue? Not really... Although I know a magister I studied under for a while. He was fascinated by that thing and studied it constantly.
fca9e20856	[BLUE](the princess looked at you long and closely, but decided to answer)[] I intend to question him about his other friends who weren't on the island and whom he is connected with outside his city. If he isn't stubborn, he will stay alive and perhaps unharmed, and then I will use him as leverage over his uncle or my brother.
fcbc353959	No, you're clearly one of the thieves! Soldiers, arrest him!
fcd425ae92	Captain Greedy turned out to be a scoundrel who hired heroes for dangerous work, then killed them and kept the reward; judging by the sum found in his stash, I was far from his first victim.
fcdaed74c5	Brother Gabriel must be at his shrine right out in the street.
fcdf770e26	Enchant this Bluesteel Greataxe.
fceb6ab392	All right, I'll try to find something out from them.
fd00974400	Looks like we've walked into an ambush.
fd12de448c	No, thanks, I've already tried your mushrooms. I don't need any more.
fd13fa5154	Don't worry, nothing will happen to me, and I'll take your new acquaintance with me so you don't worry about me unnecessarily.
fd1f9adb6b	Um, so you're asking me to help find your girlfriend's panties?
fd235062e4	Where can you send me?
fd3630e771	[BLUE](the device hums quietly and then spits out the card; you take it back)[] Access granted!
fd509ea2b4	My work on this armour will cost you 200 coins, and I'll also need a white wolf pelt.
fd5f5cdda2	All your things are in this chest!
fd60175d8e	You'll still badly need the very best warrior.
fd62b42f7b	They'll find me themselves. I'll call their boss a coward and challenge him to a race, and he'll have to accept so as not to be branded a coward in front of his men. I'll set up a night meeting on these plains, far from the eyes of the city guard, and gather my whole family to deal with the scoundrels. Join us if you want to help.
fd63b217a8	[BLUE](Alarion and the woman exchanged glances)[] Well, evidently you were right, Havis: he really is watching me and everyone I deal with.
fd80e01c20	I'm glad to see you too.
fd825512a3	All right. Well, now it'd be good to find you some clothes again.
fd908436be	Hm, zombies? Yes, there was a soldier here once who babbled something about zombies dressed like holy men. I think he serves at the northern checkpoint in the Coal Quarry, if you want to find him and learn the details.
fdb3680dd2	"The sign on the door: members only. The door is securely locked."
fdb3e0e18b	I want to leave the castle.
fdb48d3546	We've been spotted! We'll have to fight our way through!
fdb9731f4d	I found the magic eggs needed to destroy the containment seals.
fdc4c3ed08	Don't grumble, oak-head. I work for your king now too, actually. Didn't you know, or is your post too lowly to be told?
fdda0cfa19	All right, I'll deliver these axes to you.
fde1176692	Uh... All right. So, what else? Ah, the owners are away at the moment, except for the eldest son, which means we must act as soon as possible. I think that's all. Although I can help you more. I'll try to distract the guards outside the mansion somehow.
fde85930ea	Oh, it's you. I didn't think we'd meet again.
fde8b72c0a	Hey, maybe we could put on a theatre show? We'll say the undead were part of our play and calm the locals down! And anyway, our own theatre is a great idea!
fded80df14	I'll give it all back, I promise! We'll do one good job with my new friend, I'll earn lots of coins and make up for all the losses you've suffered because of me!
fdef263e3a	I'm not going to repeat my demands!
fdf4ca6640	[BLUE](a young man in nothing but his underpants jumps out of bed)[] Hey, I said nobody was to distur... Aaah! Help! Robbers! Help!
fdfffcea8c	I've nothing to do down there.
fe029f3c0a	Kneel before His Majesty King Kalion, first ruler of the lands... [BLUE](the richly dressed man began loudly, but fell silent when the man on the throne raised his hand)[]
fe07b73163	[BLUE](Soon the legionnaire gets tired of your chatter)[] All right, maybe I was mistaken. You can go!
fe0e47261c	Perhaps you could help us by telling us about the moon curse, if you know anything about it.
fe15185275	Agreed! Poor Jes, he was the best at shoeing wheels and hooves! His killers won't go unpunished!
fe1caa310a	Lately I rarely forge new blades because of problems with ore deliveries, but I can reforge any steel weapon without charms on it that you bring me. For a moderate fee you'll get a better weapon than it originally was!
fe2369cb4c	I found the lair of Mikaela's stalker; perhaps this time I'll be able to deal with him.
fe26b5b986	Hi there!
fe2d8e1b31	The goblin I know is very old and doesn't like being bothered over trifles, so he hides somewhere here in a secret place.
fe30306361	I got the device I needed; now I must meet Percy at night by the suspect wizard's home.
fe349d363f	We've invited all kinds of musicians from all the kingdoms here! Not everyone answered, of course, but it's still packed! For example, a quartet of Varannari shaman rockers, or the industrial folks from Icemist, and there's a choir leader from Ilmara, and a folk singer from somewhere far in the south, and... oh, wait, who's that over there, I've no idea... Oh no! It's that stalker! How did he get in here!? Hold him!
fe357318b1	Without any doubt, you truly are a great wizard! Here, take my diadem as a reward for lifting the curse. It's an ancient family heirloom, but I don't mind parting with it. You have defeated an evil I never hoped anyone could overcome!
fe39c1a363	You're still here? Go with Christine to the meeting, or have you decided to change your mind about the choice I offered you?
fe3d204d26	For a mage.
fe4110cc81	I represent the interests of Lady Philippa and her group here and speak on behalf of the whole collective. I hope we can reach an agreement, settle all the conflicts and come to mutual understanding and profitable coexistence.
fe49871045	Enchant this Bluesteel Dagger.
fe511c6b93	I'm Bridge! And you're a loser, ha-ha-ha!
fe5ff19983	There is something, but I'm not sure you'll succeed at it, much less get a reward.
fe6010a5e5	[BLUE](This dead man seems friendly)[] Somewhere on the little island here lives a beautiful woman, though she's dead too! Only why have I rotted and gone off, while she stays just as fresh?! Not fair!
fe64a486c1	Well done.
fe65f90630	Oh no, it's the evil ladies!
fe69068327	If you wish it yourselves, I won't talk you out of it. Remaining warriors, hold the mine entrance. I doubt the Varannari outside have the strength left to try to take the mine again, but we must be ready for anything.
fe6faa5927	Oh, that's so sweet! You're so good-natured, ready to accept even a rotter like me. But don't expect me to turn nice now! I'm used to taking whatever I want. I don't need anyone's handouts!
fe799caf68	Great, I have that armour with me: a Forest Chain Shirt.
fe8b852a3c	This is very bad. Let's search everything here quickly...
fe8ef33a21	I found it in the mines of the Seeing Hills.
fe9cb3a76f	Hey, are you all right?
fe9f12f31b	Well, mortals, I understand your impatience. Your lives are too short for long waits! And my gift to you will be a quick death, here and now, so you won't have to watch as I bring all my destructive wrath down on this world that dared to defy my will! And you won't be doomed to burn slowly and painfully along with your world as it turns to dust! Farewell!
fea2a914b3	[BLUE](Now you need to leave the city somehow without getting caught by the guards)[]
fea9ba1c8a	Their first priority was building the ship's reactor; it was developed in a separate laboratory far to the east of here. And that very place became the epicentre of the catastrophe that destroyed the nearby cities and changed this land.
feaefafd20	I dealt with the bandits robbing people in the forest; now I need to return to Scarlett, tell her what happened to Kriop and give her back her bow.
feb35a5ad7	I found the password for the tower door; now I need to find the Dragonlord's Circlet.
feb39cc60f	Death to the bastards!
fec33449a4	What do we need to do?
fecba97850	I hope you've made a decision about my proposal?
fed847ee44	Great, we managed to bag this brute! I'll deliver the ordered hide, and then I can work for you.
fed9c7d0c3	You cheat me! Me beat you!
feddfb2d97	Thanks again, my friend, for agreeing to help, even though Vince solved his problem himself. And this is my thanks for your help.
feded1bc01	No, I'm not a farmer-merchant.
feea9faf66	They're somehow tied to Adaon's murder and are trying to stop the investigation.
feead7bb0b	"This seems to be the blackmailer's house his go-between talked about."
feebccc9de	Boss, you're here?!
feecf90aed	Well, your companion is a girl, and the sorcerers of both groups are mostly virgins who've clearly only really talked to a girl once in their lives, so she won't have any trouble with them.
fef8252460	I see my little sister has really messed up, and now once again I have to fix her failures.
ff01847b9a	[BLUE](Not far off, behind the trees, you hear some noise, someone's loud voices)[]
ff0609573d	Thanks for the advice, I'll keep it in mind.
ff093a5668	Kardagis solved the problem of Layla's debts; I must return to Kingsbridge and tell her.
ff1bdd4e19	The captain of the Istril guard asked me to solve the orc problem and find the missing sorceress on the Istril road.
ff28aa6c66	Yes, we managed to catch one of the attackers. With his help we found the employer, who told us that Baron Enterprise is behind all this.
ff29a8c139	I need medium healing. [BLUE](pay 40 coins, heal 65 HP)[]
ff2def2893	You've given invaluable help, hero. The high priest will surely reward you.
ff41fb2524	Whatever we sought in those days, we did gain immortality, but it became only an endless dragging out of a pitiful existence... I rarely have guests, so I like to talk and stir my memory. It helps keep the remains of my former self whole. But clearly you didn't come to me for no reason?
ff44723c02	Law and Order
ff4aa52ca7	I need to meet Grissenda to talk about her sister, who may have learned something new about the vampires.
ff4b689fa7	Sorry, but I have no strength for magic right now. But I promise, when we reach your city, I'll try to cover myself so as not to embarrass the townsfolk.
ff4cb6d99a	All right, if we have a deal, let's decide what we'll do. As I was saying before these dolts interrupted me, your deputy is gathering people, and there aren't many places where he can find worthy ones...
ff5672c41a	Putting up with Mika's company again is no great pleasure. On the other hand, the championship I organised turned out to be, to put it mildly, a flop, so I don't mind taking up something new. But who will be responsible for costumes and instruments? I still have a set of recorders, but that won't be enough to play songs well, and then there's the repertoire itself.
ff58440b7d	Of course, let's go to Lady Ironstone!
ff5e9f8815	Nice to meet you, but I have to go.
ff66867a3d	This only strengthens my resolve. He leaves me no other way; I must act before it's too late. Especially now that the governor of Sol-Laqueul is ready to...
ff6c27bddf	I hope so.
ff73e15a6f	Pups? You mean the children? You want to kill the children too?
ff802b569f	Senior Royal Ranger Haghenge told me the snowy plateau can be reached through the caves whose entrance is not far from him.
ff93e45458	[BLUE](A young-looking sorceress)[] Oh, hi. I didn't expect to meet you again so soon.
ff975ca7d5	Hello. I'm glad to see you, though there's nothing to be glad about right now.
ff9e7b9b4a	In the square of Whitetower I met a little boy. He refused to talk about himself until I bring him something tasty; or I could ask the townsfolk about him.
ffa000e9fd	That you're a damn man, not a woman! You're as much a woman as I'm a minotaur!
ffa5aa3a3d	[BLUE](Alarion, in a disguise cloak, called out to you)[] Ready? Then let's move out. A royal guard loyal to me is waiting for us at the castle gates; he's one of those on duty tonight, so he can easily lead us to the part of the castle where Dariel is being held.
ffbafa40ff	I dealt with the criminals and passed Princess Bernadette's test.
ffbf22bad0	All right, thank you for agreeing to help me.
ffbf6a0f91	Damn, looks like I was a bit unlucky today.
ffc1af3ec3	[BLUE](and at the very bottom a puzzling note: "...writing it down so I don't forget: south passage - R-north, F-west, C,R-east; east passage - F-north, C-east, P-west, P-south; west passage - R,F-north, R-east, C-south)[]
ffc3244979	A Holy Mission
ffc79b9448	What? Is she serious? I wanted to deal with this myself! Oh well, I know my sister well: you can't change her mind however hard you try. This forester lives in the village by the southern city wall, though he goes off into the forest for long stretches, so if you're lucky you'll catch him at home.
ffc8e537cd	Adaon, get out of my sight before I kill you right here.
ffc9e435db	I see, I'll keep it in mind.
ffd1f3eaf0	[BLUE](the sword came down on Captain Greedy's neck, and his severed head fell from the table and rolled across the floor)[] Well, that's done with. Lilia, clean up here, and tell the head of the guards to collect this traitor's head; its place is on the city wall.
ffdaf879aa	Well, I'm courting a rich local lady here, and her requests are sometimes very particular. It was just while I was trying to fulfil one of her wishes that those freaks caught me.
ffde0ae84a	Agnius Northson and I are looking for hunters to hire for a job. Perhaps you'll be interested.
ffde756f2b	These madmen tried to roast me and eat me; luckily this hero came to my rescue again.
ffe10c8ef9	Rrawr-rrrr.
fff1914c35	[BLUE](The young, fragile-looking huntress you know)[] Hello, traveller. This is quite a cosy little place despite the frost. The local forests are full of all sorts of game. Want to go hunting with me?
fffbe2987e	Up north I came across the body of a sorceress. She carried a diary: she was trying to find a certain knight, to warn him of some danger and give him this cloak. Maybe you know who owns it?
fffd88fd94	I found and killed the huge bear; now I need to return to Baldwin and give him the beast's head.
ffff1e802d	Well, these ruins were once something like a teleportation beacon, and I sense it still works, despite its pitiful state. Just repeat after me the spell carved on the wall, then say the name of the one you're looking for.
